solid OpenSCAD_Model
  facet normal -0.803183 0.595732 0
    outer loop
      vertex -19.9553 13.3337 3
      vertex -18.5522 15.2254 15
      vertex -18.5522 15.2254 3
    endloop
  endfacet
  facet normal -0.803183 0.595732 0
    outer loop
      vertex -18.5522 15.2254 15
      vertex -19.9553 13.3337 3
      vertex -19.9553 13.3337 15
    endloop
  endfacet
  facet normal -0.803183 0.595732 0
    outer loop
      vertex -19.9553 13.3337 -15
      vertex -18.5522 15.2254 -3
      vertex -18.5522 15.2254 -15
    endloop
  endfacet
  facet normal -0.803183 0.595732 0
    outer loop
      vertex -18.5522 15.2254 -3
      vertex -19.9553 13.3337 -15
      vertex -19.9553 13.3337 -3
    endloop
  endfacet
  facet normal 0.989176 0.146736 0
    outer loop
      vertex 23.8844 2.35241 15
      vertex 23.5388 4.68217 3
      vertex 23.5388 4.68217 15
    endloop
  endfacet
  facet normal 0.989176 0.146736 0
    outer loop
      vertex 23.5388 4.68217 3
      vertex 23.8844 2.35241 15
      vertex 23.8844 2.35241 3
    endloop
  endfacet
  facet normal 0.989176 0.146736 0
    outer loop
      vertex 23.8844 2.35241 -3
      vertex 23.5388 4.68217 -15
      vertex 23.5388 4.68217 -3
    endloop
  endfacet
  facet normal 0.989176 0.146736 0
    outer loop
      vertex 23.5388 4.68217 -15
      vertex 23.8844 2.35241 -3
      vertex 23.8844 2.35241 -15
    endloop
  endfacet
  facet normal 0.998795 0.0490708 0
    outer loop
      vertex 23.9012 2.01046 15
      vertex 23.8844 2.35241 3
      vertex 23.8844 2.35241 15
    endloop
  endfacet
  facet normal 0.998795 0.0490708 0
    outer loop
      vertex 23.8844 2.35241 3
      vertex 23.9012 2.01046 15
      vertex 23.9012 2.01046 3
    endloop
  endfacet
  facet normal 0.998795 0.0490708 0
    outer loop
      vertex 23.9012 2.01046 -3
      vertex 23.8844 2.35241 -15
      vertex 23.8844 2.35241 -3
    endloop
  endfacet
  facet normal 0.998795 0.0490708 0
    outer loop
      vertex 23.8844 2.35241 -15
      vertex 23.9012 2.01046 -3
      vertex 23.9012 2.01046 -15
    endloop
  endfacet
  facet normal 0.970039 0.242949 0
    outer loop
      vertex 23.5388 4.68217 15
      vertex 22.9666 6.96683 3
      vertex 22.9666 6.96683 15
    endloop
  endfacet
  facet normal 0.970039 0.242949 0
    outer loop
      vertex 22.9666 6.96683 3
      vertex 23.5388 4.68217 15
      vertex 23.5388 4.68217 3
    endloop
  endfacet
  facet normal 0.970039 0.242949 0
    outer loop
      vertex 23.5388 4.68217 -3
      vertex 22.9666 6.96683 -15
      vertex 22.9666 6.96683 -3
    endloop
  endfacet
  facet normal 0.970039 0.242949 0
    outer loop
      vertex 22.9666 6.96683 -15
      vertex 23.5388 4.68217 -3
      vertex 23.5388 4.68217 -15
    endloop
  endfacet
  facet normal -0.595732 0.803183 0
    outer loop
      vertex -13.3337 19.9553 -15
      vertex -15.2254 18.5522 -3
      vertex -13.3337 19.9553 -3
    endloop
  endfacet
  facet normal -0.595732 0.803183 0
    outer loop
      vertex -15.2254 18.5522 -3
      vertex -13.3337 19.9553 -15
      vertex -15.2254 18.5522 -15
    endloop
  endfacet
  facet normal -0.595732 0.803183 0
    outer loop
      vertex -13.3337 19.9553 3
      vertex -15.2254 18.5522 15
      vertex -13.3337 19.9553 15
    endloop
  endfacet
  facet normal -0.595732 0.803183 0
    outer loop
      vertex -15.2254 18.5522 15
      vertex -13.3337 19.9553 3
      vertex -15.2254 18.5522 3
    endloop
  endfacet
  facet normal 0.941539 0.336905 0
    outer loop
      vertex 22.9666 6.96683 15
      vertex 22.1731 9.1844 3
      vertex 22.1731 9.1844 15
    endloop
  endfacet
  facet normal 0.941539 0.336905 0
    outer loop
      vertex 22.1731 9.1844 3
      vertex 22.9666 6.96683 15
      vertex 22.9666 6.96683 3
    endloop
  endfacet
  facet normal 0.941539 0.336905 0
    outer loop
      vertex 22.9666 6.96683 -3
      vertex 22.1731 9.1844 -15
      vertex 22.1731 9.1844 -3
    endloop
  endfacet
  facet normal 0.941539 0.336905 0
    outer loop
      vertex 22.1731 9.1844 -15
      vertex 22.9666 6.96683 -3
      vertex 22.9666 6.96683 -15
    endloop
  endfacet
  facet normal -0.989176 0.146736 0
    outer loop
      vertex -23.8844 2.35241 -15
      vertex -23.5388 4.68217 -3
      vertex -23.5388 4.68217 -15
    endloop
  endfacet
  facet normal -0.989176 0.146736 0
    outer loop
      vertex -23.5388 4.68217 -3
      vertex -23.8844 2.35241 -15
      vertex -23.8844 2.35241 -3
    endloop
  endfacet
  facet normal -0.989176 0.146736 0
    outer loop
      vertex -23.8844 2.35241 3
      vertex -23.5388 4.68217 15
      vertex -23.5388 4.68217 3
    endloop
  endfacet
  facet normal -0.989176 0.146736 0
    outer loop
      vertex -23.5388 4.68217 15
      vertex -23.8844 2.35241 3
      vertex -23.8844 2.35241 15
    endloop
  endfacet
  facet normal 0.671522 0.740984 -0
    outer loop
      vertex 16.9706 16.9706 3
      vertex 15.2254 18.5522 15
      vertex 16.9706 16.9706 15
    endloop
  endfacet
  facet normal 0.671522 0.740984 0
    outer loop
      vertex 15.2254 18.5522 15
      vertex 16.9706 16.9706 3
      vertex 15.2254 18.5522 3
    endloop
  endfacet
  facet normal 0.671522 0.740984 -0
    outer loop
      vertex 16.9706 16.9706 -15
      vertex 15.2254 18.5522 -3
      vertex 16.9706 16.9706 -3
    endloop
  endfacet
  facet normal 0.671522 0.740984 0
    outer loop
      vertex 15.2254 18.5522 -3
      vertex 16.9706 16.9706 -15
      vertex 15.2254 18.5522 -15
    endloop
  endfacet
  facet normal -0.941539 0.336905 0
    outer loop
      vertex -22.9666 6.96683 -15
      vertex -22.1731 9.1844 -3
      vertex -22.1731 9.1844 -15
    endloop
  endfacet
  facet normal -0.941539 0.336905 0
    outer loop
      vertex -22.1731 9.1844 -3
      vertex -22.9666 6.96683 -15
      vertex -22.9666 6.96683 -3
    endloop
  endfacet
  facet normal -0.941539 0.336905 0
    outer loop
      vertex -22.9666 6.96683 3
      vertex -22.1731 9.1844 15
      vertex -22.1731 9.1844 3
    endloop
  endfacet
  facet normal -0.941539 0.336905 0
    outer loop
      vertex -22.1731 9.1844 15
      vertex -22.9666 6.96683 3
      vertex -22.9666 6.96683 15
    endloop
  endfacet
  facet normal -0.85774 0.514084 0
    outer loop
      vertex -21.1661 11.3135 3
      vertex -19.9553 13.3337 15
      vertex -19.9553 13.3337 3
    endloop
  endfacet
  facet normal -0.85774 0.514084 0
    outer loop
      vertex -19.9553 13.3337 15
      vertex -21.1661 11.3135 3
      vertex -21.1661 11.3135 15
    endloop
  endfacet
  facet normal -0.85774 0.514084 0
    outer loop
      vertex -21.1661 11.3135 -15
      vertex -19.9553 13.3337 -3
      vertex -19.9553 13.3337 -15
    endloop
  endfacet
  facet normal -0.85774 0.514084 0
    outer loop
      vertex -19.9553 13.3337 -3
      vertex -21.1661 11.3135 -15
      vertex -21.1661 11.3135 -3
    endloop
  endfacet
  facet normal 0 0 -1
    outer loop
      vertex -13 15.1773 -15
      vertex -13.3337 19.9553 -15
      vertex -13 20.1553 -15
    endloop
  endfacet
  facet normal 0 0 -1
    outer loop
      vertex -16.9706 16.9706 -15
      vertex -13 15.1773 -15
      vertex -14.1421 14.1421 -15
    endloop
  endfacet
  facet normal 0 0 -1
    outer loop
      vertex -13 15.1773 -15
      vertex -15.2254 18.5522 -15
      vertex -13.3337 19.9553 -15
    endloop
  endfacet
  facet normal 0 0 -1
    outer loop
      vertex -16.9706 16.9706 -15
      vertex -14.1421 14.1421 -15
      vertex -15.4602 12.6879 -15
    endloop
  endfacet
  facet normal 0 0 -1
    outer loop
      vertex -18.5522 15.2254 -15
      vertex -15.4602 12.6879 -15
      vertex -16.6294 11.1114 -15
    endloop
  endfacet
  facet normal 0 0 -1
    outer loop
      vertex -13 15.1773 -15
      vertex -16.9706 16.9706 -15
      vertex -15.2254 18.5522 -15
    endloop
  endfacet
  facet normal 0 0 -1
    outer loop
      vertex -19.9553 13.3337 -15
      vertex -16.6294 11.1114 -15
      vertex -17.6384 9.42793 -15
    endloop
  endfacet
  facet normal 0 0 -1
    outer loop
      vertex -21.1661 11.3135 -15
      vertex -17.6384 9.42793 -15
      vertex -18.4776 7.65367 -15
    endloop
  endfacet
  facet normal 0 0 -1
    outer loop
      vertex -15.4602 12.6879 -15
      vertex -18.5522 15.2254 -15
      vertex -16.9706 16.9706 -15
    endloop
  endfacet
  facet normal 0 0 -1
    outer loop
      vertex -22.1731 9.1844 -15
      vertex -18.4776 7.65367 -15
      vertex -18.5999 7.31176 -15
    endloop
  endfacet
  facet normal 0 0 -1
    outer loop
      vertex -16.6294 11.1114 -15
      vertex -19.9553 13.3337 -15
      vertex -18.5522 15.2254 -15
    endloop
  endfacet
  facet normal 0 0 -1
    outer loop
      vertex -17.6384 9.42793 -15
      vertex -21.1661 11.3135 -15
      vertex -19.9553 13.3337 -15
    endloop
  endfacet
  facet normal 0 0 -1
    outer loop
      vertex -18.4776 7.65367 -15
      vertex -22.1731 9.1844 -15
      vertex -21.1661 11.3135 -15
    endloop
  endfacet
  facet normal -0 0 -1
    outer loop
      vertex -18.5999 7.31176 -15
      vertex -22.9666 6.96683 -15
      vertex -22.1731 9.1844 -15
    endloop
  endfacet
  facet normal 0 0 -1
    outer loop
      vertex -18.5999 7.31176 -15
      vertex -23.5388 4.68217 -15
      vertex -22.9666 6.96683 -15
    endloop
  endfacet
  facet normal 0 0 -1
    outer loop
      vertex -18.5999 7.31176 -15
      vertex -23.8844 2.35241 -15
      vertex -23.5388 4.68217 -15
    endloop
  endfacet
  facet normal 0 -0 -1
    outer loop
      vertex -23.8844 2.35241 -15
      vertex -18.5999 7.31176 -15
      vertex -23.9012 2.01046 -15
    endloop
  endfacet
  facet normal 0 0 -1
    outer loop
      vertex 18.5999 7.31176 -15
      vertex 23.8844 2.35241 -15
      vertex 23.9012 2.01046 -15
    endloop
  endfacet
  facet normal 0 0 -1
    outer loop
      vertex 23.8844 2.35241 -15
      vertex 18.5999 7.31176 -15
      vertex 23.5388 4.68217 -15
    endloop
  endfacet
  facet normal 0 0 -1
    outer loop
      vertex 23.5388 4.68217 -15
      vertex 18.5999 7.31176 -15
      vertex 22.9666 6.96683 -15
    endloop
  endfacet
  facet normal 0 0 -1
    outer loop
      vertex 22.9666 6.96683 -15
      vertex 18.5999 7.31176 -15
      vertex 22.1731 9.1844 -15
    endloop
  endfacet
  facet normal 0 0 -1
    outer loop
      vertex 18.4776 7.65367 -15
      vertex 22.1731 9.1844 -15
      vertex 18.5999 7.31176 -15
    endloop
  endfacet
  facet normal -0 0 -1
    outer loop
      vertex 22.1731 9.1844 -15
      vertex 18.4776 7.65367 -15
      vertex 21.1661 11.3135 -15
    endloop
  endfacet
  facet normal 0 0 -1
    outer loop
      vertex 17.6384 9.42793 -15
      vertex 21.1661 11.3135 -15
      vertex 18.4776 7.65367 -15
    endloop
  endfacet
  facet normal -0 0 -1
    outer loop
      vertex 21.1661 11.3135 -15
      vertex 17.6384 9.42793 -15
      vertex 19.9553 13.3337 -15
    endloop
  endfacet
  facet normal 0 0 -1
    outer loop
      vertex 16.6294 11.1114 -15
      vertex 19.9553 13.3337 -15
      vertex 17.6384 9.42793 -15
    endloop
  endfacet
  facet normal -0 0 -1
    outer loop
      vertex 19.9553 13.3337 -15
      vertex 16.6294 11.1114 -15
      vertex 18.5522 15.2254 -15
    endloop
  endfacet
  facet normal 0 0 -1
    outer loop
      vertex 15.4602 12.6879 -15
      vertex 18.5522 15.2254 -15
      vertex 16.6294 11.1114 -15
    endloop
  endfacet
  facet normal -0 0 -1
    outer loop
      vertex 18.5522 15.2254 -15
      vertex 15.4602 12.6879 -15
      vertex 16.9706 16.9706 -15
    endloop
  endfacet
  facet normal 0 0 -1
    outer loop
      vertex 14.1421 14.1421 -15
      vertex 16.9706 16.9706 -15
      vertex 15.4602 12.6879 -15
    endloop
  endfacet
  facet normal 0 0 -1
    outer loop
      vertex 13 15.1773 -15
      vertex 16.9706 16.9706 -15
      vertex 14.1421 14.1421 -15
    endloop
  endfacet
  facet normal -0 0 -1
    outer loop
      vertex 16.9706 16.9706 -15
      vertex 13 15.1773 -15
      vertex 15.2254 18.5522 -15
    endloop
  endfacet
  facet normal -0 0 -1
    outer loop
      vertex 15.2254 18.5522 -15
      vertex 13 15.1773 -15
      vertex 13.3337 19.9553 -15
    endloop
  endfacet
  facet normal -0 0 -1
    outer loop
      vertex 13.3337 19.9553 -15
      vertex 13 15.1773 -15
      vertex 13 20.1553 -15
    endloop
  endfacet
  facet normal -0.51408 0.857742 0
    outer loop
      vertex -13 20.1553 -15
      vertex -13.3337 19.9553 -3
      vertex -13 20.1553 -3
    endloop
  endfacet
  facet normal -0.51408 0.857742 0
    outer loop
      vertex -13.3337 19.9553 -3
      vertex -13 20.1553 -15
      vertex -13.3337 19.9553 -15
    endloop
  endfacet
  facet normal -0.51408 0.857742 0
    outer loop
      vertex -13 20.1553 3
      vertex -13.3337 19.9553 15
      vertex -13 20.1553 15
    endloop
  endfacet
  facet normal -0.51408 0.857742 0
    outer loop
      vertex -13.3337 19.9553 15
      vertex -13 20.1553 3
      vertex -13.3337 19.9553 3
    endloop
  endfacet
  facet normal 0.595732 0.803183 -0
    outer loop
      vertex 15.2254 18.5522 3
      vertex 13.3337 19.9553 15
      vertex 15.2254 18.5522 15
    endloop
  endfacet
  facet normal 0.595732 0.803183 0
    outer loop
      vertex 13.3337 19.9553 15
      vertex 15.2254 18.5522 3
      vertex 13.3337 19.9553 3
    endloop
  endfacet
  facet normal 0.595732 0.803183 -0
    outer loop
      vertex 15.2254 18.5522 -15
      vertex 13.3337 19.9553 -3
      vertex 15.2254 18.5522 -3
    endloop
  endfacet
  facet normal 0.595732 0.803183 0
    outer loop
      vertex 13.3337 19.9553 -3
      vertex 15.2254 18.5522 -15
      vertex 13.3337 19.9553 -15
    endloop
  endfacet
  facet normal 0.803183 0.595732 0
    outer loop
      vertex 19.9553 13.3337 15
      vertex 18.5522 15.2254 3
      vertex 18.5522 15.2254 15
    endloop
  endfacet
  facet normal 0.803183 0.595732 0
    outer loop
      vertex 18.5522 15.2254 3
      vertex 19.9553 13.3337 15
      vertex 19.9553 13.3337 3
    endloop
  endfacet
  facet normal 0.803183 0.595732 0
    outer loop
      vertex 19.9553 13.3337 -3
      vertex 18.5522 15.2254 -15
      vertex 18.5522 15.2254 -3
    endloop
  endfacet
  facet normal 0.803183 0.595732 0
    outer loop
      vertex 18.5522 15.2254 -15
      vertex 19.9553 13.3337 -3
      vertex 19.9553 13.3337 -15
    endloop
  endfacet
  facet normal 0.51408 0.857742 -0
    outer loop
      vertex 13.3337 19.9553 3
      vertex 13 20.1553 15
      vertex 13.3337 19.9553 15
    endloop
  endfacet
  facet normal 0.51408 0.857742 0
    outer loop
      vertex 13 20.1553 15
      vertex 13.3337 19.9553 3
      vertex 13 20.1553 3
    endloop
  endfacet
  facet normal 0.51408 0.857742 -0
    outer loop
      vertex 13.3337 19.9553 -15
      vertex 13 20.1553 -3
      vertex 13.3337 19.9553 -3
    endloop
  endfacet
  facet normal 0.51408 0.857742 0
    outer loop
      vertex 13 20.1553 -3
      vertex 13.3337 19.9553 -15
      vertex 13 20.1553 -15
    endloop
  endfacet
  facet normal 0.85774 0.514084 0
    outer loop
      vertex 21.1661 11.3135 15
      vertex 19.9553 13.3337 3
      vertex 19.9553 13.3337 15
    endloop
  endfacet
  facet normal 0.85774 0.514084 0
    outer loop
      vertex 19.9553 13.3337 3
      vertex 21.1661 11.3135 15
      vertex 21.1661 11.3135 3
    endloop
  endfacet
  facet normal 0.85774 0.514084 0
    outer loop
      vertex 21.1661 11.3135 -3
      vertex 19.9553 13.3337 -15
      vertex 19.9553 13.3337 -3
    endloop
  endfacet
  facet normal 0.85774 0.514084 0
    outer loop
      vertex 19.9553 13.3337 -15
      vertex 21.1661 11.3135 -3
      vertex 21.1661 11.3135 -15
    endloop
  endfacet
  facet normal 0.740984 0.671522 0
    outer loop
      vertex 18.5522 15.2254 15
      vertex 16.9706 16.9706 3
      vertex 16.9706 16.9706 15
    endloop
  endfacet
  facet normal 0.740984 0.671522 0
    outer loop
      vertex 16.9706 16.9706 3
      vertex 18.5522 15.2254 15
      vertex 18.5522 15.2254 3
    endloop
  endfacet
  facet normal 0.740984 0.671522 0
    outer loop
      vertex 18.5522 15.2254 -3
      vertex 16.9706 16.9706 -15
      vertex 16.9706 16.9706 -3
    endloop
  endfacet
  facet normal 0.740984 0.671522 0
    outer loop
      vertex 16.9706 16.9706 -15
      vertex 18.5522 15.2254 -3
      vertex 18.5522 15.2254 -15
    endloop
  endfacet
  facet normal -0.998795 0.0490708 0
    outer loop
      vertex -23.9012 2.01046 3
      vertex -23.8844 2.35241 15
      vertex -23.8844 2.35241 3
    endloop
  endfacet
  facet normal -0.998795 0.0490708 0
    outer loop
      vertex -23.8844 2.35241 15
      vertex -23.9012 2.01046 3
      vertex -23.9012 2.01046 15
    endloop
  endfacet
  facet normal -0.998795 0.0490708 0
    outer loop
      vertex -23.9012 2.01046 -15
      vertex -23.8844 2.35241 -3
      vertex -23.8844 2.35241 -15
    endloop
  endfacet
  facet normal -0.998795 0.0490708 0
    outer loop
      vertex -23.8844 2.35241 -3
      vertex -23.9012 2.01046 -15
      vertex -23.9012 2.01046 -3
    endloop
  endfacet
  facet normal -0.740984 0.671522 0
    outer loop
      vertex -18.5522 15.2254 3
      vertex -16.9706 16.9706 15
      vertex -16.9706 16.9706 3
    endloop
  endfacet
  facet normal -0.740984 0.671522 0
    outer loop
      vertex -16.9706 16.9706 15
      vertex -18.5522 15.2254 3
      vertex -18.5522 15.2254 15
    endloop
  endfacet
  facet normal -0.740984 0.671522 0
    outer loop
      vertex -18.5522 15.2254 -15
      vertex -16.9706 16.9706 -3
      vertex -16.9706 16.9706 -15
    endloop
  endfacet
  facet normal -0.740984 0.671522 0
    outer loop
      vertex -16.9706 16.9706 -3
      vertex -18.5522 15.2254 -15
      vertex -18.5522 15.2254 -3
    endloop
  endfacet
  facet normal 0.903988 0.427559 0
    outer loop
      vertex 22.1731 9.1844 15
      vertex 21.1661 11.3135 3
      vertex 21.1661 11.3135 15
    endloop
  endfacet
  facet normal 0.903988 0.427559 0
    outer loop
      vertex 21.1661 11.3135 3
      vertex 22.1731 9.1844 15
      vertex 22.1731 9.1844 3
    endloop
  endfacet
  facet normal 0.903988 0.427559 0
    outer loop
      vertex 22.1731 9.1844 -3
      vertex 21.1661 11.3135 -15
      vertex 21.1661 11.3135 -3
    endloop
  endfacet
  facet normal 0.903988 0.427559 0
    outer loop
      vertex 21.1661 11.3135 -15
      vertex 22.1731 9.1844 -3
      vertex 22.1731 9.1844 -15
    endloop
  endfacet
  facet normal -0.903988 0.427559 0
    outer loop
      vertex -22.1731 9.1844 3
      vertex -21.1661 11.3135 15
      vertex -21.1661 11.3135 3
    endloop
  endfacet
  facet normal -0.903988 0.427559 0
    outer loop
      vertex -21.1661 11.3135 15
      vertex -22.1731 9.1844 3
      vertex -22.1731 9.1844 15
    endloop
  endfacet
  facet normal -0.903988 0.427559 0
    outer loop
      vertex -22.1731 9.1844 -15
      vertex -21.1661 11.3135 -3
      vertex -21.1661 11.3135 -15
    endloop
  endfacet
  facet normal -0.903988 0.427559 0
    outer loop
      vertex -21.1661 11.3135 -3
      vertex -22.1731 9.1844 -15
      vertex -22.1731 9.1844 -3
    endloop
  endfacet
  facet normal -0.671522 0.740984 0
    outer loop
      vertex -15.2254 18.5522 3
      vertex -16.9706 16.9706 15
      vertex -15.2254 18.5522 15
    endloop
  endfacet
  facet normal -0.671522 0.740984 0
    outer loop
      vertex -16.9706 16.9706 15
      vertex -15.2254 18.5522 3
      vertex -16.9706 16.9706 3
    endloop
  endfacet
  facet normal -0.671522 0.740984 0
    outer loop
      vertex -15.2254 18.5522 -15
      vertex -16.9706 16.9706 -3
      vertex -15.2254 18.5522 -3
    endloop
  endfacet
  facet normal -0.671522 0.740984 0
    outer loop
      vertex -16.9706 16.9706 -3
      vertex -15.2254 18.5522 -15
      vertex -16.9706 16.9706 -15
    endloop
  endfacet
  facet normal -0.970039 0.242949 0
    outer loop
      vertex -23.5388 4.68217 -15
      vertex -22.9666 6.96683 -3
      vertex -22.9666 6.96683 -15
    endloop
  endfacet
  facet normal -0.970039 0.242949 0
    outer loop
      vertex -22.9666 6.96683 -3
      vertex -23.5388 4.68217 -15
      vertex -23.5388 4.68217 -3
    endloop
  endfacet
  facet normal -0.970039 0.242949 0
    outer loop
      vertex -23.5388 4.68217 3
      vertex -22.9666 6.96683 15
      vertex -22.9666 6.96683 3
    endloop
  endfacet
  facet normal -0.970039 0.242949 0
    outer loop
      vertex -22.9666 6.96683 15
      vertex -23.5388 4.68217 3
      vertex -23.5388 4.68217 15
    endloop
  endfacet
  facet normal 0 0 1
    outer loop
      vertex 18.5999 7.31176 15
      vertex 23.8844 2.35241 15
      vertex 23.5388 4.68217 15
    endloop
  endfacet
  facet normal 0 0 1
    outer loop
      vertex 18.5999 7.31176 15
      vertex 23.5388 4.68217 15
      vertex 22.9666 6.96683 15
    endloop
  endfacet
  facet normal -0 0 1
    outer loop
      vertex 18.5999 7.31176 15
      vertex 22.9666 6.96683 15
      vertex 22.1731 9.1844 15
    endloop
  endfacet
  facet normal 0 0 1
    outer loop
      vertex 18.4776 7.65367 15
      vertex 22.1731 9.1844 15
      vertex 21.1661 11.3135 15
    endloop
  endfacet
  facet normal 0 0 1
    outer loop
      vertex 17.6384 9.42793 15
      vertex 21.1661 11.3135 15
      vertex 19.9553 13.3337 15
    endloop
  endfacet
  facet normal 0 0 1
    outer loop
      vertex 23.8844 2.35241 15
      vertex 18.5999 7.31176 15
      vertex 23.9012 2.01046 15
    endloop
  endfacet
  facet normal 0 0 1
    outer loop
      vertex 16.6294 11.1114 15
      vertex 19.9553 13.3337 15
      vertex 18.5522 15.2254 15
    endloop
  endfacet
  facet normal 0 0 1
    outer loop
      vertex 22.1731 9.1844 15
      vertex 18.4776 7.65367 15
      vertex 18.5999 7.31176 15
    endloop
  endfacet
  facet normal 0 0 1
    outer loop
      vertex 21.1661 11.3135 15
      vertex 17.6384 9.42793 15
      vertex 18.4776 7.65367 15
    endloop
  endfacet
  facet normal 0 0 1
    outer loop
      vertex 15.4602 12.6879 15
      vertex 18.5522 15.2254 15
      vertex 16.9706 16.9706 15
    endloop
  endfacet
  facet normal 0 0 1
    outer loop
      vertex 19.9553 13.3337 15
      vertex 16.6294 11.1114 15
      vertex 17.6384 9.42793 15
    endloop
  endfacet
  facet normal 0 0 1
    outer loop
      vertex 18.5522 15.2254 15
      vertex 15.4602 12.6879 15
      vertex 16.6294 11.1114 15
    endloop
  endfacet
  facet normal 0 0 1
    outer loop
      vertex 13 15.1773 15
      vertex 16.9706 16.9706 15
      vertex 15.2254 18.5522 15
    endloop
  endfacet
  facet normal 0 0 1
    outer loop
      vertex 16.9706 16.9706 15
      vertex 14.1421 14.1421 15
      vertex 15.4602 12.6879 15
    endloop
  endfacet
  facet normal 0 0 1
    outer loop
      vertex 13 15.1773 15
      vertex 15.2254 18.5522 15
      vertex 13.3337 19.9553 15
    endloop
  endfacet
  facet normal 0 0 1
    outer loop
      vertex 13 15.1773 15
      vertex 13.3337 19.9553 15
      vertex 13 20.1553 15
    endloop
  endfacet
  facet normal 0 0 1
    outer loop
      vertex 16.9706 16.9706 15
      vertex 13 15.1773 15
      vertex 14.1421 14.1421 15
    endloop
  endfacet
  facet normal -0 0 1
    outer loop
      vertex -13.3337 19.9553 15
      vertex -13 15.1773 15
      vertex -13 20.1553 15
    endloop
  endfacet
  facet normal -0 0 1
    outer loop
      vertex -15.2254 18.5522 15
      vertex -13 15.1773 15
      vertex -13.3337 19.9553 15
    endloop
  endfacet
  facet normal -0 0 1
    outer loop
      vertex -16.9706 16.9706 15
      vertex -13 15.1773 15
      vertex -15.2254 18.5522 15
    endloop
  endfacet
  facet normal 0 0 1
    outer loop
      vertex -13 15.1773 15
      vertex -16.9706 16.9706 15
      vertex -14.1421 14.1421 15
    endloop
  endfacet
  facet normal 0 0 1
    outer loop
      vertex -14.1421 14.1421 15
      vertex -16.9706 16.9706 15
      vertex -15.4602 12.6879 15
    endloop
  endfacet
  facet normal -0 0 1
    outer loop
      vertex -18.5522 15.2254 15
      vertex -15.4602 12.6879 15
      vertex -16.9706 16.9706 15
    endloop
  endfacet
  facet normal 0 0 1
    outer loop
      vertex -15.4602 12.6879 15
      vertex -18.5522 15.2254 15
      vertex -16.6294 11.1114 15
    endloop
  endfacet
  facet normal -0 0 1
    outer loop
      vertex -19.9553 13.3337 15
      vertex -16.6294 11.1114 15
      vertex -18.5522 15.2254 15
    endloop
  endfacet
  facet normal 0 0 1
    outer loop
      vertex -16.6294 11.1114 15
      vertex -19.9553 13.3337 15
      vertex -17.6384 9.42793 15
    endloop
  endfacet
  facet normal -0 0 1
    outer loop
      vertex -21.1661 11.3135 15
      vertex -17.6384 9.42793 15
      vertex -19.9553 13.3337 15
    endloop
  endfacet
  facet normal 0 0 1
    outer loop
      vertex -17.6384 9.42793 15
      vertex -21.1661 11.3135 15
      vertex -18.4776 7.65367 15
    endloop
  endfacet
  facet normal -0 0 1
    outer loop
      vertex -22.1731 9.1844 15
      vertex -18.4776 7.65367 15
      vertex -21.1661 11.3135 15
    endloop
  endfacet
  facet normal 0 0 1
    outer loop
      vertex -18.4776 7.65367 15
      vertex -22.1731 9.1844 15
      vertex -18.5999 7.31176 15
    endloop
  endfacet
  facet normal 0 0 1
    outer loop
      vertex -22.9666 6.96683 15
      vertex -18.5999 7.31176 15
      vertex -22.1731 9.1844 15
    endloop
  endfacet
  facet normal 0 0 1
    outer loop
      vertex -23.5388 4.68217 15
      vertex -18.5999 7.31176 15
      vertex -22.9666 6.96683 15
    endloop
  endfacet
  facet normal 0 0 1
    outer loop
      vertex -23.8844 2.35241 15
      vertex -18.5999 7.31176 15
      vertex -23.5388 4.68217 15
    endloop
  endfacet
  facet normal 0 0 1
    outer loop
      vertex -18.5999 7.31176 15
      vertex -23.8844 2.35241 15
      vertex -23.9012 2.01046 15
    endloop
  endfacet
  facet normal -0.80321 -0.595695 0
    outer loop
      vertex 16.6294 11.1114 -15
      vertex 15.4602 12.6879 -3
      vertex 15.4602 12.6879 -15
    endloop
  endfacet
  facet normal -0.80321 -0.595695 0
    outer loop
      vertex 15.4602 12.6879 -3
      vertex 16.6294 11.1114 -15
      vertex 16.6294 11.1114 -3
    endloop
  endfacet
  facet normal -0.80321 -0.595695 0
    outer loop
      vertex 16.6294 11.1114 3
      vertex 15.4602 12.6879 15
      vertex 15.4602 12.6879 3
    endloop
  endfacet
  facet normal -0.80321 -0.595695 0
    outer loop
      vertex 15.4602 12.6879 15
      vertex 16.6294 11.1114 3
      vertex 16.6294 11.1114 15
    endloop
  endfacet
  facet normal 0.941577 -0.336799 0
    outer loop
      vertex -18.5999 7.31176 -3
      vertex -18.4776 7.65367 -15
      vertex -18.4776 7.65367 -3
    endloop
  endfacet
  facet normal 0.941577 -0.336799 0
    outer loop
      vertex -18.4776 7.65367 -15
      vertex -18.5999 7.31176 -3
      vertex -18.5999 7.31176 -15
    endloop
  endfacet
  facet normal 0.941577 -0.336799 0
    outer loop
      vertex -18.5999 7.31176 15
      vertex -18.4776 7.65367 3
      vertex -18.4776 7.65367 15
    endloop
  endfacet
  facet normal 0.941577 -0.336799 0
    outer loop
      vertex -18.4776 7.65367 3
      vertex -18.5999 7.31176 15
      vertex -18.5999 7.31176 3
    endloop
  endfacet
  facet normal -0.671581 -0.740931 0
    outer loop
      vertex 13 15.1773 -15
      vertex 14.1421 14.1421 -3
      vertex 13 15.1773 -3
    endloop
  endfacet
  facet normal -0.671581 -0.740931 -0
    outer loop
      vertex 14.1421 14.1421 -3
      vertex 13 15.1773 -15
      vertex 14.1421 14.1421 -15
    endloop
  endfacet
  facet normal -0.671581 -0.740931 0
    outer loop
      vertex 13 15.1773 3
      vertex 14.1421 14.1421 15
      vertex 13 15.1773 15
    endloop
  endfacet
  facet normal -0.671581 -0.740931 -0
    outer loop
      vertex 14.1421 14.1421 15
      vertex 13 15.1773 3
      vertex 14.1421 14.1421 3
    endloop
  endfacet
  facet normal -0.903982 -0.427571 0
    outer loop
      vertex 18.4776 7.65367 -15
      vertex 17.6384 9.42793 -3
      vertex 17.6384 9.42793 -15
    endloop
  endfacet
  facet normal -0.903982 -0.427571 0
    outer loop
      vertex 17.6384 9.42793 -3
      vertex 18.4776 7.65367 -15
      vertex 18.4776 7.65367 -3
    endloop
  endfacet
  facet normal -0.903982 -0.427571 0
    outer loop
      vertex 18.4776 7.65367 3
      vertex 17.6384 9.42793 15
      vertex 17.6384 9.42793 3
    endloop
  endfacet
  facet normal -0.903982 -0.427571 0
    outer loop
      vertex 17.6384 9.42793 15
      vertex 18.4776 7.65367 3
      vertex 18.4776 7.65367 15
    endloop
  endfacet
  facet normal 0.740928 -0.671584 0
    outer loop
      vertex -15.4602 12.6879 -3
      vertex -14.1421 14.1421 -15
      vertex -14.1421 14.1421 -3
    endloop
  endfacet
  facet normal 0.740928 -0.671584 0
    outer loop
      vertex -14.1421 14.1421 -15
      vertex -15.4602 12.6879 -3
      vertex -15.4602 12.6879 -15
    endloop
  endfacet
  facet normal 0.740928 -0.671584 0
    outer loop
      vertex -15.4602 12.6879 15
      vertex -14.1421 14.1421 3
      vertex -14.1421 14.1421 15
    endloop
  endfacet
  facet normal 0.740928 -0.671584 0
    outer loop
      vertex -14.1421 14.1421 3
      vertex -15.4602 12.6879 15
      vertex -15.4602 12.6879 3
    endloop
  endfacet
  facet normal -0.941577 -0.336799 0
    outer loop
      vertex 18.5999 7.31176 -15
      vertex 18.4776 7.65367 -3
      vertex 18.4776 7.65367 -15
    endloop
  endfacet
  facet normal -0.941577 -0.336799 0
    outer loop
      vertex 18.4776 7.65367 -3
      vertex 18.5999 7.31176 -15
      vertex 18.5999 7.31176 -3
    endloop
  endfacet
  facet normal -0.941577 -0.336799 0
    outer loop
      vertex 18.5999 7.31176 3
      vertex 18.4776 7.65367 15
      vertex 18.4776 7.65367 3
    endloop
  endfacet
  facet normal -0.941577 -0.336799 0
    outer loop
      vertex 18.4776 7.65367 15
      vertex 18.5999 7.31176 3
      vertex 18.5999 7.31176 15
    endloop
  endfacet
  facet normal -0.857736 -0.51409 0
    outer loop
      vertex 17.6384 9.42793 -15
      vertex 16.6294 11.1114 -3
      vertex 16.6294 11.1114 -15
    endloop
  endfacet
  facet normal -0.857736 -0.51409 0
    outer loop
      vertex 16.6294 11.1114 -3
      vertex 17.6384 9.42793 -15
      vertex 17.6384 9.42793 -3
    endloop
  endfacet
  facet normal -0.857736 -0.51409 0
    outer loop
      vertex 17.6384 9.42793 3
      vertex 16.6294 11.1114 15
      vertex 16.6294 11.1114 3
    endloop
  endfacet
  facet normal -0.857736 -0.51409 0
    outer loop
      vertex 16.6294 11.1114 15
      vertex 17.6384 9.42793 3
      vertex 17.6384 9.42793 15
    endloop
  endfacet
  facet normal -0.740928 -0.671584 0
    outer loop
      vertex 15.4602 12.6879 -15
      vertex 14.1421 14.1421 -3
      vertex 14.1421 14.1421 -15
    endloop
  endfacet
  facet normal -0.740928 -0.671584 0
    outer loop
      vertex 14.1421 14.1421 -3
      vertex 15.4602 12.6879 -15
      vertex 15.4602 12.6879 -3
    endloop
  endfacet
  facet normal -0.740928 -0.671584 0
    outer loop
      vertex 15.4602 12.6879 3
      vertex 14.1421 14.1421 15
      vertex 14.1421 14.1421 3
    endloop
  endfacet
  facet normal -0.740928 -0.671584 0
    outer loop
      vertex 14.1421 14.1421 15
      vertex 15.4602 12.6879 3
      vertex 15.4602 12.6879 15
    endloop
  endfacet
  facet normal 0.671581 -0.740931 0
    outer loop
      vertex -14.1421 14.1421 -15
      vertex -13 15.1773 -3
      vertex -14.1421 14.1421 -3
    endloop
  endfacet
  facet normal 0.671581 -0.740931 0
    outer loop
      vertex -13 15.1773 -3
      vertex -14.1421 14.1421 -15
      vertex -13 15.1773 -15
    endloop
  endfacet
  facet normal 0.671581 -0.740931 0
    outer loop
      vertex -14.1421 14.1421 3
      vertex -13 15.1773 15
      vertex -14.1421 14.1421 15
    endloop
  endfacet
  facet normal 0.671581 -0.740931 0
    outer loop
      vertex -13 15.1773 15
      vertex -14.1421 14.1421 3
      vertex -13 15.1773 3
    endloop
  endfacet
  facet normal 0.80321 -0.595695 0
    outer loop
      vertex -16.6294 11.1114 -3
      vertex -15.4602 12.6879 -15
      vertex -15.4602 12.6879 -3
    endloop
  endfacet
  facet normal 0.80321 -0.595695 0
    outer loop
      vertex -15.4602 12.6879 -15
      vertex -16.6294 11.1114 -3
      vertex -16.6294 11.1114 -15
    endloop
  endfacet
  facet normal 0.80321 -0.595695 0
    outer loop
      vertex -16.6294 11.1114 15
      vertex -15.4602 12.6879 3
      vertex -15.4602 12.6879 15
    endloop
  endfacet
  facet normal 0.80321 -0.595695 0
    outer loop
      vertex -15.4602 12.6879 3
      vertex -16.6294 11.1114 15
      vertex -16.6294 11.1114 3
    endloop
  endfacet
  facet normal 0.857736 -0.51409 0
    outer loop
      vertex -17.6384 9.42793 -3
      vertex -16.6294 11.1114 -15
      vertex -16.6294 11.1114 -3
    endloop
  endfacet
  facet normal 0.857736 -0.51409 0
    outer loop
      vertex -16.6294 11.1114 -15
      vertex -17.6384 9.42793 -3
      vertex -17.6384 9.42793 -15
    endloop
  endfacet
  facet normal 0.857736 -0.51409 0
    outer loop
      vertex -17.6384 9.42793 15
      vertex -16.6294 11.1114 3
      vertex -16.6294 11.1114 15
    endloop
  endfacet
  facet normal 0.857736 -0.51409 0
    outer loop
      vertex -16.6294 11.1114 3
      vertex -17.6384 9.42793 15
      vertex -17.6384 9.42793 3
    endloop
  endfacet
  facet normal 0.903982 -0.427571 0
    outer loop
      vertex -18.4776 7.65367 -3
      vertex -17.6384 9.42793 -15
      vertex -17.6384 9.42793 -3
    endloop
  endfacet
  facet normal 0.903982 -0.427571 0
    outer loop
      vertex -17.6384 9.42793 -15
      vertex -18.4776 7.65367 -3
      vertex -18.4776 7.65367 -15
    endloop
  endfacet
  facet normal 0.903982 -0.427571 0
    outer loop
      vertex -18.4776 7.65367 15
      vertex -17.6384 9.42793 3
      vertex -17.6384 9.42793 15
    endloop
  endfacet
  facet normal 0.903982 -0.427571 0
    outer loop
      vertex -17.6384 9.42793 3
      vertex -18.4776 7.65367 15
      vertex -18.4776 7.65367 3
    endloop
  endfacet
  facet normal -1 0 0
    outer loop
      vertex 13 15.1773 3
      vertex 13 20.1553 15
      vertex 13 20.1553 3
    endloop
  endfacet
  facet normal -1 -0 0
    outer loop
      vertex 13 20.1553 15
      vertex 13 15.1773 3
      vertex 13 15.1773 15
    endloop
  endfacet
  facet normal -1 0 0
    outer loop
      vertex 13 15.1773 -15
      vertex 13 20.1553 -3
      vertex 13 20.1553 -15
    endloop
  endfacet
  facet normal -1 -0 0
    outer loop
      vertex 13 20.1553 -3
      vertex 13 15.1773 -15
      vertex 13 15.1773 -3
    endloop
  endfacet
  facet normal 1 -0 0
    outer loop
      vertex -13 15.1773 -3
      vertex -13 20.1553 -15
      vertex -13 20.1553 -3
    endloop
  endfacet
  facet normal 1 0 0
    outer loop
      vertex -13 20.1553 -15
      vertex -13 15.1773 -3
      vertex -13 15.1773 -15
    endloop
  endfacet
  facet normal 1 -0 0
    outer loop
      vertex -13 15.1773 15
      vertex -13 20.1553 3
      vertex -13 20.1553 15
    endloop
  endfacet
  facet normal 1 0 0
    outer loop
      vertex -13 20.1553 3
      vertex -13 15.1773 15
      vertex -13 15.1773 3
    endloop
  endfacet
  facet normal 0.707107 -0.707107 0
    outer loop
      vertex -23.9012 2.01046 3
      vertex -18.5999 7.31176 15
      vertex -23.9012 2.01046 15
    endloop
  endfacet
  facet normal 0.707107 -0.707107 0
    outer loop
      vertex -18.5999 7.31176 15
      vertex -23.9012 2.01046 3
      vertex -18.5999 7.31176 3
    endloop
  endfacet
  facet normal 0.707107 -0.707107 0
    outer loop
      vertex -23.9012 2.01046 -15
      vertex -18.5999 7.31176 -3
      vertex -23.9012 2.01046 -3
    endloop
  endfacet
  facet normal 0.707107 -0.707107 0
    outer loop
      vertex -18.5999 7.31176 -3
      vertex -23.9012 2.01046 -15
      vertex -18.5999 7.31176 -15
    endloop
  endfacet
  facet normal -0.707107 -0.707107 0
    outer loop
      vertex 18.5999 7.31176 -15
      vertex 23.9012 2.01046 -3
      vertex 18.5999 7.31176 -3
    endloop
  endfacet
  facet normal -0.707107 -0.707107 -0
    outer loop
      vertex 23.9012 2.01046 -3
      vertex 18.5999 7.31176 -15
      vertex 23.9012 2.01046 -15
    endloop
  endfacet
  facet normal -0.707107 -0.707107 0
    outer loop
      vertex 18.5999 7.31176 3
      vertex 23.9012 2.01046 15
      vertex 18.5999 7.31176 15
    endloop
  endfacet
  facet normal -0.707107 -0.707107 -0
    outer loop
      vertex 23.9012 2.01046 15
      vertex 18.5999 7.31176 3
      vertex 23.9012 2.01046 3
    endloop
  endfacet
  facet normal 0.989174 -0.146746 0
    outer loop
      vertex 14.9712 24.7074 -8
      vertex 14.9928 24.853 -14
      vertex 14.9928 24.853 -8
    endloop
  endfacet
  facet normal 0.989174 -0.146746 0
    outer loop
      vertex 14.9928 24.853 -14
      vertex 14.9712 24.7074 -8
      vertex 14.9712 24.7074 -14
    endloop
  endfacet
  facet normal 0.998803 -0.0489209 0
    outer loop
      vertex 14.9928 24.853 -8
      vertex 15 25 -14
      vertex 15 25 -8
    endloop
  endfacet
  facet normal 0.998803 -0.0489209 0
    outer loop
      vertex 15 25 -14
      vertex 14.9928 24.853 -8
      vertex 14.9928 24.853 -14
    endloop
  endfacet
  facet normal 0.336939 0.941527 -0
    outer loop
      vertex 14.074 35.3858 -14
      vertex 13.9354 35.4354 -8
      vertex 14.074 35.3858 -8
    endloop
  endfacet
  facet normal 0.336939 0.941527 0
    outer loop
      vertex 13.9354 35.4354 -8
      vertex 14.074 35.3858 -14
      vertex 13.9354 35.4354 -14
    endloop
  endfacet
  facet normal -0.595861 -0.803088 0
    outer loop
      vertex -14.4516 23.8405 -14
      vertex -14.3334 23.7528 -8
      vertex -14.4516 23.8405 -8
    endloop
  endfacet
  facet normal -0.595861 -0.803088 -0
    outer loop
      vertex -14.3334 23.7528 -8
      vertex -14.4516 23.8405 -14
      vertex -14.3334 23.7528 -14
    endloop
  endfacet
  facet normal 0.243175 0.969982 -0
    outer loop
      vertex 13.9354 35.4354 -14
      vertex 13.7926 35.4712 -8
      vertex 13.9354 35.4354 -8
    endloop
  endfacet
  facet normal 0.243175 0.969982 0
    outer loop
      vertex 13.7926 35.4712 -8
      vertex 13.9354 35.4354 -14
      vertex 13.7926 35.4712 -14
    endloop
  endfacet
  facet normal 0.671251 0.74123 -0
    outer loop
      vertex 14.5607 35.0607 -14
      vertex 14.4516 35.1595 -8
      vertex 14.5607 35.0607 -8
    endloop
  endfacet
  facet normal 0.671251 0.74123 0
    outer loop
      vertex 14.4516 35.1595 -8
      vertex 14.5607 35.0607 -14
      vertex 14.4516 35.1595 -14
    endloop
  endfacet
  facet normal 0.595861 -0.803088 0
    outer loop
      vertex 14.3334 23.7528 -14
      vertex 14.4516 23.8405 -8
      vertex 14.3334 23.7528 -8
    endloop
  endfacet
  facet normal 0.595861 -0.803088 0
    outer loop
      vertex 14.4516 23.8405 -8
      vertex 14.3334 23.7528 -14
      vertex 14.4516 23.8405 -14
    endloop
  endfacet
  facet normal -1 0 0
    outer loop
      vertex -15 25 -14
      vertex -15 34 -8
      vertex -15 34 -14
    endloop
  endfacet
  facet normal -1 -0 0
    outer loop
      vertex -15 34 -8
      vertex -15 25 -14
      vertex -15 25 -8
    endloop
  endfacet
  facet normal 0 1 -0
    outer loop
      vertex 13.5 35.5 -14
      vertex -13.5 35.5 -8
      vertex 13.5 35.5 -8
    endloop
  endfacet
  facet normal 0 1 0
    outer loop
      vertex -13.5 35.5 -8
      vertex 13.5 35.5 -14
      vertex -13.5 35.5 -14
    endloop
  endfacet
  facet normal -0.146746 -0.989174 0
    outer loop
      vertex -13.7926 23.5288 -14
      vertex -13.647 23.5072 -8
      vertex -13.7926 23.5288 -8
    endloop
  endfacet
  facet normal -0.146746 -0.989174 -0
    outer loop
      vertex -13.647 23.5072 -8
      vertex -13.7926 23.5288 -14
      vertex -13.647 23.5072 -14
    endloop
  endfacet
  facet normal -0.969982 -0.243175 0
    outer loop
      vertex -14.9354 24.5646 -14
      vertex -14.9712 24.7074 -8
      vertex -14.9712 24.7074 -14
    endloop
  endfacet
  facet normal -0.969982 -0.243175 0
    outer loop
      vertex -14.9712 24.7074 -8
      vertex -14.9354 24.5646 -14
      vertex -14.9354 24.5646 -8
    endloop
  endfacet
  facet normal -0.336939 -0.941527 0
    outer loop
      vertex -14.074 23.6142 -14
      vertex -13.9354 23.5646 -8
      vertex -14.074 23.6142 -8
    endloop
  endfacet
  facet normal -0.336939 -0.941527 -0
    outer loop
      vertex -13.9354 23.5646 -8
      vertex -14.074 23.6142 -14
      vertex -13.9354 23.5646 -14
    endloop
  endfacet
  facet normal 0.969982 -0.243175 0
    outer loop
      vertex 14.9354 24.5646 -8
      vertex 14.9712 24.7074 -14
      vertex 14.9712 24.7074 -8
    endloop
  endfacet
  facet normal 0.969982 -0.243175 0
    outer loop
      vertex 14.9712 24.7074 -14
      vertex 14.9354 24.5646 -8
      vertex 14.9354 24.5646 -14
    endloop
  endfacet
  facet normal 1 -0 0
    outer loop
      vertex 15 25 -8
      vertex 15 34 -14
      vertex 15 34 -8
    endloop
  endfacet
  facet normal 1 0 0
    outer loop
      vertex 15 34 -14
      vertex 15 25 -8
      vertex 15 25 -14
    endloop
  endfacet
  facet normal -0.0489209 0.998803 0
    outer loop
      vertex -13.5 35.5 -14
      vertex -13.647 35.4928 -8
      vertex -13.5 35.5 -8
    endloop
  endfacet
  facet normal -0.0489209 0.998803 0
    outer loop
      vertex -13.647 35.4928 -8
      vertex -13.5 35.5 -14
      vertex -13.647 35.4928 -14
    endloop
  endfacet
  facet normal 0.595861 0.803088 -0
    outer loop
      vertex 14.4516 35.1595 -14
      vertex 14.3334 35.2472 -8
      vertex 14.4516 35.1595 -8
    endloop
  endfacet
  facet normal 0.595861 0.803088 0
    outer loop
      vertex 14.3334 35.2472 -8
      vertex 14.4516 35.1595 -14
      vertex 14.3334 35.2472 -14
    endloop
  endfacet
  facet normal 0.904125 0.427269 0
    outer loop
      vertex 14.8858 34.574 -8
      vertex 14.8229 34.7071 -14
      vertex 14.8229 34.7071 -8
    endloop
  endfacet
  facet normal 0.904125 0.427269 0
    outer loop
      vertex 14.8229 34.7071 -14
      vertex 14.8858 34.574 -8
      vertex 14.8858 34.574 -14
    endloop
  endfacet
  facet normal -0.427269 -0.904125 0
    outer loop
      vertex -14.2071 23.6771 -14
      vertex -14.074 23.6142 -8
      vertex -14.2071 23.6771 -8
    endloop
  endfacet
  facet normal -0.427269 -0.904125 -0
    outer loop
      vertex -14.074 23.6142 -8
      vertex -14.2071 23.6771 -14
      vertex -14.074 23.6142 -14
    endloop
  endfacet
  facet normal -0.514096 0.857733 0
    outer loop
      vertex -14.2071 35.3229 -14
      vertex -14.3334 35.2472 -8
      vertex -14.2071 35.3229 -8
    endloop
  endfacet
  facet normal -0.514096 0.857733 0
    outer loop
      vertex -14.3334 35.2472 -8
      vertex -14.2071 35.3229 -14
      vertex -14.3334 35.2472 -14
    endloop
  endfacet
  facet normal -0.998803 0.0489209 0
    outer loop
      vertex -15 34 -14
      vertex -14.9928 34.147 -8
      vertex -14.9928 34.147 -14
    endloop
  endfacet
  facet normal -0.998803 0.0489209 0
    outer loop
      vertex -14.9928 34.147 -8
      vertex -15 34 -14
      vertex -15 34 -8
    endloop
  endfacet
  facet normal 0.941527 -0.336939 0
    outer loop
      vertex 14.8858 24.426 -8
      vertex 14.9354 24.5646 -14
      vertex 14.9354 24.5646 -8
    endloop
  endfacet
  facet normal 0.941527 -0.336939 0
    outer loop
      vertex 14.9354 24.5646 -14
      vertex 14.8858 24.426 -8
      vertex 14.8858 24.426 -14
    endloop
  endfacet
  facet normal -0.243175 -0.969982 0
    outer loop
      vertex -13.9354 23.5646 -14
      vertex -13.7926 23.5288 -8
      vertex -13.9354 23.5646 -8
    endloop
  endfacet
  facet normal -0.243175 -0.969982 -0
    outer loop
      vertex -13.7926 23.5288 -8
      vertex -13.9354 23.5646 -14
      vertex -13.7926 23.5288 -14
    endloop
  endfacet
  facet normal -0.803088 0.595861 0
    outer loop
      vertex -14.7472 34.8334 -14
      vertex -14.6595 34.9516 -8
      vertex -14.6595 34.9516 -14
    endloop
  endfacet
  facet normal -0.803088 0.595861 0
    outer loop
      vertex -14.6595 34.9516 -8
      vertex -14.7472 34.8334 -14
      vertex -14.7472 34.8334 -8
    endloop
  endfacet
  facet normal 0.146746 0.989174 -0
    outer loop
      vertex 13.7926 35.4712 -14
      vertex 13.647 35.4928 -8
      vertex 13.7926 35.4712 -8
    endloop
  endfacet
  facet normal 0.146746 0.989174 0
    outer loop
      vertex 13.647 35.4928 -8
      vertex 13.7926 35.4712 -14
      vertex 13.647 35.4928 -14
    endloop
  endfacet
  facet normal -0.904125 -0.427269 0
    outer loop
      vertex -14.8229 24.2929 -14
      vertex -14.8858 24.426 -8
      vertex -14.8858 24.426 -14
    endloop
  endfacet
  facet normal -0.904125 -0.427269 0
    outer loop
      vertex -14.8858 24.426 -8
      vertex -14.8229 24.2929 -14
      vertex -14.8229 24.2929 -8
    endloop
  endfacet
  facet normal 0.803088 0.595861 0
    outer loop
      vertex 14.7472 34.8334 -8
      vertex 14.6595 34.9516 -14
      vertex 14.6595 34.9516 -8
    endloop
  endfacet
  facet normal 0.803088 0.595861 0
    outer loop
      vertex 14.6595 34.9516 -14
      vertex 14.7472 34.8334 -8
      vertex 14.7472 34.8334 -14
    endloop
  endfacet
  facet normal 0.0489209 0.998803 -0
    outer loop
      vertex 13.647 35.4928 -14
      vertex 13.5 35.5 -8
      vertex 13.647 35.4928 -8
    endloop
  endfacet
  facet normal 0.0489209 0.998803 0
    outer loop
      vertex 13.5 35.5 -8
      vertex 13.647 35.4928 -14
      vertex 13.5 35.5 -14
    endloop
  endfacet
  facet normal 0.0489209 -0.998803 0
    outer loop
      vertex 13.5 23.5 -14
      vertex 13.647 23.5072 -8
      vertex 13.5 23.5 -8
    endloop
  endfacet
  facet normal 0.0489209 -0.998803 0
    outer loop
      vertex 13.647 23.5072 -8
      vertex 13.5 23.5 -14
      vertex 13.647 23.5072 -14
    endloop
  endfacet
  facet normal -0.671251 0.74123 0
    outer loop
      vertex -14.4516 35.1595 -14
      vertex -14.5607 35.0607 -8
      vertex -14.4516 35.1595 -8
    endloop
  endfacet
  facet normal -0.671251 0.74123 0
    outer loop
      vertex -14.5607 35.0607 -8
      vertex -14.4516 35.1595 -14
      vertex -14.5607 35.0607 -14
    endloop
  endfacet
  facet normal 0.904125 -0.427269 0
    outer loop
      vertex 14.8229 24.2929 -8
      vertex 14.8858 24.426 -14
      vertex 14.8858 24.426 -8
    endloop
  endfacet
  facet normal 0.904125 -0.427269 0
    outer loop
      vertex 14.8858 24.426 -14
      vertex 14.8229 24.2929 -8
      vertex 14.8229 24.2929 -14
    endloop
  endfacet
  facet normal -0.998803 -0.0489209 0
    outer loop
      vertex -14.9928 24.853 -14
      vertex -15 25 -8
      vertex -15 25 -14
    endloop
  endfacet
  facet normal -0.998803 -0.0489209 0
    outer loop
      vertex -15 25 -8
      vertex -14.9928 24.853 -14
      vertex -14.9928 24.853 -8
    endloop
  endfacet
  facet normal 0 -1 0
    outer loop
      vertex -13.5 23.5 -14
      vertex 13.5 23.5 -8
      vertex -13.5 23.5 -8
    endloop
  endfacet
  facet normal 0 -1 -0
    outer loop
      vertex 13.5 23.5 -8
      vertex -13.5 23.5 -14
      vertex 13.5 23.5 -14
    endloop
  endfacet
  facet normal -0.857733 -0.514096 0
    outer loop
      vertex -14.7472 24.1666 -14
      vertex -14.8229 24.2929 -8
      vertex -14.8229 24.2929 -14
    endloop
  endfacet
  facet normal -0.857733 -0.514096 0
    outer loop
      vertex -14.8229 24.2929 -8
      vertex -14.7472 24.1666 -14
      vertex -14.7472 24.1666 -8
    endloop
  endfacet
  facet normal 0.803088 -0.595861 0
    outer loop
      vertex 14.6595 24.0484 -8
      vertex 14.7472 24.1666 -14
      vertex 14.7472 24.1666 -8
    endloop
  endfacet
  facet normal 0.803088 -0.595861 0
    outer loop
      vertex 14.7472 24.1666 -14
      vertex 14.6595 24.0484 -8
      vertex 14.6595 24.0484 -14
    endloop
  endfacet
  facet normal -0.74123 -0.671251 0
    outer loop
      vertex -14.5607 23.9393 -14
      vertex -14.6595 24.0484 -8
      vertex -14.6595 24.0484 -14
    endloop
  endfacet
  facet normal -0.74123 -0.671251 0
    outer loop
      vertex -14.6595 24.0484 -8
      vertex -14.5607 23.9393 -14
      vertex -14.5607 23.9393 -8
    endloop
  endfacet
  facet normal -0.336939 0.941527 0
    outer loop
      vertex -13.9354 35.4354 -14
      vertex -14.074 35.3858 -8
      vertex -13.9354 35.4354 -8
    endloop
  endfacet
  facet normal -0.336939 0.941527 0
    outer loop
      vertex -14.074 35.3858 -8
      vertex -13.9354 35.4354 -14
      vertex -14.074 35.3858 -14
    endloop
  endfacet
  facet normal -0.514096 -0.857733 0
    outer loop
      vertex -14.3334 23.7528 -14
      vertex -14.2071 23.6771 -8
      vertex -14.3334 23.7528 -8
    endloop
  endfacet
  facet normal -0.514096 -0.857733 -0
    outer loop
      vertex -14.2071 23.6771 -8
      vertex -14.3334 23.7528 -14
      vertex -14.2071 23.6771 -14
    endloop
  endfacet
  facet normal -0.941527 -0.336939 0
    outer loop
      vertex -14.8858 24.426 -14
      vertex -14.9354 24.5646 -8
      vertex -14.9354 24.5646 -14
    endloop
  endfacet
  facet normal -0.941527 -0.336939 0
    outer loop
      vertex -14.9354 24.5646 -8
      vertex -14.8858 24.426 -14
      vertex -14.8858 24.426 -8
    endloop
  endfacet
  facet normal -0.0489209 -0.998803 0
    outer loop
      vertex -13.647 23.5072 -14
      vertex -13.5 23.5 -8
      vertex -13.647 23.5072 -8
    endloop
  endfacet
  facet normal -0.0489209 -0.998803 -0
    outer loop
      vertex -13.5 23.5 -8
      vertex -13.647 23.5072 -14
      vertex -13.5 23.5 -14
    endloop
  endfacet
  facet normal -0.803088 -0.595861 0
    outer loop
      vertex -14.6595 24.0484 -14
      vertex -14.7472 24.1666 -8
      vertex -14.7472 24.1666 -14
    endloop
  endfacet
  facet normal -0.803088 -0.595861 0
    outer loop
      vertex -14.7472 24.1666 -8
      vertex -14.6595 24.0484 -14
      vertex -14.6595 24.0484 -8
    endloop
  endfacet
  facet normal 0.336939 -0.941527 0
    outer loop
      vertex 13.9354 23.5646 -14
      vertex 14.074 23.6142 -8
      vertex 13.9354 23.5646 -8
    endloop
  endfacet
  facet normal 0.336939 -0.941527 0
    outer loop
      vertex 14.074 23.6142 -8
      vertex 13.9354 23.5646 -14
      vertex 14.074 23.6142 -14
    endloop
  endfacet
  facet normal -0.74123 0.671251 0
    outer loop
      vertex -14.6595 34.9516 -14
      vertex -14.5607 35.0607 -8
      vertex -14.5607 35.0607 -14
    endloop
  endfacet
  facet normal -0.74123 0.671251 0
    outer loop
      vertex -14.5607 35.0607 -8
      vertex -14.6595 34.9516 -14
      vertex -14.6595 34.9516 -8
    endloop
  endfacet
  facet normal 0.671251 -0.74123 0
    outer loop
      vertex 14.4516 23.8405 -14
      vertex 14.5607 23.9393 -8
      vertex 14.4516 23.8405 -8
    endloop
  endfacet
  facet normal 0.671251 -0.74123 0
    outer loop
      vertex 14.5607 23.9393 -8
      vertex 14.4516 23.8405 -14
      vertex 14.5607 23.9393 -14
    endloop
  endfacet
  facet normal -0.989174 0.146746 0
    outer loop
      vertex -14.9928 34.147 -14
      vertex -14.9712 34.2926 -8
      vertex -14.9712 34.2926 -14
    endloop
  endfacet
  facet normal -0.989174 0.146746 0
    outer loop
      vertex -14.9712 34.2926 -8
      vertex -14.9928 34.147 -14
      vertex -14.9928 34.147 -8
    endloop
  endfacet
  facet normal -0.857733 0.514096 0
    outer loop
      vertex -14.8229 34.7071 -14
      vertex -14.7472 34.8334 -8
      vertex -14.7472 34.8334 -14
    endloop
  endfacet
  facet normal -0.857733 0.514096 0
    outer loop
      vertex -14.7472 34.8334 -8
      vertex -14.8229 34.7071 -14
      vertex -14.8229 34.7071 -8
    endloop
  endfacet
  facet normal 0.998803 0.0489209 0
    outer loop
      vertex 15 34 -8
      vertex 14.9928 34.147 -14
      vertex 14.9928 34.147 -8
    endloop
  endfacet
  facet normal 0.998803 0.0489209 0
    outer loop
      vertex 14.9928 34.147 -14
      vertex 15 34 -8
      vertex 15 34 -14
    endloop
  endfacet
  facet normal 0.514096 0.857733 -0
    outer loop
      vertex 14.3334 35.2472 -14
      vertex 14.2071 35.3229 -8
      vertex 14.3334 35.2472 -8
    endloop
  endfacet
  facet normal 0.514096 0.857733 0
    outer loop
      vertex 14.2071 35.3229 -8
      vertex 14.3334 35.2472 -14
      vertex 14.2071 35.3229 -14
    endloop
  endfacet
  facet normal 0.427269 0.904125 -0
    outer loop
      vertex 14.2071 35.3229 -14
      vertex 14.074 35.3858 -8
      vertex 14.2071 35.3229 -8
    endloop
  endfacet
  facet normal 0.427269 0.904125 0
    outer loop
      vertex 14.074 35.3858 -8
      vertex 14.2071 35.3229 -14
      vertex 14.074 35.3858 -14
    endloop
  endfacet
  facet normal 0.857733 0.514096 0
    outer loop
      vertex 14.8229 34.7071 -8
      vertex 14.7472 34.8334 -14
      vertex 14.7472 34.8334 -8
    endloop
  endfacet
  facet normal 0.857733 0.514096 0
    outer loop
      vertex 14.7472 34.8334 -14
      vertex 14.8229 34.7071 -8
      vertex 14.8229 34.7071 -14
    endloop
  endfacet
  facet normal -0.941527 0.336939 0
    outer loop
      vertex -14.9354 34.4354 -14
      vertex -14.8858 34.574 -8
      vertex -14.8858 34.574 -14
    endloop
  endfacet
  facet normal -0.941527 0.336939 0
    outer loop
      vertex -14.8858 34.574 -8
      vertex -14.9354 34.4354 -14
      vertex -14.9354 34.4354 -8
    endloop
  endfacet
  facet normal 0.514096 -0.857733 0
    outer loop
      vertex 14.2071 23.6771 -14
      vertex 14.3334 23.7528 -8
      vertex 14.2071 23.6771 -8
    endloop
  endfacet
  facet normal 0.514096 -0.857733 0
    outer loop
      vertex 14.3334 23.7528 -8
      vertex 14.2071 23.6771 -14
      vertex 14.3334 23.7528 -14
    endloop
  endfacet
  facet normal 0.146746 -0.989174 0
    outer loop
      vertex 13.647 23.5072 -14
      vertex 13.7926 23.5288 -8
      vertex 13.647 23.5072 -8
    endloop
  endfacet
  facet normal 0.146746 -0.989174 0
    outer loop
      vertex 13.7926 23.5288 -8
      vertex 13.647 23.5072 -14
      vertex 13.7926 23.5288 -14
    endloop
  endfacet
  facet normal 0.857733 -0.514096 0
    outer loop
      vertex 14.7472 24.1666 -8
      vertex 14.8229 24.2929 -14
      vertex 14.8229 24.2929 -8
    endloop
  endfacet
  facet normal 0.857733 -0.514096 0
    outer loop
      vertex 14.8229 24.2929 -14
      vertex 14.7472 24.1666 -8
      vertex 14.7472 24.1666 -14
    endloop
  endfacet
  facet normal -0.146746 0.989174 0
    outer loop
      vertex -13.647 35.4928 -14
      vertex -13.7926 35.4712 -8
      vertex -13.647 35.4928 -8
    endloop
  endfacet
  facet normal -0.146746 0.989174 0
    outer loop
      vertex -13.7926 35.4712 -8
      vertex -13.647 35.4928 -14
      vertex -13.7926 35.4712 -14
    endloop
  endfacet
  facet normal -0.243175 0.969982 0
    outer loop
      vertex -13.7926 35.4712 -14
      vertex -13.9354 35.4354 -8
      vertex -13.7926 35.4712 -8
    endloop
  endfacet
  facet normal -0.243175 0.969982 0
    outer loop
      vertex -13.9354 35.4354 -8
      vertex -13.7926 35.4712 -14
      vertex -13.9354 35.4354 -14
    endloop
  endfacet
  facet normal 0.74123 -0.671251 0
    outer loop
      vertex 14.5607 23.9393 -8
      vertex 14.6595 24.0484 -14
      vertex 14.6595 24.0484 -8
    endloop
  endfacet
  facet normal 0.74123 -0.671251 0
    outer loop
      vertex 14.6595 24.0484 -14
      vertex 14.5607 23.9393 -8
      vertex 14.5607 23.9393 -14
    endloop
  endfacet
  facet normal 0.969982 0.243175 0
    outer loop
      vertex 14.9712 34.2926 -8
      vertex 14.9354 34.4354 -14
      vertex 14.9354 34.4354 -8
    endloop
  endfacet
  facet normal 0.969982 0.243175 0
    outer loop
      vertex 14.9354 34.4354 -14
      vertex 14.9712 34.2926 -8
      vertex 14.9712 34.2926 -14
    endloop
  endfacet
  facet normal -0.989174 -0.146746 0
    outer loop
      vertex -14.9712 24.7074 -14
      vertex -14.9928 24.853 -8
      vertex -14.9928 24.853 -14
    endloop
  endfacet
  facet normal -0.989174 -0.146746 0
    outer loop
      vertex -14.9928 24.853 -8
      vertex -14.9712 24.7074 -14
      vertex -14.9712 24.7074 -8
    endloop
  endfacet
  facet normal -0.904125 0.427269 0
    outer loop
      vertex -14.8858 34.574 -14
      vertex -14.8229 34.7071 -8
      vertex -14.8229 34.7071 -14
    endloop
  endfacet
  facet normal -0.904125 0.427269 0
    outer loop
      vertex -14.8229 34.7071 -8
      vertex -14.8858 34.574 -14
      vertex -14.8858 34.574 -8
    endloop
  endfacet
  facet normal 0 0 -1
    outer loop
      vertex 13.5 23.5 -14
      vertex 15 25 -14
      vertex 14.9928 24.853 -14
    endloop
  endfacet
  facet normal 0 0 -1
    outer loop
      vertex 15 25 -14
      vertex 4 29.5 -14
      vertex 15 34 -14
    endloop
  endfacet
  facet normal 0 0 -1
    outer loop
      vertex 13.5 23.5 -14
      vertex 14.9928 24.853 -14
      vertex 14.9712 24.7074 -14
    endloop
  endfacet
  facet normal 0 0 -1
    outer loop
      vertex 3.98074 29.8921 -14
      vertex 15 34 -14
      vertex 4 29.5 -14
    endloop
  endfacet
  facet normal 0 0 -1
    outer loop
      vertex 13.5 23.5 -14
      vertex 14.9712 24.7074 -14
      vertex 14.9354 24.5646 -14
    endloop
  endfacet
  facet normal 0 -0 -1
    outer loop
      vertex 13.5 35.5 -14
      vertex 15 34 -14
      vertex 3.98074 29.8921 -14
    endloop
  endfacet
  facet normal 0 0 -1
    outer loop
      vertex 13.5 23.5 -14
      vertex 14.9354 24.5646 -14
      vertex 14.8858 24.426 -14
    endloop
  endfacet
  facet normal 0 0 -1
    outer loop
      vertex 15 34 -14
      vertex 13.5 35.5 -14
      vertex 14.9928 34.147 -14
    endloop
  endfacet
  facet normal 0 0 -1
    outer loop
      vertex 13.5 23.5 -14
      vertex 14.8858 24.426 -14
      vertex 14.8229 24.2929 -14
    endloop
  endfacet
  facet normal -0 0 -1
    outer loop
      vertex 15 25 -14
      vertex 13.5 23.5 -14
      vertex 3.98074 29.1079 -14
    endloop
  endfacet
  facet normal 0 0 -1
    outer loop
      vertex 13.5 23.5 -14
      vertex 14.8229 24.2929 -14
      vertex 14.7472 24.1666 -14
    endloop
  endfacet
  facet normal 0 0 -1
    outer loop
      vertex 14.9712 34.2926 -14
      vertex 13.5 35.5 -14
      vertex 14.9354 34.4354 -14
    endloop
  endfacet
  facet normal 0 0 -1
    outer loop
      vertex 13.5 23.5 -14
      vertex 14.7472 24.1666 -14
      vertex 14.6595 24.0484 -14
    endloop
  endfacet
  facet normal 0 0 -1
    outer loop
      vertex 14.8858 34.574 -14
      vertex 13.5 35.5 -14
      vertex 14.8229 34.7071 -14
    endloop
  endfacet
  facet normal 0 0 -1
    outer loop
      vertex 13.5 23.5 -14
      vertex 14.6595 24.0484 -14
      vertex 14.5607 23.9393 -14
    endloop
  endfacet
  facet normal 0 0 -1
    outer loop
      vertex 14.8229 34.7071 -14
      vertex 13.5 35.5 -14
      vertex 14.7472 34.8334 -14
    endloop
  endfacet
  facet normal 0 0 -1
    outer loop
      vertex 13.5 23.5 -14
      vertex 14.5607 23.9393 -14
      vertex 14.4516 23.8405 -14
    endloop
  endfacet
  facet normal 0 0 -1
    outer loop
      vertex 14.7472 34.8334 -14
      vertex 13.5 35.5 -14
      vertex 14.6595 34.9516 -14
    endloop
  endfacet
  facet normal 0 0 -1
    outer loop
      vertex 13.5 23.5 -14
      vertex 14.4516 23.8405 -14
      vertex 14.3334 23.7528 -14
    endloop
  endfacet
  facet normal 0 0 -1
    outer loop
      vertex 14.6595 34.9516 -14
      vertex 13.5 35.5 -14
      vertex 14.5607 35.0607 -14
    endloop
  endfacet
  facet normal 0 0 -1
    outer loop
      vertex 13.5 23.5 -14
      vertex 14.3334 23.7528 -14
      vertex 14.2071 23.6771 -14
    endloop
  endfacet
  facet normal 0 0 -1
    outer loop
      vertex 14.5607 35.0607 -14
      vertex 13.5 35.5 -14
      vertex 14.4516 35.1595 -14
    endloop
  endfacet
  facet normal 0 0 -1
    outer loop
      vertex 13.5 23.5 -14
      vertex 14.2071 23.6771 -14
      vertex 14.074 23.6142 -14
    endloop
  endfacet
  facet normal 0 0 -1
    outer loop
      vertex 14.4516 35.1595 -14
      vertex 13.5 35.5 -14
      vertex 14.3334 35.2472 -14
    endloop
  endfacet
  facet normal 0 0 -1
    outer loop
      vertex 13.5 23.5 -14
      vertex 14.074 23.6142 -14
      vertex 13.9354 23.5646 -14
    endloop
  endfacet
  facet normal 0 0 -1
    outer loop
      vertex 14.3334 35.2472 -14
      vertex 13.5 35.5 -14
      vertex 14.2071 35.3229 -14
    endloop
  endfacet
  facet normal 0 0 -1
    outer loop
      vertex 13.5 23.5 -14
      vertex 13.9354 23.5646 -14
      vertex 13.7926 23.5288 -14
    endloop
  endfacet
  facet normal 0 0 -1
    outer loop
      vertex 14.2071 35.3229 -14
      vertex 13.5 35.5 -14
      vertex 14.074 35.3858 -14
    endloop
  endfacet
  facet normal 0 0 -1
    outer loop
      vertex 13.5 23.5 -14
      vertex 13.7926 23.5288 -14
      vertex 13.647 23.5072 -14
    endloop
  endfacet
  facet normal 0 0 -1
    outer loop
      vertex 14.074 35.3858 -14
      vertex 13.5 35.5 -14
      vertex 13.9354 35.4354 -14
    endloop
  endfacet
  facet normal 0 0 -1
    outer loop
      vertex 13.9354 35.4354 -14
      vertex 13.5 35.5 -14
      vertex 13.7926 35.4712 -14
    endloop
  endfacet
  facet normal 0 0 -1
    outer loop
      vertex 13.7926 35.4712 -14
      vertex 13.5 35.5 -14
      vertex 13.647 35.4928 -14
    endloop
  endfacet
  facet normal 0 0 -1
    outer loop
      vertex 14.9354 34.4354 -14
      vertex 13.5 35.5 -14
      vertex 14.8858 34.574 -14
    endloop
  endfacet
  facet normal 0 0 -1
    outer loop
      vertex 15 25 -14
      vertex 3.98074 29.1079 -14
      vertex 4 29.5 -14
    endloop
  endfacet
  facet normal 0 0 -1
    outer loop
      vertex 13.5 23.5 -14
      vertex 3.92314 28.7196 -14
      vertex 3.98074 29.1079 -14
    endloop
  endfacet
  facet normal 0 0 -1
    outer loop
      vertex 13.5 23.5 -14
      vertex 3.82776 28.3389 -14
      vertex 3.92314 28.7196 -14
    endloop
  endfacet
  facet normal 0 0 -1
    outer loop
      vertex 13.5 23.5 -14
      vertex 3.69552 27.9693 -14
      vertex 3.82776 28.3389 -14
    endloop
  endfacet
  facet normal 0 0 -1
    outer loop
      vertex 13.5 23.5 -14
      vertex 3.52768 27.6144 -14
      vertex 3.69552 27.9693 -14
    endloop
  endfacet
  facet normal 0 0 -1
    outer loop
      vertex 13.5 23.5 -14
      vertex 3.32588 27.2777 -14
      vertex 3.52768 27.6144 -14
    endloop
  endfacet
  facet normal 0 0 -1
    outer loop
      vertex 13.5 23.5 -14
      vertex 3.09204 26.9624 -14
      vertex 3.32588 27.2777 -14
    endloop
  endfacet
  facet normal 0 0 -1
    outer loop
      vertex 13.5 23.5 -14
      vertex 2.82843 26.6716 -14
      vertex 3.09204 26.9624 -14
    endloop
  endfacet
  facet normal 0 0 -1
    outer loop
      vertex 13.5 23.5 -14
      vertex 2.53757 26.408 -14
      vertex 2.82843 26.6716 -14
    endloop
  endfacet
  facet normal 0 0 -1
    outer loop
      vertex 13.5 23.5 -14
      vertex 2.22228 26.1741 -14
      vertex 2.53757 26.408 -14
    endloop
  endfacet
  facet normal 0 0 -1
    outer loop
      vertex 13.5 23.5 -14
      vertex 1.88559 25.9723 -14
      vertex 2.22228 26.1741 -14
    endloop
  endfacet
  facet normal 0 0 -1
    outer loop
      vertex 13.5 23.5 -14
      vertex 1.53073 25.8045 -14
      vertex 1.88559 25.9723 -14
    endloop
  endfacet
  facet normal 0 0 -1
    outer loop
      vertex 13.5 23.5 -14
      vertex 1.16114 25.6722 -14
      vertex 1.53073 25.8045 -14
    endloop
  endfacet
  facet normal 0 0 -1
    outer loop
      vertex 13.5 23.5 -14
      vertex 0.780361 25.5769 -14
      vertex 1.16114 25.6722 -14
    endloop
  endfacet
  facet normal 0 0 -1
    outer loop
      vertex 13.5 23.5 -14
      vertex 0.392068 25.5193 -14
      vertex 0.780361 25.5769 -14
    endloop
  endfacet
  facet normal 0 0 -1
    outer loop
      vertex 13.5 23.5 -14
      vertex 0 25.5 -14
      vertex 0.392068 25.5193 -14
    endloop
  endfacet
  facet normal 0 0 -1
    outer loop
      vertex -13.5 23.5 -14
      vertex 0 25.5 -14
      vertex 13.5 23.5 -14
    endloop
  endfacet
  facet normal 0 0 -1
    outer loop
      vertex -15 25 -14
      vertex -3.98074 29.1079 -14
      vertex -13.5 23.5 -14
    endloop
  endfacet
  facet normal -0 0 -1
    outer loop
      vertex -3.92314 28.7196 -14
      vertex -13.5 23.5 -14
      vertex -3.98074 29.1079 -14
    endloop
  endfacet
  facet normal -0 0 -1
    outer loop
      vertex -3.82776 28.3389 -14
      vertex -13.5 23.5 -14
      vertex -3.92314 28.7196 -14
    endloop
  endfacet
  facet normal -0 0 -1
    outer loop
      vertex -3.69552 27.9693 -14
      vertex -13.5 23.5 -14
      vertex -3.82776 28.3389 -14
    endloop
  endfacet
  facet normal -0 0 -1
    outer loop
      vertex -3.52768 27.6144 -14
      vertex -13.5 23.5 -14
      vertex -3.69552 27.9693 -14
    endloop
  endfacet
  facet normal -0 0 -1
    outer loop
      vertex -3.32588 27.2777 -14
      vertex -13.5 23.5 -14
      vertex -3.52768 27.6144 -14
    endloop
  endfacet
  facet normal -0 0 -1
    outer loop
      vertex -3.09204 26.9624 -14
      vertex -13.5 23.5 -14
      vertex -3.32588 27.2777 -14
    endloop
  endfacet
  facet normal -0 0 -1
    outer loop
      vertex -2.82843 26.6716 -14
      vertex -13.5 23.5 -14
      vertex -3.09204 26.9624 -14
    endloop
  endfacet
  facet normal -0 0 -1
    outer loop
      vertex -2.53757 26.408 -14
      vertex -13.5 23.5 -14
      vertex -2.82843 26.6716 -14
    endloop
  endfacet
  facet normal -0 0 -1
    outer loop
      vertex -2.22228 26.1741 -14
      vertex -13.5 23.5 -14
      vertex -2.53757 26.408 -14
    endloop
  endfacet
  facet normal -0 0 -1
    outer loop
      vertex -1.88559 25.9723 -14
      vertex -13.5 23.5 -14
      vertex -2.22228 26.1741 -14
    endloop
  endfacet
  facet normal -0 0 -1
    outer loop
      vertex -1.53073 25.8045 -14
      vertex -13.5 23.5 -14
      vertex -1.88559 25.9723 -14
    endloop
  endfacet
  facet normal -0 0 -1
    outer loop
      vertex -1.16114 25.6722 -14
      vertex -13.5 23.5 -14
      vertex -1.53073 25.8045 -14
    endloop
  endfacet
  facet normal -0 0 -1
    outer loop
      vertex -0.780361 25.5769 -14
      vertex -13.5 23.5 -14
      vertex -1.16114 25.6722 -14
    endloop
  endfacet
  facet normal -0 0 -1
    outer loop
      vertex -0.392068 25.5193 -14
      vertex -13.5 23.5 -14
      vertex -0.780361 25.5769 -14
    endloop
  endfacet
  facet normal -0 0 -1
    outer loop
      vertex 0 25.5 -14
      vertex -13.5 23.5 -14
      vertex -0.392068 25.5193 -14
    endloop
  endfacet
  facet normal 0 0 -1
    outer loop
      vertex 14.9928 34.147 -14
      vertex 13.5 35.5 -14
      vertex 14.9712 34.2926 -14
    endloop
  endfacet
  facet normal 0 0 -1
    outer loop
      vertex 3.92314 30.2804 -14
      vertex 13.5 35.5 -14
      vertex 3.98074 29.8921 -14
    endloop
  endfacet
  facet normal 0 0 -1
    outer loop
      vertex 3.82776 30.6611 -14
      vertex 13.5 35.5 -14
      vertex 3.92314 30.2804 -14
    endloop
  endfacet
  facet normal 0 0 -1
    outer loop
      vertex 3.69552 31.0307 -14
      vertex 13.5 35.5 -14
      vertex 3.82776 30.6611 -14
    endloop
  endfacet
  facet normal 0 0 -1
    outer loop
      vertex 3.52768 31.3856 -14
      vertex 13.5 35.5 -14
      vertex 3.69552 31.0307 -14
    endloop
  endfacet
  facet normal 0 0 -1
    outer loop
      vertex 3.32588 31.7223 -14
      vertex 13.5 35.5 -14
      vertex 3.52768 31.3856 -14
    endloop
  endfacet
  facet normal 0 0 -1
    outer loop
      vertex 3.09204 32.0376 -14
      vertex 13.5 35.5 -14
      vertex 3.32588 31.7223 -14
    endloop
  endfacet
  facet normal 0 0 -1
    outer loop
      vertex 2.82843 32.3284 -14
      vertex 13.5 35.5 -14
      vertex 3.09204 32.0376 -14
    endloop
  endfacet
  facet normal 0 0 -1
    outer loop
      vertex 2.53757 32.592 -14
      vertex 13.5 35.5 -14
      vertex 2.82843 32.3284 -14
    endloop
  endfacet
  facet normal 0 0 -1
    outer loop
      vertex 2.22228 32.8259 -14
      vertex 13.5 35.5 -14
      vertex 2.53757 32.592 -14
    endloop
  endfacet
  facet normal 0 0 -1
    outer loop
      vertex 1.88559 33.0277 -14
      vertex 13.5 35.5 -14
      vertex 2.22228 32.8259 -14
    endloop
  endfacet
  facet normal 0 0 -1
    outer loop
      vertex 1.53073 33.1955 -14
      vertex 13.5 35.5 -14
      vertex 1.88559 33.0277 -14
    endloop
  endfacet
  facet normal 0 0 -1
    outer loop
      vertex 1.16114 33.3278 -14
      vertex 13.5 35.5 -14
      vertex 1.53073 33.1955 -14
    endloop
  endfacet
  facet normal 0 0 -1
    outer loop
      vertex 0.780361 33.4231 -14
      vertex 13.5 35.5 -14
      vertex 1.16114 33.3278 -14
    endloop
  endfacet
  facet normal 0 0 -1
    outer loop
      vertex 0.392068 33.4807 -14
      vertex 13.5 35.5 -14
      vertex 0.780361 33.4231 -14
    endloop
  endfacet
  facet normal 0 0 -1
    outer loop
      vertex 0 33.5 -14
      vertex 13.5 35.5 -14
      vertex 0.392068 33.4807 -14
    endloop
  endfacet
  facet normal 0 0 -1
    outer loop
      vertex -13.5 35.5 -14
      vertex 0 33.5 -14
      vertex -0.392068 33.4807 -14
    endloop
  endfacet
  facet normal -0 0 -1
    outer loop
      vertex -3.98074 29.1079 -14
      vertex -15 25 -14
      vertex -4 29.5 -14
    endloop
  endfacet
  facet normal 0 0 -1
    outer loop
      vertex -15 34 -14
      vertex -4 29.5 -14
      vertex -15 25 -14
    endloop
  endfacet
  facet normal 0 0 -1
    outer loop
      vertex -4 29.5 -14
      vertex -15 34 -14
      vertex -3.98074 29.8921 -14
    endloop
  endfacet
  facet normal 0 -0 -1
    outer loop
      vertex -13.5 35.5 -14
      vertex -3.98074 29.8921 -14
      vertex -15 34 -14
    endloop
  endfacet
  facet normal 0 0 -1
    outer loop
      vertex -3.98074 29.8921 -14
      vertex -13.5 35.5 -14
      vertex -3.92314 30.2804 -14
    endloop
  endfacet
  facet normal 0 0 -1
    outer loop
      vertex -3.92314 30.2804 -14
      vertex -13.5 35.5 -14
      vertex -3.82776 30.6611 -14
    endloop
  endfacet
  facet normal 0 0 -1
    outer loop
      vertex -3.82776 30.6611 -14
      vertex -13.5 35.5 -14
      vertex -3.69552 31.0307 -14
    endloop
  endfacet
  facet normal 0 0 -1
    outer loop
      vertex -3.69552 31.0307 -14
      vertex -13.5 35.5 -14
      vertex -3.52768 31.3856 -14
    endloop
  endfacet
  facet normal 0 0 -1
    outer loop
      vertex -3.52768 31.3856 -14
      vertex -13.5 35.5 -14
      vertex -3.32588 31.7223 -14
    endloop
  endfacet
  facet normal 0 0 -1
    outer loop
      vertex 0 33.5 -14
      vertex -13.5 35.5 -14
      vertex 13.5 35.5 -14
    endloop
  endfacet
  facet normal 0 0 -1
    outer loop
      vertex -0.780361 33.4231 -14
      vertex -13.5 35.5 -14
      vertex -0.392068 33.4807 -14
    endloop
  endfacet
  facet normal 0 0 -1
    outer loop
      vertex -1.16114 33.3278 -14
      vertex -13.5 35.5 -14
      vertex -0.780361 33.4231 -14
    endloop
  endfacet
  facet normal 0 0 -1
    outer loop
      vertex -1.53073 33.1955 -14
      vertex -13.5 35.5 -14
      vertex -1.16114 33.3278 -14
    endloop
  endfacet
  facet normal 0 0 -1
    outer loop
      vertex -1.88559 33.0277 -14
      vertex -13.5 35.5 -14
      vertex -1.53073 33.1955 -14
    endloop
  endfacet
  facet normal 0 0 -1
    outer loop
      vertex -2.22228 32.8259 -14
      vertex -13.5 35.5 -14
      vertex -1.88559 33.0277 -14
    endloop
  endfacet
  facet normal 0 0 -1
    outer loop
      vertex -2.53757 32.592 -14
      vertex -13.5 35.5 -14
      vertex -2.22228 32.8259 -14
    endloop
  endfacet
  facet normal 0 0 -1
    outer loop
      vertex -3.32588 31.7223 -14
      vertex -13.5 35.5 -14
      vertex -3.09204 32.0376 -14
    endloop
  endfacet
  facet normal 0 0 -1
    outer loop
      vertex -15 25 -14
      vertex -13.5 23.5 -14
      vertex -13.647 23.5072 -14
    endloop
  endfacet
  facet normal 0 0 -1
    outer loop
      vertex -3.09204 32.0376 -14
      vertex -13.5 35.5 -14
      vertex -2.82843 32.3284 -14
    endloop
  endfacet
  facet normal 0 0 -1
    outer loop
      vertex -15 25 -14
      vertex -13.647 23.5072 -14
      vertex -13.7926 23.5288 -14
    endloop
  endfacet
  facet normal 0 0 -1
    outer loop
      vertex -2.82843 32.3284 -14
      vertex -13.5 35.5 -14
      vertex -2.53757 32.592 -14
    endloop
  endfacet
  facet normal 0 0 -1
    outer loop
      vertex -15 25 -14
      vertex -13.7926 23.5288 -14
      vertex -13.9354 23.5646 -14
    endloop
  endfacet
  facet normal 0 0 -1
    outer loop
      vertex -13.5 35.5 -14
      vertex -15 34 -14
      vertex -13.647 35.4928 -14
    endloop
  endfacet
  facet normal 0 0 -1
    outer loop
      vertex -15 25 -14
      vertex -13.9354 23.5646 -14
      vertex -14.074 23.6142 -14
    endloop
  endfacet
  facet normal 0 0 -1
    outer loop
      vertex -13.647 35.4928 -14
      vertex -15 34 -14
      vertex -13.7926 35.4712 -14
    endloop
  endfacet
  facet normal 0 0 -1
    outer loop
      vertex -15 25 -14
      vertex -14.074 23.6142 -14
      vertex -14.2071 23.6771 -14
    endloop
  endfacet
  facet normal 0 0 -1
    outer loop
      vertex -13.7926 35.4712 -14
      vertex -15 34 -14
      vertex -13.9354 35.4354 -14
    endloop
  endfacet
  facet normal 0 0 -1
    outer loop
      vertex -15 25 -14
      vertex -14.2071 23.6771 -14
      vertex -14.3334 23.7528 -14
    endloop
  endfacet
  facet normal 0 0 -1
    outer loop
      vertex -13.9354 35.4354 -14
      vertex -15 34 -14
      vertex -14.074 35.3858 -14
    endloop
  endfacet
  facet normal 0 0 -1
    outer loop
      vertex -15 25 -14
      vertex -14.3334 23.7528 -14
      vertex -14.4516 23.8405 -14
    endloop
  endfacet
  facet normal 0 0 -1
    outer loop
      vertex -14.074 35.3858 -14
      vertex -15 34 -14
      vertex -14.2071 35.3229 -14
    endloop
  endfacet
  facet normal 0 0 -1
    outer loop
      vertex -15 25 -14
      vertex -14.4516 23.8405 -14
      vertex -14.5607 23.9393 -14
    endloop
  endfacet
  facet normal 0 0 -1
    outer loop
      vertex -14.2071 35.3229 -14
      vertex -15 34 -14
      vertex -14.3334 35.2472 -14
    endloop
  endfacet
  facet normal 0 0 -1
    outer loop
      vertex -15 25 -14
      vertex -14.5607 23.9393 -14
      vertex -14.6595 24.0484 -14
    endloop
  endfacet
  facet normal 0 0 -1
    outer loop
      vertex -14.3334 35.2472 -14
      vertex -15 34 -14
      vertex -14.4516 35.1595 -14
    endloop
  endfacet
  facet normal 0 0 -1
    outer loop
      vertex -15 25 -14
      vertex -14.6595 24.0484 -14
      vertex -14.7472 24.1666 -14
    endloop
  endfacet
  facet normal 0 0 -1
    outer loop
      vertex -14.4516 35.1595 -14
      vertex -15 34 -14
      vertex -14.5607 35.0607 -14
    endloop
  endfacet
  facet normal 0 0 -1
    outer loop
      vertex -15 25 -14
      vertex -14.7472 24.1666 -14
      vertex -14.8229 24.2929 -14
    endloop
  endfacet
  facet normal 0 0 -1
    outer loop
      vertex -14.5607 35.0607 -14
      vertex -15 34 -14
      vertex -14.6595 34.9516 -14
    endloop
  endfacet
  facet normal 0 0 -1
    outer loop
      vertex -15 25 -14
      vertex -14.8229 24.2929 -14
      vertex -14.8858 24.426 -14
    endloop
  endfacet
  facet normal 0 0 -1
    outer loop
      vertex -14.6595 34.9516 -14
      vertex -15 34 -14
      vertex -14.7472 34.8334 -14
    endloop
  endfacet
  facet normal 0 0 -1
    outer loop
      vertex -15 25 -14
      vertex -14.8858 24.426 -14
      vertex -14.9354 24.5646 -14
    endloop
  endfacet
  facet normal 0 0 -1
    outer loop
      vertex -14.7472 34.8334 -14
      vertex -15 34 -14
      vertex -14.8229 34.7071 -14
    endloop
  endfacet
  facet normal 0 0 -1
    outer loop
      vertex -15 25 -14
      vertex -14.9354 24.5646 -14
      vertex -14.9712 24.7074 -14
    endloop
  endfacet
  facet normal 0 0 -1
    outer loop
      vertex -14.8229 34.7071 -14
      vertex -15 34 -14
      vertex -14.8858 34.574 -14
    endloop
  endfacet
  facet normal 0 0 -1
    outer loop
      vertex -15 25 -14
      vertex -14.9712 24.7074 -14
      vertex -14.9928 24.853 -14
    endloop
  endfacet
  facet normal 0 0 -1
    outer loop
      vertex -14.8858 34.574 -14
      vertex -15 34 -14
      vertex -14.9354 34.4354 -14
    endloop
  endfacet
  facet normal 0 0 -1
    outer loop
      vertex -14.9354 34.4354 -14
      vertex -15 34 -14
      vertex -14.9712 34.2926 -14
    endloop
  endfacet
  facet normal 0 0 -1
    outer loop
      vertex -14.9712 34.2926 -14
      vertex -15 34 -14
      vertex -14.9928 34.147 -14
    endloop
  endfacet
  facet normal -0.671251 -0.74123 0
    outer loop
      vertex -14.5607 23.9393 -14
      vertex -14.4516 23.8405 -8
      vertex -14.5607 23.9393 -8
    endloop
  endfacet
  facet normal -0.671251 -0.74123 -0
    outer loop
      vertex -14.4516 23.8405 -8
      vertex -14.5607 23.9393 -14
      vertex -14.4516 23.8405 -14
    endloop
  endfacet
  facet normal 0.941527 0.336939 0
    outer loop
      vertex 14.9354 34.4354 -8
      vertex 14.8858 34.574 -14
      vertex 14.8858 34.574 -8
    endloop
  endfacet
  facet normal 0.941527 0.336939 0
    outer loop
      vertex 14.8858 34.574 -14
      vertex 14.9354 34.4354 -8
      vertex 14.9354 34.4354 -14
    endloop
  endfacet
  facet normal 0.427269 -0.904125 0
    outer loop
      vertex 14.074 23.6142 -14
      vertex 14.2071 23.6771 -8
      vertex 14.074 23.6142 -8
    endloop
  endfacet
  facet normal 0.427269 -0.904125 0
    outer loop
      vertex 14.2071 23.6771 -8
      vertex 14.074 23.6142 -14
      vertex 14.2071 23.6771 -14
    endloop
  endfacet
  facet normal 0.243175 -0.969982 0
    outer loop
      vertex 13.7926 23.5288 -14
      vertex 13.9354 23.5646 -8
      vertex 13.7926 23.5288 -8
    endloop
  endfacet
  facet normal 0.243175 -0.969982 0
    outer loop
      vertex 13.9354 23.5646 -8
      vertex 13.7926 23.5288 -14
      vertex 13.9354 23.5646 -14
    endloop
  endfacet
  facet normal -0.969982 0.243175 0
    outer loop
      vertex -14.9712 34.2926 -14
      vertex -14.9354 34.4354 -8
      vertex -14.9354 34.4354 -14
    endloop
  endfacet
  facet normal -0.969982 0.243175 0
    outer loop
      vertex -14.9354 34.4354 -8
      vertex -14.9712 34.2926 -14
      vertex -14.9712 34.2926 -8
    endloop
  endfacet
  facet normal 0.74123 0.671251 0
    outer loop
      vertex 14.6595 34.9516 -8
      vertex 14.5607 35.0607 -14
      vertex 14.5607 35.0607 -8
    endloop
  endfacet
  facet normal 0.74123 0.671251 0
    outer loop
      vertex 14.5607 35.0607 -14
      vertex 14.6595 34.9516 -8
      vertex 14.6595 34.9516 -14
    endloop
  endfacet
  facet normal -0.427269 0.904125 0
    outer loop
      vertex -14.074 35.3858 -14
      vertex -14.2071 35.3229 -8
      vertex -14.074 35.3858 -8
    endloop
  endfacet
  facet normal -0.427269 0.904125 0
    outer loop
      vertex -14.2071 35.3229 -8
      vertex -14.074 35.3858 -14
      vertex -14.2071 35.3229 -14
    endloop
  endfacet
  facet normal 0.989174 0.146746 0
    outer loop
      vertex 14.9928 34.147 -8
      vertex 14.9712 34.2926 -14
      vertex 14.9712 34.2926 -8
    endloop
  endfacet
  facet normal 0.989174 0.146746 0
    outer loop
      vertex 14.9712 34.2926 -14
      vertex 14.9928 34.147 -8
      vertex 14.9928 34.147 -14
    endloop
  endfacet
  facet normal 0 0 1
    outer loop
      vertex 13.5 35.5 -8
      vertex 15 34 -8
      vertex 14.9928 34.147 -8
    endloop
  endfacet
  facet normal 0 0 1
    outer loop
      vertex 15 34 -8
      vertex 4 29.5 -8
      vertex 15 25 -8
    endloop
  endfacet
  facet normal 0 0 1
    outer loop
      vertex 13.5 35.5 -8
      vertex 14.9928 34.147 -8
      vertex 14.9712 34.2926 -8
    endloop
  endfacet
  facet normal -0 0 1
    outer loop
      vertex 3.98074 29.1079 -8
      vertex 15 25 -8
      vertex 4 29.5 -8
    endloop
  endfacet
  facet normal 0 0 1
    outer loop
      vertex 13.5 35.5 -8
      vertex 14.9712 34.2926 -8
      vertex 14.9354 34.4354 -8
    endloop
  endfacet
  facet normal 0 -0 1
    outer loop
      vertex 13.5 23.5 -8
      vertex 15 25 -8
      vertex 3.98074 29.1079 -8
    endloop
  endfacet
  facet normal 0 0 1
    outer loop
      vertex 13.5 35.5 -8
      vertex 14.9354 34.4354 -8
      vertex 14.8858 34.574 -8
    endloop
  endfacet
  facet normal 0 0 1
    outer loop
      vertex 15 25 -8
      vertex 13.5 23.5 -8
      vertex 14.9928 24.853 -8
    endloop
  endfacet
  facet normal 0 0 1
    outer loop
      vertex 13.5 35.5 -8
      vertex 14.8858 34.574 -8
      vertex 14.8229 34.7071 -8
    endloop
  endfacet
  facet normal 0 0 1
    outer loop
      vertex 15 34 -8
      vertex 13.5 35.5 -8
      vertex 3.98074 29.8921 -8
    endloop
  endfacet
  facet normal 0 0 1
    outer loop
      vertex 13.5 35.5 -8
      vertex 14.8229 34.7071 -8
      vertex 14.7472 34.8334 -8
    endloop
  endfacet
  facet normal 0 0 1
    outer loop
      vertex 14.9712 24.7074 -8
      vertex 13.5 23.5 -8
      vertex 14.9354 24.5646 -8
    endloop
  endfacet
  facet normal 0 0 1
    outer loop
      vertex 13.5 35.5 -8
      vertex 14.7472 34.8334 -8
      vertex 14.6595 34.9516 -8
    endloop
  endfacet
  facet normal 0 0 1
    outer loop
      vertex 14.8858 24.426 -8
      vertex 13.5 23.5 -8
      vertex 14.8229 24.2929 -8
    endloop
  endfacet
  facet normal 0 0 1
    outer loop
      vertex 13.5 35.5 -8
      vertex 14.6595 34.9516 -8
      vertex 14.5607 35.0607 -8
    endloop
  endfacet
  facet normal 0 0 1
    outer loop
      vertex 14.8229 24.2929 -8
      vertex 13.5 23.5 -8
      vertex 14.7472 24.1666 -8
    endloop
  endfacet
  facet normal 0 0 1
    outer loop
      vertex 13.5 35.5 -8
      vertex 14.5607 35.0607 -8
      vertex 14.4516 35.1595 -8
    endloop
  endfacet
  facet normal 0 0 1
    outer loop
      vertex 14.7472 24.1666 -8
      vertex 13.5 23.5 -8
      vertex 14.6595 24.0484 -8
    endloop
  endfacet
  facet normal 0 0 1
    outer loop
      vertex 13.5 35.5 -8
      vertex 14.4516 35.1595 -8
      vertex 14.3334 35.2472 -8
    endloop
  endfacet
  facet normal 0 0 1
    outer loop
      vertex 14.6595 24.0484 -8
      vertex 13.5 23.5 -8
      vertex 14.5607 23.9393 -8
    endloop
  endfacet
  facet normal 0 0 1
    outer loop
      vertex 13.5 35.5 -8
      vertex 14.3334 35.2472 -8
      vertex 14.2071 35.3229 -8
    endloop
  endfacet
  facet normal 0 0 1
    outer loop
      vertex 14.5607 23.9393 -8
      vertex 13.5 23.5 -8
      vertex 14.4516 23.8405 -8
    endloop
  endfacet
  facet normal 0 0 1
    outer loop
      vertex 13.5 35.5 -8
      vertex 14.2071 35.3229 -8
      vertex 14.074 35.3858 -8
    endloop
  endfacet
  facet normal 0 0 1
    outer loop
      vertex 14.4516 23.8405 -8
      vertex 13.5 23.5 -8
      vertex 14.3334 23.7528 -8
    endloop
  endfacet
  facet normal 0 0 1
    outer loop
      vertex 13.5 35.5 -8
      vertex 14.074 35.3858 -8
      vertex 13.9354 35.4354 -8
    endloop
  endfacet
  facet normal 0 0 1
    outer loop
      vertex 14.3334 23.7528 -8
      vertex 13.5 23.5 -8
      vertex 14.2071 23.6771 -8
    endloop
  endfacet
  facet normal 0 0 1
    outer loop
      vertex 13.5 35.5 -8
      vertex 13.9354 35.4354 -8
      vertex 13.7926 35.4712 -8
    endloop
  endfacet
  facet normal 0 0 1
    outer loop
      vertex 14.2071 23.6771 -8
      vertex 13.5 23.5 -8
      vertex 14.074 23.6142 -8
    endloop
  endfacet
  facet normal 0 0 1
    outer loop
      vertex 13.5 35.5 -8
      vertex 13.7926 35.4712 -8
      vertex 13.647 35.4928 -8
    endloop
  endfacet
  facet normal 0 0 1
    outer loop
      vertex 14.074 23.6142 -8
      vertex 13.5 23.5 -8
      vertex 13.9354 23.5646 -8
    endloop
  endfacet
  facet normal 0 0 1
    outer loop
      vertex 13.9354 23.5646 -8
      vertex 13.5 23.5 -8
      vertex 13.7926 23.5288 -8
    endloop
  endfacet
  facet normal 0 0 1
    outer loop
      vertex 13.7926 23.5288 -8
      vertex 13.5 23.5 -8
      vertex 13.647 23.5072 -8
    endloop
  endfacet
  facet normal 0 0 1
    outer loop
      vertex 14.9354 24.5646 -8
      vertex 13.5 23.5 -8
      vertex 14.8858 24.426 -8
    endloop
  endfacet
  facet normal 0 0 1
    outer loop
      vertex 15 34 -8
      vertex 3.98074 29.8921 -8
      vertex 4 29.5 -8
    endloop
  endfacet
  facet normal 0 0 1
    outer loop
      vertex 13.5 35.5 -8
      vertex 3.92314 30.2804 -8
      vertex 3.98074 29.8921 -8
    endloop
  endfacet
  facet normal 0 0 1
    outer loop
      vertex 13.5 35.5 -8
      vertex 3.82776 30.6611 -8
      vertex 3.92314 30.2804 -8
    endloop
  endfacet
  facet normal 0 0 1
    outer loop
      vertex 13.5 35.5 -8
      vertex 3.69552 31.0307 -8
      vertex 3.82776 30.6611 -8
    endloop
  endfacet
  facet normal 0 0 1
    outer loop
      vertex 13.5 35.5 -8
      vertex 3.52768 31.3856 -8
      vertex 3.69552 31.0307 -8
    endloop
  endfacet
  facet normal 0 0 1
    outer loop
      vertex 13.5 35.5 -8
      vertex 3.32588 31.7223 -8
      vertex 3.52768 31.3856 -8
    endloop
  endfacet
  facet normal 0 0 1
    outer loop
      vertex 13.5 35.5 -8
      vertex 3.09204 32.0376 -8
      vertex 3.32588 31.7223 -8
    endloop
  endfacet
  facet normal 0 0 1
    outer loop
      vertex 13.5 35.5 -8
      vertex 2.82843 32.3284 -8
      vertex 3.09204 32.0376 -8
    endloop
  endfacet
  facet normal 0 0 1
    outer loop
      vertex 13.5 35.5 -8
      vertex 2.53757 32.592 -8
      vertex 2.82843 32.3284 -8
    endloop
  endfacet
  facet normal 0 0 1
    outer loop
      vertex 13.5 35.5 -8
      vertex 2.22228 32.8259 -8
      vertex 2.53757 32.592 -8
    endloop
  endfacet
  facet normal 0 0 1
    outer loop
      vertex 13.5 35.5 -8
      vertex 1.88559 33.0277 -8
      vertex 2.22228 32.8259 -8
    endloop
  endfacet
  facet normal 0 0 1
    outer loop
      vertex 13.5 35.5 -8
      vertex 1.53073 33.1955 -8
      vertex 1.88559 33.0277 -8
    endloop
  endfacet
  facet normal 0 0 1
    outer loop
      vertex 13.5 35.5 -8
      vertex 1.16114 33.3278 -8
      vertex 1.53073 33.1955 -8
    endloop
  endfacet
  facet normal 0 0 1
    outer loop
      vertex 13.5 35.5 -8
      vertex 0.780361 33.4231 -8
      vertex 1.16114 33.3278 -8
    endloop
  endfacet
  facet normal 0 0 1
    outer loop
      vertex 13.5 35.5 -8
      vertex 0.392068 33.4807 -8
      vertex 0.780361 33.4231 -8
    endloop
  endfacet
  facet normal 0 0 1
    outer loop
      vertex 13.5 35.5 -8
      vertex 0 33.5 -8
      vertex 0.392068 33.4807 -8
    endloop
  endfacet
  facet normal -0 0 1
    outer loop
      vertex -13.5 35.5 -8
      vertex 0 33.5 -8
      vertex 13.5 35.5 -8
    endloop
  endfacet
  facet normal -0 0 1
    outer loop
      vertex -15 34 -8
      vertex -3.98074 29.8921 -8
      vertex -13.5 35.5 -8
    endloop
  endfacet
  facet normal 0 0 1
    outer loop
      vertex -3.92314 30.2804 -8
      vertex -13.5 35.5 -8
      vertex -3.98074 29.8921 -8
    endloop
  endfacet
  facet normal 0 0 1
    outer loop
      vertex -3.82776 30.6611 -8
      vertex -13.5 35.5 -8
      vertex -3.92314 30.2804 -8
    endloop
  endfacet
  facet normal 0 0 1
    outer loop
      vertex -3.69552 31.0307 -8
      vertex -13.5 35.5 -8
      vertex -3.82776 30.6611 -8
    endloop
  endfacet
  facet normal 0 0 1
    outer loop
      vertex -3.52768 31.3856 -8
      vertex -13.5 35.5 -8
      vertex -3.69552 31.0307 -8
    endloop
  endfacet
  facet normal 0 0 1
    outer loop
      vertex -3.32588 31.7223 -8
      vertex -13.5 35.5 -8
      vertex -3.52768 31.3856 -8
    endloop
  endfacet
  facet normal 0 0 1
    outer loop
      vertex -3.09204 32.0376 -8
      vertex -13.5 35.5 -8
      vertex -3.32588 31.7223 -8
    endloop
  endfacet
  facet normal 0 0 1
    outer loop
      vertex -2.82843 32.3284 -8
      vertex -13.5 35.5 -8
      vertex -3.09204 32.0376 -8
    endloop
  endfacet
  facet normal 0 0 1
    outer loop
      vertex -2.53757 32.592 -8
      vertex -13.5 35.5 -8
      vertex -2.82843 32.3284 -8
    endloop
  endfacet
  facet normal 0 0 1
    outer loop
      vertex -2.22228 32.8259 -8
      vertex -13.5 35.5 -8
      vertex -2.53757 32.592 -8
    endloop
  endfacet
  facet normal 0 0 1
    outer loop
      vertex -1.88559 33.0277 -8
      vertex -13.5 35.5 -8
      vertex -2.22228 32.8259 -8
    endloop
  endfacet
  facet normal 0 0 1
    outer loop
      vertex -1.53073 33.1955 -8
      vertex -13.5 35.5 -8
      vertex -1.88559 33.0277 -8
    endloop
  endfacet
  facet normal 0 0 1
    outer loop
      vertex -1.16114 33.3278 -8
      vertex -13.5 35.5 -8
      vertex -1.53073 33.1955 -8
    endloop
  endfacet
  facet normal 0 0 1
    outer loop
      vertex -0.780361 33.4231 -8
      vertex -13.5 35.5 -8
      vertex -1.16114 33.3278 -8
    endloop
  endfacet
  facet normal 0 0 1
    outer loop
      vertex -0.392068 33.4807 -8
      vertex -13.5 35.5 -8
      vertex -0.780361 33.4231 -8
    endloop
  endfacet
  facet normal 0 0 1
    outer loop
      vertex 0 33.5 -8
      vertex -13.5 35.5 -8
      vertex -0.392068 33.4807 -8
    endloop
  endfacet
  facet normal 0 0 1
    outer loop
      vertex 14.9928 24.853 -8
      vertex 13.5 23.5 -8
      vertex 14.9712 24.7074 -8
    endloop
  endfacet
  facet normal -0 0 1
    outer loop
      vertex 3.92314 28.7196 -8
      vertex 13.5 23.5 -8
      vertex 3.98074 29.1079 -8
    endloop
  endfacet
  facet normal -0 0 1
    outer loop
      vertex 3.82776 28.3389 -8
      vertex 13.5 23.5 -8
      vertex 3.92314 28.7196 -8
    endloop
  endfacet
  facet normal -0 0 1
    outer loop
      vertex 3.69552 27.9693 -8
      vertex 13.5 23.5 -8
      vertex 3.82776 28.3389 -8
    endloop
  endfacet
  facet normal -0 0 1
    outer loop
      vertex 3.52768 27.6144 -8
      vertex 13.5 23.5 -8
      vertex 3.69552 27.9693 -8
    endloop
  endfacet
  facet normal -0 0 1
    outer loop
      vertex 3.32588 27.2777 -8
      vertex 13.5 23.5 -8
      vertex 3.52768 27.6144 -8
    endloop
  endfacet
  facet normal -0 0 1
    outer loop
      vertex 3.09204 26.9624 -8
      vertex 13.5 23.5 -8
      vertex 3.32588 27.2777 -8
    endloop
  endfacet
  facet normal -0 0 1
    outer loop
      vertex 2.82843 26.6716 -8
      vertex 13.5 23.5 -8
      vertex 3.09204 26.9624 -8
    endloop
  endfacet
  facet normal -0 0 1
    outer loop
      vertex 2.53757 26.408 -8
      vertex 13.5 23.5 -8
      vertex 2.82843 26.6716 -8
    endloop
  endfacet
  facet normal -0 0 1
    outer loop
      vertex 2.22228 26.1741 -8
      vertex 13.5 23.5 -8
      vertex 2.53757 26.408 -8
    endloop
  endfacet
  facet normal -0 0 1
    outer loop
      vertex 1.88559 25.9723 -8
      vertex 13.5 23.5 -8
      vertex 2.22228 26.1741 -8
    endloop
  endfacet
  facet normal -0 0 1
    outer loop
      vertex 1.53073 25.8045 -8
      vertex 13.5 23.5 -8
      vertex 1.88559 25.9723 -8
    endloop
  endfacet
  facet normal -0 0 1
    outer loop
      vertex 1.16114 25.6722 -8
      vertex 13.5 23.5 -8
      vertex 1.53073 25.8045 -8
    endloop
  endfacet
  facet normal -0 0 1
    outer loop
      vertex 0.780361 25.5769 -8
      vertex 13.5 23.5 -8
      vertex 1.16114 25.6722 -8
    endloop
  endfacet
  facet normal -0 0 1
    outer loop
      vertex 0.392068 25.5193 -8
      vertex 13.5 23.5 -8
      vertex 0.780361 25.5769 -8
    endloop
  endfacet
  facet normal -0 0 1
    outer loop
      vertex 0 25.5 -8
      vertex 13.5 23.5 -8
      vertex 0.392068 25.5193 -8
    endloop
  endfacet
  facet normal 0 0 1
    outer loop
      vertex -13.5 23.5 -8
      vertex 0 25.5 -8
      vertex -0.392068 25.5193 -8
    endloop
  endfacet
  facet normal 0 0 1
    outer loop
      vertex -3.98074 29.8921 -8
      vertex -15 34 -8
      vertex -4 29.5 -8
    endloop
  endfacet
  facet normal 0 0 1
    outer loop
      vertex -15 25 -8
      vertex -4 29.5 -8
      vertex -15 34 -8
    endloop
  endfacet
  facet normal 0 0 1
    outer loop
      vertex -4 29.5 -8
      vertex -15 25 -8
      vertex -3.98074 29.1079 -8
    endloop
  endfacet
  facet normal 0 -0 1
    outer loop
      vertex -13.5 23.5 -8
      vertex -3.98074 29.1079 -8
      vertex -15 25 -8
    endloop
  endfacet
  facet normal 0 0 1
    outer loop
      vertex -3.98074 29.1079 -8
      vertex -13.5 23.5 -8
      vertex -3.92314 28.7196 -8
    endloop
  endfacet
  facet normal 0 0 1
    outer loop
      vertex -3.92314 28.7196 -8
      vertex -13.5 23.5 -8
      vertex -3.82776 28.3389 -8
    endloop
  endfacet
  facet normal 0 0 1
    outer loop
      vertex -3.82776 28.3389 -8
      vertex -13.5 23.5 -8
      vertex -3.69552 27.9693 -8
    endloop
  endfacet
  facet normal 0 0 1
    outer loop
      vertex -3.69552 27.9693 -8
      vertex -13.5 23.5 -8
      vertex -3.52768 27.6144 -8
    endloop
  endfacet
  facet normal 0 0 1
    outer loop
      vertex -3.52768 27.6144 -8
      vertex -13.5 23.5 -8
      vertex -3.32588 27.2777 -8
    endloop
  endfacet
  facet normal 0 0 1
    outer loop
      vertex 0 25.5 -8
      vertex -13.5 23.5 -8
      vertex 13.5 23.5 -8
    endloop
  endfacet
  facet normal 0 0 1
    outer loop
      vertex -0.780361 25.5769 -8
      vertex -13.5 23.5 -8
      vertex -0.392068 25.5193 -8
    endloop
  endfacet
  facet normal 0 0 1
    outer loop
      vertex -1.16114 25.6722 -8
      vertex -13.5 23.5 -8
      vertex -0.780361 25.5769 -8
    endloop
  endfacet
  facet normal 0 0 1
    outer loop
      vertex -1.53073 25.8045 -8
      vertex -13.5 23.5 -8
      vertex -1.16114 25.6722 -8
    endloop
  endfacet
  facet normal 0 0 1
    outer loop
      vertex -1.88559 25.9723 -8
      vertex -13.5 23.5 -8
      vertex -1.53073 25.8045 -8
    endloop
  endfacet
  facet normal 0 0 1
    outer loop
      vertex -2.22228 26.1741 -8
      vertex -13.5 23.5 -8
      vertex -1.88559 25.9723 -8
    endloop
  endfacet
  facet normal 0 0 1
    outer loop
      vertex -2.53757 26.408 -8
      vertex -13.5 23.5 -8
      vertex -2.22228 26.1741 -8
    endloop
  endfacet
  facet normal 0 0 1
    outer loop
      vertex -3.32588 27.2777 -8
      vertex -13.5 23.5 -8
      vertex -3.09204 26.9624 -8
    endloop
  endfacet
  facet normal 0 0 1
    outer loop
      vertex -15 34 -8
      vertex -13.5 35.5 -8
      vertex -13.647 35.4928 -8
    endloop
  endfacet
  facet normal 0 0 1
    outer loop
      vertex -3.09204 26.9624 -8
      vertex -13.5 23.5 -8
      vertex -2.82843 26.6716 -8
    endloop
  endfacet
  facet normal 0 0 1
    outer loop
      vertex -15 34 -8
      vertex -13.647 35.4928 -8
      vertex -13.7926 35.4712 -8
    endloop
  endfacet
  facet normal 0 0 1
    outer loop
      vertex -2.82843 26.6716 -8
      vertex -13.5 23.5 -8
      vertex -2.53757 26.408 -8
    endloop
  endfacet
  facet normal 0 0 1
    outer loop
      vertex -15 34 -8
      vertex -13.7926 35.4712 -8
      vertex -13.9354 35.4354 -8
    endloop
  endfacet
  facet normal 0 0 1
    outer loop
      vertex -13.5 23.5 -8
      vertex -15 25 -8
      vertex -13.647 23.5072 -8
    endloop
  endfacet
  facet normal 0 0 1
    outer loop
      vertex -15 34 -8
      vertex -13.9354 35.4354 -8
      vertex -14.074 35.3858 -8
    endloop
  endfacet
  facet normal 0 0 1
    outer loop
      vertex -13.647 23.5072 -8
      vertex -15 25 -8
      vertex -13.7926 23.5288 -8
    endloop
  endfacet
  facet normal 0 0 1
    outer loop
      vertex -15 34 -8
      vertex -14.074 35.3858 -8
      vertex -14.2071 35.3229 -8
    endloop
  endfacet
  facet normal 0 0 1
    outer loop
      vertex -13.7926 23.5288 -8
      vertex -15 25 -8
      vertex -13.9354 23.5646 -8
    endloop
  endfacet
  facet normal 0 0 1
    outer loop
      vertex -15 34 -8
      vertex -14.2071 35.3229 -8
      vertex -14.3334 35.2472 -8
    endloop
  endfacet
  facet normal 0 0 1
    outer loop
      vertex -13.9354 23.5646 -8
      vertex -15 25 -8
      vertex -14.074 23.6142 -8
    endloop
  endfacet
  facet normal 0 0 1
    outer loop
      vertex -15 34 -8
      vertex -14.3334 35.2472 -8
      vertex -14.4516 35.1595 -8
    endloop
  endfacet
  facet normal 0 0 1
    outer loop
      vertex -14.074 23.6142 -8
      vertex -15 25 -8
      vertex -14.2071 23.6771 -8
    endloop
  endfacet
  facet normal 0 0 1
    outer loop
      vertex -15 34 -8
      vertex -14.4516 35.1595 -8
      vertex -14.5607 35.0607 -8
    endloop
  endfacet
  facet normal 0 0 1
    outer loop
      vertex -14.2071 23.6771 -8
      vertex -15 25 -8
      vertex -14.3334 23.7528 -8
    endloop
  endfacet
  facet normal 0 0 1
    outer loop
      vertex -15 34 -8
      vertex -14.5607 35.0607 -8
      vertex -14.6595 34.9516 -8
    endloop
  endfacet
  facet normal 0 0 1
    outer loop
      vertex -14.3334 23.7528 -8
      vertex -15 25 -8
      vertex -14.4516 23.8405 -8
    endloop
  endfacet
  facet normal 0 0 1
    outer loop
      vertex -15 34 -8
      vertex -14.6595 34.9516 -8
      vertex -14.7472 34.8334 -8
    endloop
  endfacet
  facet normal 0 0 1
    outer loop
      vertex -14.4516 23.8405 -8
      vertex -15 25 -8
      vertex -14.5607 23.9393 -8
    endloop
  endfacet
  facet normal 0 0 1
    outer loop
      vertex -15 34 -8
      vertex -14.7472 34.8334 -8
      vertex -14.8229 34.7071 -8
    endloop
  endfacet
  facet normal 0 0 1
    outer loop
      vertex -14.5607 23.9393 -8
      vertex -15 25 -8
      vertex -14.6595 24.0484 -8
    endloop
  endfacet
  facet normal 0 0 1
    outer loop
      vertex -15 34 -8
      vertex -14.8229 34.7071 -8
      vertex -14.8858 34.574 -8
    endloop
  endfacet
  facet normal 0 0 1
    outer loop
      vertex -14.6595 24.0484 -8
      vertex -15 25 -8
      vertex -14.7472 24.1666 -8
    endloop
  endfacet
  facet normal 0 0 1
    outer loop
      vertex -15 34 -8
      vertex -14.8858 34.574 -8
      vertex -14.9354 34.4354 -8
    endloop
  endfacet
  facet normal 0 0 1
    outer loop
      vertex -14.7472 24.1666 -8
      vertex -15 25 -8
      vertex -14.8229 24.2929 -8
    endloop
  endfacet
  facet normal 0 0 1
    outer loop
      vertex -15 34 -8
      vertex -14.9354 34.4354 -8
      vertex -14.9712 34.2926 -8
    endloop
  endfacet
  facet normal 0 0 1
    outer loop
      vertex -14.8229 24.2929 -8
      vertex -15 25 -8
      vertex -14.8858 24.426 -8
    endloop
  endfacet
  facet normal 0 0 1
    outer loop
      vertex -15 34 -8
      vertex -14.9712 34.2926 -8
      vertex -14.9928 34.147 -8
    endloop
  endfacet
  facet normal 0 0 1
    outer loop
      vertex -14.8858 24.426 -8
      vertex -15 25 -8
      vertex -14.9354 24.5646 -8
    endloop
  endfacet
  facet normal 0 0 1
    outer loop
      vertex -14.9354 24.5646 -8
      vertex -15 25 -8
      vertex -14.9712 24.7074 -8
    endloop
  endfacet
  facet normal 0 0 1
    outer loop
      vertex -14.9712 24.7074 -8
      vertex -15 25 -8
      vertex -14.9928 24.853 -8
    endloop
  endfacet
  facet normal -0.595861 0.803088 0
    outer loop
      vertex -14.3334 35.2472 -14
      vertex -14.4516 35.1595 -8
      vertex -14.3334 35.2472 -8
    endloop
  endfacet
  facet normal -0.595861 0.803088 0
    outer loop
      vertex -14.4516 35.1595 -8
      vertex -14.3334 35.2472 -14
      vertex -14.4516 35.1595 -14
    endloop
  endfacet
  facet normal 0.970019 -0.243027 0
    outer loop
      vertex -3.92314 30.2804 -8
      vertex -3.82776 30.6611 -14
      vertex -3.82776 30.6611 -8
    endloop
  endfacet
  facet normal 0.970019 -0.243027 0
    outer loop
      vertex -3.82776 30.6611 -14
      vertex -3.92314 30.2804 -8
      vertex -3.92314 30.2804 -14
    endloop
  endfacet
  facet normal -0.146736 -0.989176 0
    outer loop
      vertex 0.392068 33.4807 -14
      vertex 0.780361 33.4231 -8
      vertex 0.392068 33.4807 -8
    endloop
  endfacet
  facet normal -0.146736 -0.989176 -0
    outer loop
      vertex 0.780361 33.4231 -8
      vertex 0.392068 33.4807 -14
      vertex 0.780361 33.4231 -14
    endloop
  endfacet
  facet normal -0.989176 -0.146733 0
    outer loop
      vertex 3.98074 29.8921 -14
      vertex 3.92314 30.2804 -8
      vertex 3.92314 30.2804 -14
    endloop
  endfacet
  facet normal -0.989176 -0.146733 0
    outer loop
      vertex 3.92314 30.2804 -8
      vertex 3.98074 29.8921 -14
      vertex 3.98074 29.8921 -8
    endloop
  endfacet
  facet normal -0.998796 -0.049061 0
    outer loop
      vertex 4 29.5 -14
      vertex 3.98074 29.8921 -8
      vertex 3.98074 29.8921 -14
    endloop
  endfacet
  facet normal -0.998796 -0.049061 0
    outer loop
      vertex 3.98074 29.8921 -8
      vertex 4 29.5 -14
      vertex 4 29.5 -8
    endloop
  endfacet
  facet normal -0.970019 -0.243027 0
    outer loop
      vertex 3.92314 30.2804 -14
      vertex 3.82776 30.6611 -8
      vertex 3.82776 30.6611 -14
    endloop
  endfacet
  facet normal -0.970019 -0.243027 0
    outer loop
      vertex 3.82776 30.6611 -8
      vertex 3.92314 30.2804 -14
      vertex 3.92314 30.2804 -8
    endloop
  endfacet
  facet normal 0.671531 -0.740977 0
    outer loop
      vertex -2.82843 32.3284 -14
      vertex -2.53757 32.592 -8
      vertex -2.82843 32.3284 -8
    endloop
  endfacet
  facet normal 0.671531 -0.740977 0
    outer loop
      vertex -2.53757 32.592 -8
      vertex -2.82843 32.3284 -14
      vertex -2.53757 32.592 -14
    endloop
  endfacet
  facet normal -0.941548 0.336879 0
    outer loop
      vertex 3.69552 27.9693 -14
      vertex 3.82776 28.3389 -8
      vertex 3.82776 28.3389 -14
    endloop
  endfacet
  facet normal -0.941548 0.336879 0
    outer loop
      vertex 3.82776 28.3389 -8
      vertex 3.69552 27.9693 -14
      vertex 3.69552 27.9693 -8
    endloop
  endfacet
  facet normal -0.671531 -0.740977 0
    outer loop
      vertex 2.53757 32.592 -14
      vertex 2.82843 32.3284 -8
      vertex 2.53757 32.592 -8
    endloop
  endfacet
  facet normal -0.671531 -0.740977 -0
    outer loop
      vertex 2.82843 32.3284 -8
      vertex 2.53757 32.592 -14
      vertex 2.82843 32.3284 -14
    endloop
  endfacet
  facet normal -0.42748 -0.904025 0
    outer loop
      vertex 1.53073 33.1955 -14
      vertex 1.88559 33.0277 -8
      vertex 1.53073 33.1955 -8
    endloop
  endfacet
  facet normal -0.42748 -0.904025 -0
    outer loop
      vertex 1.88559 33.0277 -8
      vertex 1.53073 33.1955 -14
      vertex 1.88559 33.0277 -14
    endloop
  endfacet
  facet normal 0.0491666 0.998791 -0
    outer loop
      vertex 0 25.5 -14
      vertex -0.392068 25.5193 -8
      vertex 0 25.5 -8
    endloop
  endfacet
  facet normal 0.0491666 0.998791 0
    outer loop
      vertex -0.392068 25.5193 -8
      vertex 0 25.5 -14
      vertex -0.392068 25.5193 -14
    endloop
  endfacet
  facet normal 0.80321 0.595695 0
    outer loop
      vertex -3.09204 26.9624 -8
      vertex -3.32588 27.2777 -14
      vertex -3.32588 27.2777 -8
    endloop
  endfacet
  facet normal 0.80321 0.595695 0
    outer loop
      vertex -3.32588 27.2777 -14
      vertex -3.09204 26.9624 -8
      vertex -3.09204 26.9624 -14
    endloop
  endfacet
  facet normal 0.337022 -0.941497 0
    outer loop
      vertex -1.53073 33.1955 -14
      vertex -1.16114 33.3278 -8
      vertex -1.53073 33.1955 -8
    endloop
  endfacet
  facet normal 0.337022 -0.941497 0
    outer loop
      vertex -1.16114 33.3278 -8
      vertex -1.53073 33.1955 -14
      vertex -1.16114 33.3278 -14
    endloop
  endfacet
  facet normal -0.42748 0.904025 0
    outer loop
      vertex 1.88559 25.9723 -14
      vertex 1.53073 25.8045 -8
      vertex 1.88559 25.9723 -8
    endloop
  endfacet
  facet normal -0.42748 0.904025 0
    outer loop
      vertex 1.53073 25.8045 -8
      vertex 1.88559 25.9723 -14
      vertex 1.53073 25.8045 -14
    endloop
  endfacet
  facet normal 0.146736 -0.989176 0
    outer loop
      vertex -0.780361 33.4231 -14
      vertex -0.392068 33.4807 -8
      vertex -0.780361 33.4231 -8
    endloop
  endfacet
  facet normal 0.146736 -0.989176 0
    outer loop
      vertex -0.392068 33.4807 -8
      vertex -0.780361 33.4231 -14
      vertex -0.392068 33.4807 -14
    endloop
  endfacet
  facet normal -0.0491666 0.998791 0
    outer loop
      vertex 0.392068 25.5193 -14
      vertex 0 25.5 -8
      vertex 0.392068 25.5193 -8
    endloop
  endfacet
  facet normal -0.0491666 0.998791 0
    outer loop
      vertex 0 25.5 -8
      vertex 0.392068 25.5193 -14
      vertex 0 25.5 -14
    endloop
  endfacet
  facet normal -0.146736 0.989176 0
    outer loop
      vertex 0.780361 25.5769 -14
      vertex 0.392068 25.5193 -8
      vertex 0.780361 25.5769 -8
    endloop
  endfacet
  facet normal -0.146736 0.989176 0
    outer loop
      vertex 0.392068 25.5193 -8
      vertex 0.780361 25.5769 -14
      vertex 0.392068 25.5193 -14
    endloop
  endfacet
  facet normal -0.337022 0.941497 0
    outer loop
      vertex 1.53073 25.8045 -14
      vertex 1.16114 25.6722 -8
      vertex 1.53073 25.8045 -8
    endloop
  endfacet
  facet normal -0.337022 0.941497 0
    outer loop
      vertex 1.16114 25.6722 -8
      vertex 1.53073 25.8045 -14
      vertex 1.16114 25.6722 -14
    endloop
  endfacet
  facet normal 0.970019 0.243027 0
    outer loop
      vertex -3.82776 28.3389 -8
      vertex -3.92314 28.7196 -14
      vertex -3.92314 28.7196 -8
    endloop
  endfacet
  facet normal 0.970019 0.243027 0
    outer loop
      vertex -3.92314 28.7196 -14
      vertex -3.82776 28.3389 -8
      vertex -3.82776 28.3389 -14
    endloop
  endfacet
  facet normal 0.998796 0.049061 0
    outer loop
      vertex -3.98074 29.1079 -8
      vertex -4 29.5 -14
      vertex -4 29.5 -8
    endloop
  endfacet
  facet normal 0.998796 0.049061 0
    outer loop
      vertex -4 29.5 -14
      vertex -3.98074 29.1079 -8
      vertex -3.98074 29.1079 -14
    endloop
  endfacet
  facet normal -0.514095 -0.857733 0
    outer loop
      vertex 1.88559 33.0277 -14
      vertex 2.22228 32.8259 -8
      vertex 1.88559 33.0277 -8
    endloop
  endfacet
  facet normal -0.514095 -0.857733 -0
    outer loop
      vertex 2.22228 32.8259 -8
      vertex 1.88559 33.0277 -14
      vertex 2.22228 32.8259 -14
    endloop
  endfacet
  facet normal -0.740895 0.671621 0
    outer loop
      vertex 2.82843 26.6716 -14
      vertex 3.09204 26.9624 -8
      vertex 3.09204 26.9624 -14
    endloop
  endfacet
  facet normal -0.740895 0.671621 0
    outer loop
      vertex 3.09204 26.9624 -8
      vertex 2.82843 26.6716 -14
      vertex 2.82843 26.6716 -8
    endloop
  endfacet
  facet normal 0.998796 -0.049061 0
    outer loop
      vertex -4 29.5 -8
      vertex -3.98074 29.8921 -14
      vertex -3.98074 29.8921 -8
    endloop
  endfacet
  facet normal 0.998796 -0.049061 0
    outer loop
      vertex -3.98074 29.8921 -14
      vertex -4 29.5 -8
      vertex -4 29.5 -14
    endloop
  endfacet
  facet normal 0.85774 0.514084 0
    outer loop
      vertex -3.32588 27.2777 -8
      vertex -3.52768 27.6144 -14
      vertex -3.52768 27.6144 -8
    endloop
  endfacet
  facet normal 0.85774 0.514084 0
    outer loop
      vertex -3.52768 27.6144 -14
      vertex -3.32588 27.2777 -8
      vertex -3.32588 27.2777 -14
    endloop
  endfacet
  facet normal -0.595806 0.803128 0
    outer loop
      vertex 2.53757 26.408 -14
      vertex 2.22228 26.1741 -8
      vertex 2.53757 26.408 -8
    endloop
  endfacet
  facet normal -0.595806 0.803128 0
    outer loop
      vertex 2.22228 26.1741 -8
      vertex 2.53757 26.408 -14
      vertex 2.22228 26.1741 -14
    endloop
  endfacet
  facet normal 0.740895 0.671621 0
    outer loop
      vertex -2.82843 26.6716 -8
      vertex -3.09204 26.9624 -14
      vertex -3.09204 26.9624 -8
    endloop
  endfacet
  facet normal 0.740895 0.671621 0
    outer loop
      vertex -3.09204 26.9624 -14
      vertex -2.82843 26.6716 -8
      vertex -2.82843 26.6716 -14
    endloop
  endfacet
  facet normal -0.970019 0.243027 0
    outer loop
      vertex 3.82776 28.3389 -14
      vertex 3.92314 28.7196 -8
      vertex 3.92314 28.7196 -14
    endloop
  endfacet
  facet normal -0.970019 0.243027 0
    outer loop
      vertex 3.92314 28.7196 -8
      vertex 3.82776 28.3389 -14
      vertex 3.82776 28.3389 -8
    endloop
  endfacet
  facet normal -0.337022 -0.941497 0
    outer loop
      vertex 1.16114 33.3278 -14
      vertex 1.53073 33.1955 -8
      vertex 1.16114 33.3278 -8
    endloop
  endfacet
  facet normal -0.337022 -0.941497 -0
    outer loop
      vertex 1.53073 33.1955 -8
      vertex 1.16114 33.3278 -14
      vertex 1.53073 33.1955 -14
    endloop
  endfacet
  facet normal 0.242788 -0.970079 0
    outer loop
      vertex -1.16114 33.3278 -14
      vertex -0.780361 33.4231 -8
      vertex -1.16114 33.3278 -8
    endloop
  endfacet
  facet normal 0.242788 -0.970079 0
    outer loop
      vertex -0.780361 33.4231 -8
      vertex -1.16114 33.3278 -14
      vertex -0.780361 33.4231 -14
    endloop
  endfacet
  facet normal -0.595806 -0.803128 0
    outer loop
      vertex 2.22228 32.8259 -14
      vertex 2.53757 32.592 -8
      vertex 2.22228 32.8259 -8
    endloop
  endfacet
  facet normal -0.595806 -0.803128 -0
    outer loop
      vertex 2.53757 32.592 -8
      vertex 2.22228 32.8259 -14
      vertex 2.53757 32.592 -14
    endloop
  endfacet
  facet normal -0.242788 0.970079 0
    outer loop
      vertex 1.16114 25.6722 -14
      vertex 0.780361 25.5769 -8
      vertex 1.16114 25.6722 -8
    endloop
  endfacet
  facet normal -0.242788 0.970079 0
    outer loop
      vertex 0.780361 25.5769 -8
      vertex 1.16114 25.6722 -14
      vertex 0.780361 25.5769 -14
    endloop
  endfacet
  facet normal 0.595806 -0.803128 0
    outer loop
      vertex -2.53757 32.592 -14
      vertex -2.22228 32.8259 -8
      vertex -2.53757 32.592 -8
    endloop
  endfacet
  facet normal 0.595806 -0.803128 0
    outer loop
      vertex -2.22228 32.8259 -8
      vertex -2.53757 32.592 -14
      vertex -2.22228 32.8259 -14
    endloop
  endfacet
  facet normal 0.0491666 -0.998791 0
    outer loop
      vertex -0.392068 33.4807 -14
      vertex 0 33.5 -8
      vertex -0.392068 33.4807 -8
    endloop
  endfacet
  facet normal 0.0491666 -0.998791 0
    outer loop
      vertex 0 33.5 -8
      vertex -0.392068 33.4807 -14
      vertex 0 33.5 -14
    endloop
  endfacet
  facet normal -0.80321 -0.595695 0
    outer loop
      vertex 3.32588 31.7223 -14
      vertex 3.09204 32.0376 -8
      vertex 3.09204 32.0376 -14
    endloop
  endfacet
  facet normal -0.80321 -0.595695 0
    outer loop
      vertex 3.09204 32.0376 -8
      vertex 3.32588 31.7223 -14
      vertex 3.32588 31.7223 -8
    endloop
  endfacet
  facet normal -0.989176 0.146733 0
    outer loop
      vertex 3.92314 28.7196 -14
      vertex 3.98074 29.1079 -8
      vertex 3.98074 29.1079 -14
    endloop
  endfacet
  facet normal -0.989176 0.146733 0
    outer loop
      vertex 3.98074 29.1079 -8
      vertex 3.92314 28.7196 -14
      vertex 3.92314 28.7196 -8
    endloop
  endfacet
  facet normal -0.740895 -0.671621 0
    outer loop
      vertex 3.09204 32.0376 -14
      vertex 2.82843 32.3284 -8
      vertex 2.82843 32.3284 -14
    endloop
  endfacet
  facet normal -0.740895 -0.671621 0
    outer loop
      vertex 2.82843 32.3284 -8
      vertex 3.09204 32.0376 -14
      vertex 3.09204 32.0376 -8
    endloop
  endfacet
  facet normal 0.740895 -0.671621 0
    outer loop
      vertex -3.09204 32.0376 -8
      vertex -2.82843 32.3284 -14
      vertex -2.82843 32.3284 -8
    endloop
  endfacet
  facet normal 0.740895 -0.671621 0
    outer loop
      vertex -2.82843 32.3284 -14
      vertex -3.09204 32.0376 -8
      vertex -3.09204 32.0376 -14
    endloop
  endfacet
  facet normal -0.998796 0.049061 0
    outer loop
      vertex 3.98074 29.1079 -14
      vertex 4 29.5 -8
      vertex 4 29.5 -14
    endloop
  endfacet
  facet normal -0.998796 0.049061 0
    outer loop
      vertex 4 29.5 -8
      vertex 3.98074 29.1079 -14
      vertex 3.98074 29.1079 -8
    endloop
  endfacet
  facet normal 0.671531 0.740977 -0
    outer loop
      vertex -2.53757 26.408 -14
      vertex -2.82843 26.6716 -8
      vertex -2.53757 26.408 -8
    endloop
  endfacet
  facet normal 0.671531 0.740977 0
    outer loop
      vertex -2.82843 26.6716 -8
      vertex -2.53757 26.408 -14
      vertex -2.82843 26.6716 -14
    endloop
  endfacet
  facet normal 0.941548 -0.336879 0
    outer loop
      vertex -3.82776 30.6611 -8
      vertex -3.69552 31.0307 -14
      vertex -3.69552 31.0307 -8
    endloop
  endfacet
  facet normal 0.941548 -0.336879 0
    outer loop
      vertex -3.69552 31.0307 -14
      vertex -3.82776 30.6611 -8
      vertex -3.82776 30.6611 -14
    endloop
  endfacet
  facet normal 0.904004 -0.427523 0
    outer loop
      vertex -3.69552 31.0307 -8
      vertex -3.52768 31.3856 -14
      vertex -3.52768 31.3856 -8
    endloop
  endfacet
  facet normal 0.904004 -0.427523 0
    outer loop
      vertex -3.52768 31.3856 -14
      vertex -3.69552 31.0307 -8
      vertex -3.69552 31.0307 -14
    endloop
  endfacet
  facet normal -0.941548 -0.336879 0
    outer loop
      vertex 3.82776 30.6611 -14
      vertex 3.69552 31.0307 -8
      vertex 3.69552 31.0307 -14
    endloop
  endfacet
  facet normal -0.941548 -0.336879 0
    outer loop
      vertex 3.69552 31.0307 -8
      vertex 3.82776 30.6611 -14
      vertex 3.82776 30.6611 -8
    endloop
  endfacet
  facet normal -0.80321 0.595695 0
    outer loop
      vertex 3.09204 26.9624 -14
      vertex 3.32588 27.2777 -8
      vertex 3.32588 27.2777 -14
    endloop
  endfacet
  facet normal -0.80321 0.595695 0
    outer loop
      vertex 3.32588 27.2777 -8
      vertex 3.09204 26.9624 -14
      vertex 3.09204 26.9624 -8
    endloop
  endfacet
  facet normal -0.85774 0.514084 0
    outer loop
      vertex 3.32588 27.2777 -14
      vertex 3.52768 27.6144 -8
      vertex 3.52768 27.6144 -14
    endloop
  endfacet
  facet normal -0.85774 0.514084 0
    outer loop
      vertex 3.52768 27.6144 -8
      vertex 3.32588 27.2777 -14
      vertex 3.32588 27.2777 -8
    endloop
  endfacet
  facet normal 0.514095 -0.857733 0
    outer loop
      vertex -2.22228 32.8259 -14
      vertex -1.88559 33.0277 -8
      vertex -2.22228 32.8259 -8
    endloop
  endfacet
  facet normal 0.514095 -0.857733 0
    outer loop
      vertex -1.88559 33.0277 -8
      vertex -2.22228 32.8259 -14
      vertex -1.88559 33.0277 -14
    endloop
  endfacet
  facet normal 0.85774 -0.514084 0
    outer loop
      vertex -3.52768 31.3856 -8
      vertex -3.32588 31.7223 -14
      vertex -3.32588 31.7223 -8
    endloop
  endfacet
  facet normal 0.85774 -0.514084 0
    outer loop
      vertex -3.32588 31.7223 -14
      vertex -3.52768 31.3856 -8
      vertex -3.52768 31.3856 -14
    endloop
  endfacet
  facet normal 0.989176 -0.146733 0
    outer loop
      vertex -3.98074 29.8921 -8
      vertex -3.92314 30.2804 -14
      vertex -3.92314 30.2804 -8
    endloop
  endfacet
  facet normal 0.989176 -0.146733 0
    outer loop
      vertex -3.92314 30.2804 -14
      vertex -3.98074 29.8921 -8
      vertex -3.98074 29.8921 -14
    endloop
  endfacet
  facet normal -0.904004 -0.427523 0
    outer loop
      vertex 3.69552 31.0307 -14
      vertex 3.52768 31.3856 -8
      vertex 3.52768 31.3856 -14
    endloop
  endfacet
  facet normal -0.904004 -0.427523 0
    outer loop
      vertex 3.52768 31.3856 -8
      vertex 3.69552 31.0307 -14
      vertex 3.69552 31.0307 -8
    endloop
  endfacet
  facet normal -0.85774 -0.514084 0
    outer loop
      vertex 3.52768 31.3856 -14
      vertex 3.32588 31.7223 -8
      vertex 3.32588 31.7223 -14
    endloop
  endfacet
  facet normal -0.85774 -0.514084 0
    outer loop
      vertex 3.32588 31.7223 -8
      vertex 3.52768 31.3856 -14
      vertex 3.52768 31.3856 -8
    endloop
  endfacet
  facet normal 0.80321 -0.595695 0
    outer loop
      vertex -3.32588 31.7223 -8
      vertex -3.09204 32.0376 -14
      vertex -3.09204 32.0376 -8
    endloop
  endfacet
  facet normal 0.80321 -0.595695 0
    outer loop
      vertex -3.09204 32.0376 -14
      vertex -3.32588 31.7223 -8
      vertex -3.32588 31.7223 -14
    endloop
  endfacet
  facet normal 0.242788 0.970079 -0
    outer loop
      vertex -0.780361 25.5769 -14
      vertex -1.16114 25.6722 -8
      vertex -0.780361 25.5769 -8
    endloop
  endfacet
  facet normal 0.242788 0.970079 0
    outer loop
      vertex -1.16114 25.6722 -8
      vertex -0.780361 25.5769 -14
      vertex -1.16114 25.6722 -14
    endloop
  endfacet
  facet normal -0.514095 0.857733 0
    outer loop
      vertex 2.22228 26.1741 -14
      vertex 1.88559 25.9723 -8
      vertex 2.22228 26.1741 -8
    endloop
  endfacet
  facet normal -0.514095 0.857733 0
    outer loop
      vertex 1.88559 25.9723 -8
      vertex 2.22228 26.1741 -14
      vertex 1.88559 25.9723 -14
    endloop
  endfacet
  facet normal -0.0491666 -0.998791 0
    outer loop
      vertex 0 33.5 -14
      vertex 0.392068 33.4807 -8
      vertex 0 33.5 -8
    endloop
  endfacet
  facet normal -0.0491666 -0.998791 -0
    outer loop
      vertex 0.392068 33.4807 -8
      vertex 0 33.5 -14
      vertex 0.392068 33.4807 -14
    endloop
  endfacet
  facet normal 0.989176 0.146733 0
    outer loop
      vertex -3.92314 28.7196 -8
      vertex -3.98074 29.1079 -14
      vertex -3.98074 29.1079 -8
    endloop
  endfacet
  facet normal 0.989176 0.146733 0
    outer loop
      vertex -3.98074 29.1079 -14
      vertex -3.92314 28.7196 -8
      vertex -3.92314 28.7196 -14
    endloop
  endfacet
  facet normal 0.941548 0.336879 0
    outer loop
      vertex -3.69552 27.9693 -8
      vertex -3.82776 28.3389 -14
      vertex -3.82776 28.3389 -8
    endloop
  endfacet
  facet normal 0.941548 0.336879 0
    outer loop
      vertex -3.82776 28.3389 -14
      vertex -3.69552 27.9693 -8
      vertex -3.69552 27.9693 -14
    endloop
  endfacet
  facet normal 0.337022 0.941497 -0
    outer loop
      vertex -1.16114 25.6722 -14
      vertex -1.53073 25.8045 -8
      vertex -1.16114 25.6722 -8
    endloop
  endfacet
  facet normal 0.337022 0.941497 0
    outer loop
      vertex -1.53073 25.8045 -8
      vertex -1.16114 25.6722 -14
      vertex -1.53073 25.8045 -14
    endloop
  endfacet
  facet normal -0.242788 -0.970079 0
    outer loop
      vertex 0.780361 33.4231 -14
      vertex 1.16114 33.3278 -8
      vertex 0.780361 33.4231 -8
    endloop
  endfacet
  facet normal -0.242788 -0.970079 -0
    outer loop
      vertex 1.16114 33.3278 -8
      vertex 0.780361 33.4231 -14
      vertex 1.16114 33.3278 -14
    endloop
  endfacet
  facet normal -0.904004 0.427523 0
    outer loop
      vertex 3.52768 27.6144 -14
      vertex 3.69552 27.9693 -8
      vertex 3.69552 27.9693 -14
    endloop
  endfacet
  facet normal -0.904004 0.427523 0
    outer loop
      vertex 3.69552 27.9693 -8
      vertex 3.52768 27.6144 -14
      vertex 3.52768 27.6144 -8
    endloop
  endfacet
  facet normal 0.595806 0.803128 -0
    outer loop
      vertex -2.22228 26.1741 -14
      vertex -2.53757 26.408 -8
      vertex -2.22228 26.1741 -8
    endloop
  endfacet
  facet normal 0.595806 0.803128 0
    outer loop
      vertex -2.53757 26.408 -8
      vertex -2.22228 26.1741 -14
      vertex -2.53757 26.408 -14
    endloop
  endfacet
  facet normal -0.671531 0.740977 0
    outer loop
      vertex 2.82843 26.6716 -14
      vertex 2.53757 26.408 -8
      vertex 2.82843 26.6716 -8
    endloop
  endfacet
  facet normal -0.671531 0.740977 0
    outer loop
      vertex 2.53757 26.408 -8
      vertex 2.82843 26.6716 -14
      vertex 2.53757 26.408 -14
    endloop
  endfacet
  facet normal 0.904004 0.427523 0
    outer loop
      vertex -3.52768 27.6144 -8
      vertex -3.69552 27.9693 -14
      vertex -3.69552 27.9693 -8
    endloop
  endfacet
  facet normal 0.904004 0.427523 0
    outer loop
      vertex -3.69552 27.9693 -14
      vertex -3.52768 27.6144 -8
      vertex -3.52768 27.6144 -14
    endloop
  endfacet
  facet normal 0.42748 -0.904025 0
    outer loop
      vertex -1.88559 33.0277 -14
      vertex -1.53073 33.1955 -8
      vertex -1.88559 33.0277 -8
    endloop
  endfacet
  facet normal 0.42748 -0.904025 0
    outer loop
      vertex -1.53073 33.1955 -8
      vertex -1.88559 33.0277 -14
      vertex -1.53073 33.1955 -14
    endloop
  endfacet
  facet normal 0.42748 0.904025 -0
    outer loop
      vertex -1.53073 25.8045 -14
      vertex -1.88559 25.9723 -8
      vertex -1.53073 25.8045 -8
    endloop
  endfacet
  facet normal 0.42748 0.904025 0
    outer loop
      vertex -1.88559 25.9723 -8
      vertex -1.53073 25.8045 -14
      vertex -1.88559 25.9723 -14
    endloop
  endfacet
  facet normal 0.146736 0.989176 -0
    outer loop
      vertex -0.392068 25.5193 -14
      vertex -0.780361 25.5769 -8
      vertex -0.392068 25.5193 -8
    endloop
  endfacet
  facet normal 0.146736 0.989176 0
    outer loop
      vertex -0.780361 25.5769 -8
      vertex -0.392068 25.5193 -14
      vertex -0.780361 25.5769 -14
    endloop
  endfacet
  facet normal 0.514095 0.857733 -0
    outer loop
      vertex -1.88559 25.9723 -14
      vertex -2.22228 26.1741 -8
      vertex -1.88559 25.9723 -8
    endloop
  endfacet
  facet normal 0.514095 0.857733 0
    outer loop
      vertex -2.22228 26.1741 -8
      vertex -1.88559 25.9723 -14
      vertex -2.22228 26.1741 -14
    endloop
  endfacet
  facet normal 0.989174 -0.146746 0
    outer loop
      vertex 14.9712 24.7074 14
      vertex 14.9928 24.853 8
      vertex 14.9928 24.853 14
    endloop
  endfacet
  facet normal 0.989174 -0.146746 0
    outer loop
      vertex 14.9928 24.853 8
      vertex 14.9712 24.7074 14
      vertex 14.9712 24.7074 8
    endloop
  endfacet
  facet normal 0.998803 -0.0489209 0
    outer loop
      vertex 14.9928 24.853 14
      vertex 15 25 8
      vertex 15 25 14
    endloop
  endfacet
  facet normal 0.998803 -0.0489209 0
    outer loop
      vertex 15 25 8
      vertex 14.9928 24.853 14
      vertex 14.9928 24.853 8
    endloop
  endfacet
  facet normal 0.336939 0.941527 -0
    outer loop
      vertex 14.074 35.3858 8
      vertex 13.9354 35.4354 14
      vertex 14.074 35.3858 14
    endloop
  endfacet
  facet normal 0.336939 0.941527 0
    outer loop
      vertex 13.9354 35.4354 14
      vertex 14.074 35.3858 8
      vertex 13.9354 35.4354 8
    endloop
  endfacet
  facet normal -0.595861 -0.803088 0
    outer loop
      vertex -14.4516 23.8405 8
      vertex -14.3334 23.7528 14
      vertex -14.4516 23.8405 14
    endloop
  endfacet
  facet normal -0.595861 -0.803088 -0
    outer loop
      vertex -14.3334 23.7528 14
      vertex -14.4516 23.8405 8
      vertex -14.3334 23.7528 8
    endloop
  endfacet
  facet normal 0.243175 0.969982 -0
    outer loop
      vertex 13.9354 35.4354 8
      vertex 13.7926 35.4712 14
      vertex 13.9354 35.4354 14
    endloop
  endfacet
  facet normal 0.243175 0.969982 0
    outer loop
      vertex 13.7926 35.4712 14
      vertex 13.9354 35.4354 8
      vertex 13.7926 35.4712 8
    endloop
  endfacet
  facet normal 0.671251 0.74123 -0
    outer loop
      vertex 14.5607 35.0607 8
      vertex 14.4516 35.1595 14
      vertex 14.5607 35.0607 14
    endloop
  endfacet
  facet normal 0.671251 0.74123 0
    outer loop
      vertex 14.4516 35.1595 14
      vertex 14.5607 35.0607 8
      vertex 14.4516 35.1595 8
    endloop
  endfacet
  facet normal 0.595861 -0.803088 0
    outer loop
      vertex 14.3334 23.7528 8
      vertex 14.4516 23.8405 14
      vertex 14.3334 23.7528 14
    endloop
  endfacet
  facet normal 0.595861 -0.803088 0
    outer loop
      vertex 14.4516 23.8405 14
      vertex 14.3334 23.7528 8
      vertex 14.4516 23.8405 8
    endloop
  endfacet
  facet normal -1 0 0
    outer loop
      vertex -15 25 8
      vertex -15 34 14
      vertex -15 34 8
    endloop
  endfacet
  facet normal -1 -0 0
    outer loop
      vertex -15 34 14
      vertex -15 25 8
      vertex -15 25 14
    endloop
  endfacet
  facet normal 0 1 -0
    outer loop
      vertex 13.5 35.5 8
      vertex -13.5 35.5 14
      vertex 13.5 35.5 14
    endloop
  endfacet
  facet normal 0 1 0
    outer loop
      vertex -13.5 35.5 14
      vertex 13.5 35.5 8
      vertex -13.5 35.5 8
    endloop
  endfacet
  facet normal -0.146746 -0.989174 0
    outer loop
      vertex -13.7926 23.5288 8
      vertex -13.647 23.5072 14
      vertex -13.7926 23.5288 14
    endloop
  endfacet
  facet normal -0.146746 -0.989174 -0
    outer loop
      vertex -13.647 23.5072 14
      vertex -13.7926 23.5288 8
      vertex -13.647 23.5072 8
    endloop
  endfacet
  facet normal -0.969982 -0.243175 0
    outer loop
      vertex -14.9354 24.5646 8
      vertex -14.9712 24.7074 14
      vertex -14.9712 24.7074 8
    endloop
  endfacet
  facet normal -0.969982 -0.243175 0
    outer loop
      vertex -14.9712 24.7074 14
      vertex -14.9354 24.5646 8
      vertex -14.9354 24.5646 14
    endloop
  endfacet
  facet normal -0.336939 -0.941527 0
    outer loop
      vertex -14.074 23.6142 8
      vertex -13.9354 23.5646 14
      vertex -14.074 23.6142 14
    endloop
  endfacet
  facet normal -0.336939 -0.941527 -0
    outer loop
      vertex -13.9354 23.5646 14
      vertex -14.074 23.6142 8
      vertex -13.9354 23.5646 8
    endloop
  endfacet
  facet normal 0.969982 -0.243175 0
    outer loop
      vertex 14.9354 24.5646 14
      vertex 14.9712 24.7074 8
      vertex 14.9712 24.7074 14
    endloop
  endfacet
  facet normal 0.969982 -0.243175 0
    outer loop
      vertex 14.9712 24.7074 8
      vertex 14.9354 24.5646 14
      vertex 14.9354 24.5646 8
    endloop
  endfacet
  facet normal 1 -0 0
    outer loop
      vertex 15 25 14
      vertex 15 34 8
      vertex 15 34 14
    endloop
  endfacet
  facet normal 1 0 0
    outer loop
      vertex 15 34 8
      vertex 15 25 14
      vertex 15 25 8
    endloop
  endfacet
  facet normal -0.0489209 0.998803 0
    outer loop
      vertex -13.5 35.5 8
      vertex -13.647 35.4928 14
      vertex -13.5 35.5 14
    endloop
  endfacet
  facet normal -0.0489209 0.998803 0
    outer loop
      vertex -13.647 35.4928 14
      vertex -13.5 35.5 8
      vertex -13.647 35.4928 8
    endloop
  endfacet
  facet normal 0.595861 0.803088 -0
    outer loop
      vertex 14.4516 35.1595 8
      vertex 14.3334 35.2472 14
      vertex 14.4516 35.1595 14
    endloop
  endfacet
  facet normal 0.595861 0.803088 0
    outer loop
      vertex 14.3334 35.2472 14
      vertex 14.4516 35.1595 8
      vertex 14.3334 35.2472 8
    endloop
  endfacet
  facet normal 0.904125 0.427269 0
    outer loop
      vertex 14.8858 34.574 14
      vertex 14.8229 34.7071 8
      vertex 14.8229 34.7071 14
    endloop
  endfacet
  facet normal 0.904125 0.427269 0
    outer loop
      vertex 14.8229 34.7071 8
      vertex 14.8858 34.574 14
      vertex 14.8858 34.574 8
    endloop
  endfacet
  facet normal -0.427269 -0.904125 0
    outer loop
      vertex -14.2071 23.6771 8
      vertex -14.074 23.6142 14
      vertex -14.2071 23.6771 14
    endloop
  endfacet
  facet normal -0.427269 -0.904125 -0
    outer loop
      vertex -14.074 23.6142 14
      vertex -14.2071 23.6771 8
      vertex -14.074 23.6142 8
    endloop
  endfacet
  facet normal -0.514096 0.857733 0
    outer loop
      vertex -14.2071 35.3229 8
      vertex -14.3334 35.2472 14
      vertex -14.2071 35.3229 14
    endloop
  endfacet
  facet normal -0.514096 0.857733 0
    outer loop
      vertex -14.3334 35.2472 14
      vertex -14.2071 35.3229 8
      vertex -14.3334 35.2472 8
    endloop
  endfacet
  facet normal -0.998803 0.0489209 0
    outer loop
      vertex -15 34 8
      vertex -14.9928 34.147 14
      vertex -14.9928 34.147 8
    endloop
  endfacet
  facet normal -0.998803 0.0489209 0
    outer loop
      vertex -14.9928 34.147 14
      vertex -15 34 8
      vertex -15 34 14
    endloop
  endfacet
  facet normal 0.941527 -0.336939 0
    outer loop
      vertex 14.8858 24.426 14
      vertex 14.9354 24.5646 8
      vertex 14.9354 24.5646 14
    endloop
  endfacet
  facet normal 0.941527 -0.336939 0
    outer loop
      vertex 14.9354 24.5646 8
      vertex 14.8858 24.426 14
      vertex 14.8858 24.426 8
    endloop
  endfacet
  facet normal -0.243175 -0.969982 0
    outer loop
      vertex -13.9354 23.5646 8
      vertex -13.7926 23.5288 14
      vertex -13.9354 23.5646 14
    endloop
  endfacet
  facet normal -0.243175 -0.969982 -0
    outer loop
      vertex -13.7926 23.5288 14
      vertex -13.9354 23.5646 8
      vertex -13.7926 23.5288 8
    endloop
  endfacet
  facet normal -0.803088 0.595861 0
    outer loop
      vertex -14.7472 34.8334 8
      vertex -14.6595 34.9516 14
      vertex -14.6595 34.9516 8
    endloop
  endfacet
  facet normal -0.803088 0.595861 0
    outer loop
      vertex -14.6595 34.9516 14
      vertex -14.7472 34.8334 8
      vertex -14.7472 34.8334 14
    endloop
  endfacet
  facet normal 0.146746 0.989174 -0
    outer loop
      vertex 13.7926 35.4712 8
      vertex 13.647 35.4928 14
      vertex 13.7926 35.4712 14
    endloop
  endfacet
  facet normal 0.146746 0.989174 0
    outer loop
      vertex 13.647 35.4928 14
      vertex 13.7926 35.4712 8
      vertex 13.647 35.4928 8
    endloop
  endfacet
  facet normal -0.904125 -0.427269 0
    outer loop
      vertex -14.8229 24.2929 8
      vertex -14.8858 24.426 14
      vertex -14.8858 24.426 8
    endloop
  endfacet
  facet normal -0.904125 -0.427269 0
    outer loop
      vertex -14.8858 24.426 14
      vertex -14.8229 24.2929 8
      vertex -14.8229 24.2929 14
    endloop
  endfacet
  facet normal 0.803088 0.595861 0
    outer loop
      vertex 14.7472 34.8334 14
      vertex 14.6595 34.9516 8
      vertex 14.6595 34.9516 14
    endloop
  endfacet
  facet normal 0.803088 0.595861 0
    outer loop
      vertex 14.6595 34.9516 8
      vertex 14.7472 34.8334 14
      vertex 14.7472 34.8334 8
    endloop
  endfacet
  facet normal 0.0489209 0.998803 -0
    outer loop
      vertex 13.647 35.4928 8
      vertex 13.5 35.5 14
      vertex 13.647 35.4928 14
    endloop
  endfacet
  facet normal 0.0489209 0.998803 0
    outer loop
      vertex 13.5 35.5 14
      vertex 13.647 35.4928 8
      vertex 13.5 35.5 8
    endloop
  endfacet
  facet normal 0.0489209 -0.998803 0
    outer loop
      vertex 13.5 23.5 8
      vertex 13.647 23.5072 14
      vertex 13.5 23.5 14
    endloop
  endfacet
  facet normal 0.0489209 -0.998803 0
    outer loop
      vertex 13.647 23.5072 14
      vertex 13.5 23.5 8
      vertex 13.647 23.5072 8
    endloop
  endfacet
  facet normal -0.671251 0.74123 0
    outer loop
      vertex -14.4516 35.1595 8
      vertex -14.5607 35.0607 14
      vertex -14.4516 35.1595 14
    endloop
  endfacet
  facet normal -0.671251 0.74123 0
    outer loop
      vertex -14.5607 35.0607 14
      vertex -14.4516 35.1595 8
      vertex -14.5607 35.0607 8
    endloop
  endfacet
  facet normal 0.904125 -0.427269 0
    outer loop
      vertex 14.8229 24.2929 14
      vertex 14.8858 24.426 8
      vertex 14.8858 24.426 14
    endloop
  endfacet
  facet normal 0.904125 -0.427269 0
    outer loop
      vertex 14.8858 24.426 8
      vertex 14.8229 24.2929 14
      vertex 14.8229 24.2929 8
    endloop
  endfacet
  facet normal -0.998803 -0.0489209 0
    outer loop
      vertex -14.9928 24.853 8
      vertex -15 25 14
      vertex -15 25 8
    endloop
  endfacet
  facet normal -0.998803 -0.0489209 0
    outer loop
      vertex -15 25 14
      vertex -14.9928 24.853 8
      vertex -14.9928 24.853 14
    endloop
  endfacet
  facet normal 0 -1 0
    outer loop
      vertex -13.5 23.5 8
      vertex 13.5 23.5 14
      vertex -13.5 23.5 14
    endloop
  endfacet
  facet normal 0 -1 -0
    outer loop
      vertex 13.5 23.5 14
      vertex -13.5 23.5 8
      vertex 13.5 23.5 8
    endloop
  endfacet
  facet normal -0.857733 -0.514096 0
    outer loop
      vertex -14.7472 24.1666 8
      vertex -14.8229 24.2929 14
      vertex -14.8229 24.2929 8
    endloop
  endfacet
  facet normal -0.857733 -0.514096 0
    outer loop
      vertex -14.8229 24.2929 14
      vertex -14.7472 24.1666 8
      vertex -14.7472 24.1666 14
    endloop
  endfacet
  facet normal 0.803088 -0.595861 0
    outer loop
      vertex 14.6595 24.0484 14
      vertex 14.7472 24.1666 8
      vertex 14.7472 24.1666 14
    endloop
  endfacet
  facet normal 0.803088 -0.595861 0
    outer loop
      vertex 14.7472 24.1666 8
      vertex 14.6595 24.0484 14
      vertex 14.6595 24.0484 8
    endloop
  endfacet
  facet normal -0.74123 -0.671251 0
    outer loop
      vertex -14.5607 23.9393 8
      vertex -14.6595 24.0484 14
      vertex -14.6595 24.0484 8
    endloop
  endfacet
  facet normal -0.74123 -0.671251 0
    outer loop
      vertex -14.6595 24.0484 14
      vertex -14.5607 23.9393 8
      vertex -14.5607 23.9393 14
    endloop
  endfacet
  facet normal -0.336939 0.941527 0
    outer loop
      vertex -13.9354 35.4354 8
      vertex -14.074 35.3858 14
      vertex -13.9354 35.4354 14
    endloop
  endfacet
  facet normal -0.336939 0.941527 0
    outer loop
      vertex -14.074 35.3858 14
      vertex -13.9354 35.4354 8
      vertex -14.074 35.3858 8
    endloop
  endfacet
  facet normal -0.514096 -0.857733 0
    outer loop
      vertex -14.3334 23.7528 8
      vertex -14.2071 23.6771 14
      vertex -14.3334 23.7528 14
    endloop
  endfacet
  facet normal -0.514096 -0.857733 -0
    outer loop
      vertex -14.2071 23.6771 14
      vertex -14.3334 23.7528 8
      vertex -14.2071 23.6771 8
    endloop
  endfacet
  facet normal -0.941527 -0.336939 0
    outer loop
      vertex -14.8858 24.426 8
      vertex -14.9354 24.5646 14
      vertex -14.9354 24.5646 8
    endloop
  endfacet
  facet normal -0.941527 -0.336939 0
    outer loop
      vertex -14.9354 24.5646 14
      vertex -14.8858 24.426 8
      vertex -14.8858 24.426 14
    endloop
  endfacet
  facet normal -0.0489209 -0.998803 0
    outer loop
      vertex -13.647 23.5072 8
      vertex -13.5 23.5 14
      vertex -13.647 23.5072 14
    endloop
  endfacet
  facet normal -0.0489209 -0.998803 -0
    outer loop
      vertex -13.5 23.5 14
      vertex -13.647 23.5072 8
      vertex -13.5 23.5 8
    endloop
  endfacet
  facet normal -0.803088 -0.595861 0
    outer loop
      vertex -14.6595 24.0484 8
      vertex -14.7472 24.1666 14
      vertex -14.7472 24.1666 8
    endloop
  endfacet
  facet normal -0.803088 -0.595861 0
    outer loop
      vertex -14.7472 24.1666 14
      vertex -14.6595 24.0484 8
      vertex -14.6595 24.0484 14
    endloop
  endfacet
  facet normal 0.336939 -0.941527 0
    outer loop
      vertex 13.9354 23.5646 8
      vertex 14.074 23.6142 14
      vertex 13.9354 23.5646 14
    endloop
  endfacet
  facet normal 0.336939 -0.941527 0
    outer loop
      vertex 14.074 23.6142 14
      vertex 13.9354 23.5646 8
      vertex 14.074 23.6142 8
    endloop
  endfacet
  facet normal -0.74123 0.671251 0
    outer loop
      vertex -14.6595 34.9516 8
      vertex -14.5607 35.0607 14
      vertex -14.5607 35.0607 8
    endloop
  endfacet
  facet normal -0.74123 0.671251 0
    outer loop
      vertex -14.5607 35.0607 14
      vertex -14.6595 34.9516 8
      vertex -14.6595 34.9516 14
    endloop
  endfacet
  facet normal 0.671251 -0.74123 0
    outer loop
      vertex 14.4516 23.8405 8
      vertex 14.5607 23.9393 14
      vertex 14.4516 23.8405 14
    endloop
  endfacet
  facet normal 0.671251 -0.74123 0
    outer loop
      vertex 14.5607 23.9393 14
      vertex 14.4516 23.8405 8
      vertex 14.5607 23.9393 8
    endloop
  endfacet
  facet normal -0.989174 0.146746 0
    outer loop
      vertex -14.9928 34.147 8
      vertex -14.9712 34.2926 14
      vertex -14.9712 34.2926 8
    endloop
  endfacet
  facet normal -0.989174 0.146746 0
    outer loop
      vertex -14.9712 34.2926 14
      vertex -14.9928 34.147 8
      vertex -14.9928 34.147 14
    endloop
  endfacet
  facet normal -0.857733 0.514096 0
    outer loop
      vertex -14.8229 34.7071 8
      vertex -14.7472 34.8334 14
      vertex -14.7472 34.8334 8
    endloop
  endfacet
  facet normal -0.857733 0.514096 0
    outer loop
      vertex -14.7472 34.8334 14
      vertex -14.8229 34.7071 8
      vertex -14.8229 34.7071 14
    endloop
  endfacet
  facet normal 0.998803 0.0489209 0
    outer loop
      vertex 15 34 14
      vertex 14.9928 34.147 8
      vertex 14.9928 34.147 14
    endloop
  endfacet
  facet normal 0.998803 0.0489209 0
    outer loop
      vertex 14.9928 34.147 8
      vertex 15 34 14
      vertex 15 34 8
    endloop
  endfacet
  facet normal 0.514096 0.857733 -0
    outer loop
      vertex 14.3334 35.2472 8
      vertex 14.2071 35.3229 14
      vertex 14.3334 35.2472 14
    endloop
  endfacet
  facet normal 0.514096 0.857733 0
    outer loop
      vertex 14.2071 35.3229 14
      vertex 14.3334 35.2472 8
      vertex 14.2071 35.3229 8
    endloop
  endfacet
  facet normal 0.427269 0.904125 -0
    outer loop
      vertex 14.2071 35.3229 8
      vertex 14.074 35.3858 14
      vertex 14.2071 35.3229 14
    endloop
  endfacet
  facet normal 0.427269 0.904125 0
    outer loop
      vertex 14.074 35.3858 14
      vertex 14.2071 35.3229 8
      vertex 14.074 35.3858 8
    endloop
  endfacet
  facet normal 0.857733 0.514096 0
    outer loop
      vertex 14.8229 34.7071 14
      vertex 14.7472 34.8334 8
      vertex 14.7472 34.8334 14
    endloop
  endfacet
  facet normal 0.857733 0.514096 0
    outer loop
      vertex 14.7472 34.8334 8
      vertex 14.8229 34.7071 14
      vertex 14.8229 34.7071 8
    endloop
  endfacet
  facet normal -0.941527 0.336939 0
    outer loop
      vertex -14.9354 34.4354 8
      vertex -14.8858 34.574 14
      vertex -14.8858 34.574 8
    endloop
  endfacet
  facet normal -0.941527 0.336939 0
    outer loop
      vertex -14.8858 34.574 14
      vertex -14.9354 34.4354 8
      vertex -14.9354 34.4354 14
    endloop
  endfacet
  facet normal 0.514096 -0.857733 0
    outer loop
      vertex 14.2071 23.6771 8
      vertex 14.3334 23.7528 14
      vertex 14.2071 23.6771 14
    endloop
  endfacet
  facet normal 0.514096 -0.857733 0
    outer loop
      vertex 14.3334 23.7528 14
      vertex 14.2071 23.6771 8
      vertex 14.3334 23.7528 8
    endloop
  endfacet
  facet normal 0.146746 -0.989174 0
    outer loop
      vertex 13.647 23.5072 8
      vertex 13.7926 23.5288 14
      vertex 13.647 23.5072 14
    endloop
  endfacet
  facet normal 0.146746 -0.989174 0
    outer loop
      vertex 13.7926 23.5288 14
      vertex 13.647 23.5072 8
      vertex 13.7926 23.5288 8
    endloop
  endfacet
  facet normal 0.857733 -0.514096 0
    outer loop
      vertex 14.7472 24.1666 14
      vertex 14.8229 24.2929 8
      vertex 14.8229 24.2929 14
    endloop
  endfacet
  facet normal 0.857733 -0.514096 0
    outer loop
      vertex 14.8229 24.2929 8
      vertex 14.7472 24.1666 14
      vertex 14.7472 24.1666 8
    endloop
  endfacet
  facet normal -0.146746 0.989174 0
    outer loop
      vertex -13.647 35.4928 8
      vertex -13.7926 35.4712 14
      vertex -13.647 35.4928 14
    endloop
  endfacet
  facet normal -0.146746 0.989174 0
    outer loop
      vertex -13.7926 35.4712 14
      vertex -13.647 35.4928 8
      vertex -13.7926 35.4712 8
    endloop
  endfacet
  facet normal -0.243175 0.969982 0
    outer loop
      vertex -13.7926 35.4712 8
      vertex -13.9354 35.4354 14
      vertex -13.7926 35.4712 14
    endloop
  endfacet
  facet normal -0.243175 0.969982 0
    outer loop
      vertex -13.9354 35.4354 14
      vertex -13.7926 35.4712 8
      vertex -13.9354 35.4354 8
    endloop
  endfacet
  facet normal 0.74123 -0.671251 0
    outer loop
      vertex 14.5607 23.9393 14
      vertex 14.6595 24.0484 8
      vertex 14.6595 24.0484 14
    endloop
  endfacet
  facet normal 0.74123 -0.671251 0
    outer loop
      vertex 14.6595 24.0484 8
      vertex 14.5607 23.9393 14
      vertex 14.5607 23.9393 8
    endloop
  endfacet
  facet normal 0.969982 0.243175 0
    outer loop
      vertex 14.9712 34.2926 14
      vertex 14.9354 34.4354 8
      vertex 14.9354 34.4354 14
    endloop
  endfacet
  facet normal 0.969982 0.243175 0
    outer loop
      vertex 14.9354 34.4354 8
      vertex 14.9712 34.2926 14
      vertex 14.9712 34.2926 8
    endloop
  endfacet
  facet normal -0.989174 -0.146746 0
    outer loop
      vertex -14.9712 24.7074 8
      vertex -14.9928 24.853 14
      vertex -14.9928 24.853 8
    endloop
  endfacet
  facet normal -0.989174 -0.146746 0
    outer loop
      vertex -14.9928 24.853 14
      vertex -14.9712 24.7074 8
      vertex -14.9712 24.7074 14
    endloop
  endfacet
  facet normal -0.904125 0.427269 0
    outer loop
      vertex -14.8858 34.574 8
      vertex -14.8229 34.7071 14
      vertex -14.8229 34.7071 8
    endloop
  endfacet
  facet normal -0.904125 0.427269 0
    outer loop
      vertex -14.8229 34.7071 14
      vertex -14.8858 34.574 8
      vertex -14.8858 34.574 14
    endloop
  endfacet
  facet normal 0 0 -1
    outer loop
      vertex 13.5 23.5 8
      vertex 15 25 8
      vertex 14.9928 24.853 8
    endloop
  endfacet
  facet normal 0 0 -1
    outer loop
      vertex 15 25 8
      vertex 4 29.5 8
      vertex 15 34 8
    endloop
  endfacet
  facet normal 0 0 -1
    outer loop
      vertex 13.5 23.5 8
      vertex 14.9928 24.853 8
      vertex 14.9712 24.7074 8
    endloop
  endfacet
  facet normal 0 0 -1
    outer loop
      vertex 3.98074 29.8921 8
      vertex 15 34 8
      vertex 4 29.5 8
    endloop
  endfacet
  facet normal 0 0 -1
    outer loop
      vertex 13.5 23.5 8
      vertex 14.9712 24.7074 8
      vertex 14.9354 24.5646 8
    endloop
  endfacet
  facet normal 0 -0 -1
    outer loop
      vertex 13.5 35.5 8
      vertex 15 34 8
      vertex 3.98074 29.8921 8
    endloop
  endfacet
  facet normal 0 0 -1
    outer loop
      vertex 13.5 23.5 8
      vertex 14.9354 24.5646 8
      vertex 14.8858 24.426 8
    endloop
  endfacet
  facet normal 0 0 -1
    outer loop
      vertex 15 34 8
      vertex 13.5 35.5 8
      vertex 14.9928 34.147 8
    endloop
  endfacet
  facet normal 0 0 -1
    outer loop
      vertex 13.5 23.5 8
      vertex 14.8858 24.426 8
      vertex 14.8229 24.2929 8
    endloop
  endfacet
  facet normal -0 0 -1
    outer loop
      vertex 15 25 8
      vertex 13.5 23.5 8
      vertex 3.98074 29.1079 8
    endloop
  endfacet
  facet normal 0 0 -1
    outer loop
      vertex 13.5 23.5 8
      vertex 14.8229 24.2929 8
      vertex 14.7472 24.1666 8
    endloop
  endfacet
  facet normal 0 0 -1
    outer loop
      vertex 14.9712 34.2926 8
      vertex 13.5 35.5 8
      vertex 14.9354 34.4354 8
    endloop
  endfacet
  facet normal 0 0 -1
    outer loop
      vertex 13.5 23.5 8
      vertex 14.7472 24.1666 8
      vertex 14.6595 24.0484 8
    endloop
  endfacet
  facet normal 0 0 -1
    outer loop
      vertex 14.8858 34.574 8
      vertex 13.5 35.5 8
      vertex 14.8229 34.7071 8
    endloop
  endfacet
  facet normal 0 0 -1
    outer loop
      vertex 13.5 23.5 8
      vertex 14.6595 24.0484 8
      vertex 14.5607 23.9393 8
    endloop
  endfacet
  facet normal 0 0 -1
    outer loop
      vertex 14.8229 34.7071 8
      vertex 13.5 35.5 8
      vertex 14.7472 34.8334 8
    endloop
  endfacet
  facet normal 0 0 -1
    outer loop
      vertex 13.5 23.5 8
      vertex 14.5607 23.9393 8
      vertex 14.4516 23.8405 8
    endloop
  endfacet
  facet normal 0 0 -1
    outer loop
      vertex 14.7472 34.8334 8
      vertex 13.5 35.5 8
      vertex 14.6595 34.9516 8
    endloop
  endfacet
  facet normal 0 0 -1
    outer loop
      vertex 13.5 23.5 8
      vertex 14.4516 23.8405 8
      vertex 14.3334 23.7528 8
    endloop
  endfacet
  facet normal 0 0 -1
    outer loop
      vertex 14.6595 34.9516 8
      vertex 13.5 35.5 8
      vertex 14.5607 35.0607 8
    endloop
  endfacet
  facet normal 0 0 -1
    outer loop
      vertex 13.5 23.5 8
      vertex 14.3334 23.7528 8
      vertex 14.2071 23.6771 8
    endloop
  endfacet
  facet normal 0 0 -1
    outer loop
      vertex 14.5607 35.0607 8
      vertex 13.5 35.5 8
      vertex 14.4516 35.1595 8
    endloop
  endfacet
  facet normal 0 0 -1
    outer loop
      vertex 13.5 23.5 8
      vertex 14.2071 23.6771 8
      vertex 14.074 23.6142 8
    endloop
  endfacet
  facet normal 0 0 -1
    outer loop
      vertex 14.4516 35.1595 8
      vertex 13.5 35.5 8
      vertex 14.3334 35.2472 8
    endloop
  endfacet
  facet normal 0 0 -1
    outer loop
      vertex 13.5 23.5 8
      vertex 14.074 23.6142 8
      vertex 13.9354 23.5646 8
    endloop
  endfacet
  facet normal 0 0 -1
    outer loop
      vertex 14.3334 35.2472 8
      vertex 13.5 35.5 8
      vertex 14.2071 35.3229 8
    endloop
  endfacet
  facet normal 0 0 -1
    outer loop
      vertex 13.5 23.5 8
      vertex 13.9354 23.5646 8
      vertex 13.7926 23.5288 8
    endloop
  endfacet
  facet normal 0 0 -1
    outer loop
      vertex 14.2071 35.3229 8
      vertex 13.5 35.5 8
      vertex 14.074 35.3858 8
    endloop
  endfacet
  facet normal 0 0 -1
    outer loop
      vertex 13.5 23.5 8
      vertex 13.7926 23.5288 8
      vertex 13.647 23.5072 8
    endloop
  endfacet
  facet normal 0 0 -1
    outer loop
      vertex 14.074 35.3858 8
      vertex 13.5 35.5 8
      vertex 13.9354 35.4354 8
    endloop
  endfacet
  facet normal 0 0 -1
    outer loop
      vertex 13.9354 35.4354 8
      vertex 13.5 35.5 8
      vertex 13.7926 35.4712 8
    endloop
  endfacet
  facet normal 0 0 -1
    outer loop
      vertex 13.7926 35.4712 8
      vertex 13.5 35.5 8
      vertex 13.647 35.4928 8
    endloop
  endfacet
  facet normal 0 0 -1
    outer loop
      vertex 14.9354 34.4354 8
      vertex 13.5 35.5 8
      vertex 14.8858 34.574 8
    endloop
  endfacet
  facet normal 0 0 -1
    outer loop
      vertex 15 25 8
      vertex 3.98074 29.1079 8
      vertex 4 29.5 8
    endloop
  endfacet
  facet normal 0 0 -1
    outer loop
      vertex 13.5 23.5 8
      vertex 3.92314 28.7196 8
      vertex 3.98074 29.1079 8
    endloop
  endfacet
  facet normal 0 0 -1
    outer loop
      vertex 13.5 23.5 8
      vertex 3.82776 28.3389 8
      vertex 3.92314 28.7196 8
    endloop
  endfacet
  facet normal 0 0 -1
    outer loop
      vertex 13.5 23.5 8
      vertex 3.69552 27.9693 8
      vertex 3.82776 28.3389 8
    endloop
  endfacet
  facet normal 0 0 -1
    outer loop
      vertex 13.5 23.5 8
      vertex 3.52768 27.6144 8
      vertex 3.69552 27.9693 8
    endloop
  endfacet
  facet normal 0 0 -1
    outer loop
      vertex 13.5 23.5 8
      vertex 3.32588 27.2777 8
      vertex 3.52768 27.6144 8
    endloop
  endfacet
  facet normal 0 0 -1
    outer loop
      vertex 13.5 23.5 8
      vertex 3.09204 26.9624 8
      vertex 3.32588 27.2777 8
    endloop
  endfacet
  facet normal 0 0 -1
    outer loop
      vertex 13.5 23.5 8
      vertex 2.82843 26.6716 8
      vertex 3.09204 26.9624 8
    endloop
  endfacet
  facet normal 0 0 -1
    outer loop
      vertex 13.5 23.5 8
      vertex 2.53757 26.408 8
      vertex 2.82843 26.6716 8
    endloop
  endfacet
  facet normal 0 0 -1
    outer loop
      vertex 13.5 23.5 8
      vertex 2.22228 26.1741 8
      vertex 2.53757 26.408 8
    endloop
  endfacet
  facet normal 0 0 -1
    outer loop
      vertex 13.5 23.5 8
      vertex 1.88559 25.9723 8
      vertex 2.22228 26.1741 8
    endloop
  endfacet
  facet normal 0 0 -1
    outer loop
      vertex 13.5 23.5 8
      vertex 1.53073 25.8045 8
      vertex 1.88559 25.9723 8
    endloop
  endfacet
  facet normal 0 0 -1
    outer loop
      vertex 13.5 23.5 8
      vertex 1.16114 25.6722 8
      vertex 1.53073 25.8045 8
    endloop
  endfacet
  facet normal 0 0 -1
    outer loop
      vertex 13.5 23.5 8
      vertex 0.780361 25.5769 8
      vertex 1.16114 25.6722 8
    endloop
  endfacet
  facet normal 0 0 -1
    outer loop
      vertex 13.5 23.5 8
      vertex 0.392068 25.5193 8
      vertex 0.780361 25.5769 8
    endloop
  endfacet
  facet normal 0 0 -1
    outer loop
      vertex 13.5 23.5 8
      vertex 0 25.5 8
      vertex 0.392068 25.5193 8
    endloop
  endfacet
  facet normal 0 0 -1
    outer loop
      vertex -13.5 23.5 8
      vertex 0 25.5 8
      vertex 13.5 23.5 8
    endloop
  endfacet
  facet normal 0 0 -1
    outer loop
      vertex -15 25 8
      vertex -3.98074 29.1079 8
      vertex -13.5 23.5 8
    endloop
  endfacet
  facet normal -0 0 -1
    outer loop
      vertex -3.92314 28.7196 8
      vertex -13.5 23.5 8
      vertex -3.98074 29.1079 8
    endloop
  endfacet
  facet normal -0 0 -1
    outer loop
      vertex -3.82776 28.3389 8
      vertex -13.5 23.5 8
      vertex -3.92314 28.7196 8
    endloop
  endfacet
  facet normal -0 0 -1
    outer loop
      vertex -3.69552 27.9693 8
      vertex -13.5 23.5 8
      vertex -3.82776 28.3389 8
    endloop
  endfacet
  facet normal -0 0 -1
    outer loop
      vertex -3.52768 27.6144 8
      vertex -13.5 23.5 8
      vertex -3.69552 27.9693 8
    endloop
  endfacet
  facet normal -0 0 -1
    outer loop
      vertex -3.32588 27.2777 8
      vertex -13.5 23.5 8
      vertex -3.52768 27.6144 8
    endloop
  endfacet
  facet normal -0 0 -1
    outer loop
      vertex -3.09204 26.9624 8
      vertex -13.5 23.5 8
      vertex -3.32588 27.2777 8
    endloop
  endfacet
  facet normal -0 0 -1
    outer loop
      vertex -2.82843 26.6716 8
      vertex -13.5 23.5 8
      vertex -3.09204 26.9624 8
    endloop
  endfacet
  facet normal -0 0 -1
    outer loop
      vertex -2.53757 26.408 8
      vertex -13.5 23.5 8
      vertex -2.82843 26.6716 8
    endloop
  endfacet
  facet normal -0 0 -1
    outer loop
      vertex -2.22228 26.1741 8
      vertex -13.5 23.5 8
      vertex -2.53757 26.408 8
    endloop
  endfacet
  facet normal -0 0 -1
    outer loop
      vertex -1.88559 25.9723 8
      vertex -13.5 23.5 8
      vertex -2.22228 26.1741 8
    endloop
  endfacet
  facet normal -0 0 -1
    outer loop
      vertex -1.53073 25.8045 8
      vertex -13.5 23.5 8
      vertex -1.88559 25.9723 8
    endloop
  endfacet
  facet normal -0 0 -1
    outer loop
      vertex -1.16114 25.6722 8
      vertex -13.5 23.5 8
      vertex -1.53073 25.8045 8
    endloop
  endfacet
  facet normal -0 0 -1
    outer loop
      vertex -0.780361 25.5769 8
      vertex -13.5 23.5 8
      vertex -1.16114 25.6722 8
    endloop
  endfacet
  facet normal -0 0 -1
    outer loop
      vertex -0.392068 25.5193 8
      vertex -13.5 23.5 8
      vertex -0.780361 25.5769 8
    endloop
  endfacet
  facet normal -0 0 -1
    outer loop
      vertex 0 25.5 8
      vertex -13.5 23.5 8
      vertex -0.392068 25.5193 8
    endloop
  endfacet
  facet normal 0 0 -1
    outer loop
      vertex 14.9928 34.147 8
      vertex 13.5 35.5 8
      vertex 14.9712 34.2926 8
    endloop
  endfacet
  facet normal 0 0 -1
    outer loop
      vertex 3.92314 30.2804 8
      vertex 13.5 35.5 8
      vertex 3.98074 29.8921 8
    endloop
  endfacet
  facet normal 0 0 -1
    outer loop
      vertex 3.82776 30.6611 8
      vertex 13.5 35.5 8
      vertex 3.92314 30.2804 8
    endloop
  endfacet
  facet normal 0 0 -1
    outer loop
      vertex 3.69552 31.0307 8
      vertex 13.5 35.5 8
      vertex 3.82776 30.6611 8
    endloop
  endfacet
  facet normal 0 0 -1
    outer loop
      vertex 3.52768 31.3856 8
      vertex 13.5 35.5 8
      vertex 3.69552 31.0307 8
    endloop
  endfacet
  facet normal 0 0 -1
    outer loop
      vertex 3.32588 31.7223 8
      vertex 13.5 35.5 8
      vertex 3.52768 31.3856 8
    endloop
  endfacet
  facet normal 0 0 -1
    outer loop
      vertex 3.09204 32.0376 8
      vertex 13.5 35.5 8
      vertex 3.32588 31.7223 8
    endloop
  endfacet
  facet normal 0 0 -1
    outer loop
      vertex 2.82843 32.3284 8
      vertex 13.5 35.5 8
      vertex 3.09204 32.0376 8
    endloop
  endfacet
  facet normal 0 0 -1
    outer loop
      vertex 2.53757 32.592 8
      vertex 13.5 35.5 8
      vertex 2.82843 32.3284 8
    endloop
  endfacet
  facet normal 0 0 -1
    outer loop
      vertex 2.22228 32.8259 8
      vertex 13.5 35.5 8
      vertex 2.53757 32.592 8
    endloop
  endfacet
  facet normal 0 0 -1
    outer loop
      vertex 1.88559 33.0277 8
      vertex 13.5 35.5 8
      vertex 2.22228 32.8259 8
    endloop
  endfacet
  facet normal 0 0 -1
    outer loop
      vertex 1.53073 33.1955 8
      vertex 13.5 35.5 8
      vertex 1.88559 33.0277 8
    endloop
  endfacet
  facet normal 0 0 -1
    outer loop
      vertex 1.16114 33.3278 8
      vertex 13.5 35.5 8
      vertex 1.53073 33.1955 8
    endloop
  endfacet
  facet normal 0 0 -1
    outer loop
      vertex 0.780361 33.4231 8
      vertex 13.5 35.5 8
      vertex 1.16114 33.3278 8
    endloop
  endfacet
  facet normal 0 0 -1
    outer loop
      vertex 0.392068 33.4807 8
      vertex 13.5 35.5 8
      vertex 0.780361 33.4231 8
    endloop
  endfacet
  facet normal 0 0 -1
    outer loop
      vertex 0 33.5 8
      vertex 13.5 35.5 8
      vertex 0.392068 33.4807 8
    endloop
  endfacet
  facet normal 0 0 -1
    outer loop
      vertex -13.5 35.5 8
      vertex 0 33.5 8
      vertex -0.392068 33.4807 8
    endloop
  endfacet
  facet normal -0 0 -1
    outer loop
      vertex -3.98074 29.1079 8
      vertex -15 25 8
      vertex -4 29.5 8
    endloop
  endfacet
  facet normal 0 0 -1
    outer loop
      vertex -15 34 8
      vertex -4 29.5 8
      vertex -15 25 8
    endloop
  endfacet
  facet normal 0 0 -1
    outer loop
      vertex -4 29.5 8
      vertex -15 34 8
      vertex -3.98074 29.8921 8
    endloop
  endfacet
  facet normal 0 -0 -1
    outer loop
      vertex -13.5 35.5 8
      vertex -3.98074 29.8921 8
      vertex -15 34 8
    endloop
  endfacet
  facet normal 0 0 -1
    outer loop
      vertex -3.98074 29.8921 8
      vertex -13.5 35.5 8
      vertex -3.92314 30.2804 8
    endloop
  endfacet
  facet normal 0 0 -1
    outer loop
      vertex -3.92314 30.2804 8
      vertex -13.5 35.5 8
      vertex -3.82776 30.6611 8
    endloop
  endfacet
  facet normal 0 0 -1
    outer loop
      vertex -3.82776 30.6611 8
      vertex -13.5 35.5 8
      vertex -3.69552 31.0307 8
    endloop
  endfacet
  facet normal 0 0 -1
    outer loop
      vertex -3.69552 31.0307 8
      vertex -13.5 35.5 8
      vertex -3.52768 31.3856 8
    endloop
  endfacet
  facet normal 0 0 -1
    outer loop
      vertex -3.52768 31.3856 8
      vertex -13.5 35.5 8
      vertex -3.32588 31.7223 8
    endloop
  endfacet
  facet normal 0 0 -1
    outer loop
      vertex 0 33.5 8
      vertex -13.5 35.5 8
      vertex 13.5 35.5 8
    endloop
  endfacet
  facet normal 0 0 -1
    outer loop
      vertex -0.780361 33.4231 8
      vertex -13.5 35.5 8
      vertex -0.392068 33.4807 8
    endloop
  endfacet
  facet normal 0 0 -1
    outer loop
      vertex -1.16114 33.3278 8
      vertex -13.5 35.5 8
      vertex -0.780361 33.4231 8
    endloop
  endfacet
  facet normal 0 0 -1
    outer loop
      vertex -1.53073 33.1955 8
      vertex -13.5 35.5 8
      vertex -1.16114 33.3278 8
    endloop
  endfacet
  facet normal 0 0 -1
    outer loop
      vertex -1.88559 33.0277 8
      vertex -13.5 35.5 8
      vertex -1.53073 33.1955 8
    endloop
  endfacet
  facet normal 0 0 -1
    outer loop
      vertex -2.22228 32.8259 8
      vertex -13.5 35.5 8
      vertex -1.88559 33.0277 8
    endloop
  endfacet
  facet normal 0 0 -1
    outer loop
      vertex -2.53757 32.592 8
      vertex -13.5 35.5 8
      vertex -2.22228 32.8259 8
    endloop
  endfacet
  facet normal 0 0 -1
    outer loop
      vertex -3.32588 31.7223 8
      vertex -13.5 35.5 8
      vertex -3.09204 32.0376 8
    endloop
  endfacet
  facet normal 0 0 -1
    outer loop
      vertex -15 25 8
      vertex -13.5 23.5 8
      vertex -13.647 23.5072 8
    endloop
  endfacet
  facet normal 0 0 -1
    outer loop
      vertex -3.09204 32.0376 8
      vertex -13.5 35.5 8
      vertex -2.82843 32.3284 8
    endloop
  endfacet
  facet normal 0 0 -1
    outer loop
      vertex -15 25 8
      vertex -13.647 23.5072 8
      vertex -13.7926 23.5288 8
    endloop
  endfacet
  facet normal 0 0 -1
    outer loop
      vertex -2.82843 32.3284 8
      vertex -13.5 35.5 8
      vertex -2.53757 32.592 8
    endloop
  endfacet
  facet normal 0 0 -1
    outer loop
      vertex -15 25 8
      vertex -13.7926 23.5288 8
      vertex -13.9354 23.5646 8
    endloop
  endfacet
  facet normal 0 0 -1
    outer loop
      vertex -13.5 35.5 8
      vertex -15 34 8
      vertex -13.647 35.4928 8
    endloop
  endfacet
  facet normal 0 0 -1
    outer loop
      vertex -15 25 8
      vertex -13.9354 23.5646 8
      vertex -14.074 23.6142 8
    endloop
  endfacet
  facet normal 0 0 -1
    outer loop
      vertex -13.647 35.4928 8
      vertex -15 34 8
      vertex -13.7926 35.4712 8
    endloop
  endfacet
  facet normal 0 0 -1
    outer loop
      vertex -15 25 8
      vertex -14.074 23.6142 8
      vertex -14.2071 23.6771 8
    endloop
  endfacet
  facet normal 0 0 -1
    outer loop
      vertex -13.7926 35.4712 8
      vertex -15 34 8
      vertex -13.9354 35.4354 8
    endloop
  endfacet
  facet normal 0 0 -1
    outer loop
      vertex -15 25 8
      vertex -14.2071 23.6771 8
      vertex -14.3334 23.7528 8
    endloop
  endfacet
  facet normal 0 0 -1
    outer loop
      vertex -13.9354 35.4354 8
      vertex -15 34 8
      vertex -14.074 35.3858 8
    endloop
  endfacet
  facet normal 0 0 -1
    outer loop
      vertex -15 25 8
      vertex -14.3334 23.7528 8
      vertex -14.4516 23.8405 8
    endloop
  endfacet
  facet normal 0 0 -1
    outer loop
      vertex -14.074 35.3858 8
      vertex -15 34 8
      vertex -14.2071 35.3229 8
    endloop
  endfacet
  facet normal 0 0 -1
    outer loop
      vertex -15 25 8
      vertex -14.4516 23.8405 8
      vertex -14.5607 23.9393 8
    endloop
  endfacet
  facet normal 0 0 -1
    outer loop
      vertex -14.2071 35.3229 8
      vertex -15 34 8
      vertex -14.3334 35.2472 8
    endloop
  endfacet
  facet normal 0 0 -1
    outer loop
      vertex -15 25 8
      vertex -14.5607 23.9393 8
      vertex -14.6595 24.0484 8
    endloop
  endfacet
  facet normal 0 0 -1
    outer loop
      vertex -14.3334 35.2472 8
      vertex -15 34 8
      vertex -14.4516 35.1595 8
    endloop
  endfacet
  facet normal 0 0 -1
    outer loop
      vertex -15 25 8
      vertex -14.6595 24.0484 8
      vertex -14.7472 24.1666 8
    endloop
  endfacet
  facet normal 0 0 -1
    outer loop
      vertex -14.4516 35.1595 8
      vertex -15 34 8
      vertex -14.5607 35.0607 8
    endloop
  endfacet
  facet normal 0 0 -1
    outer loop
      vertex -15 25 8
      vertex -14.7472 24.1666 8
      vertex -14.8229 24.2929 8
    endloop
  endfacet
  facet normal 0 0 -1
    outer loop
      vertex -14.5607 35.0607 8
      vertex -15 34 8
      vertex -14.6595 34.9516 8
    endloop
  endfacet
  facet normal 0 0 -1
    outer loop
      vertex -15 25 8
      vertex -14.8229 24.2929 8
      vertex -14.8858 24.426 8
    endloop
  endfacet
  facet normal 0 0 -1
    outer loop
      vertex -14.6595 34.9516 8
      vertex -15 34 8
      vertex -14.7472 34.8334 8
    endloop
  endfacet
  facet normal 0 0 -1
    outer loop
      vertex -15 25 8
      vertex -14.8858 24.426 8
      vertex -14.9354 24.5646 8
    endloop
  endfacet
  facet normal 0 0 -1
    outer loop
      vertex -14.7472 34.8334 8
      vertex -15 34 8
      vertex -14.8229 34.7071 8
    endloop
  endfacet
  facet normal 0 0 -1
    outer loop
      vertex -15 25 8
      vertex -14.9354 24.5646 8
      vertex -14.9712 24.7074 8
    endloop
  endfacet
  facet normal 0 0 -1
    outer loop
      vertex -14.8229 34.7071 8
      vertex -15 34 8
      vertex -14.8858 34.574 8
    endloop
  endfacet
  facet normal 0 0 -1
    outer loop
      vertex -15 25 8
      vertex -14.9712 24.7074 8
      vertex -14.9928 24.853 8
    endloop
  endfacet
  facet normal 0 0 -1
    outer loop
      vertex -14.8858 34.574 8
      vertex -15 34 8
      vertex -14.9354 34.4354 8
    endloop
  endfacet
  facet normal 0 0 -1
    outer loop
      vertex -14.9354 34.4354 8
      vertex -15 34 8
      vertex -14.9712 34.2926 8
    endloop
  endfacet
  facet normal 0 0 -1
    outer loop
      vertex -14.9712 34.2926 8
      vertex -15 34 8
      vertex -14.9928 34.147 8
    endloop
  endfacet
  facet normal -0.671251 -0.74123 0
    outer loop
      vertex -14.5607 23.9393 8
      vertex -14.4516 23.8405 14
      vertex -14.5607 23.9393 14
    endloop
  endfacet
  facet normal -0.671251 -0.74123 -0
    outer loop
      vertex -14.4516 23.8405 14
      vertex -14.5607 23.9393 8
      vertex -14.4516 23.8405 8
    endloop
  endfacet
  facet normal 0.941527 0.336939 0
    outer loop
      vertex 14.9354 34.4354 14
      vertex 14.8858 34.574 8
      vertex 14.8858 34.574 14
    endloop
  endfacet
  facet normal 0.941527 0.336939 0
    outer loop
      vertex 14.8858 34.574 8
      vertex 14.9354 34.4354 14
      vertex 14.9354 34.4354 8
    endloop
  endfacet
  facet normal 0.427269 -0.904125 0
    outer loop
      vertex 14.074 23.6142 8
      vertex 14.2071 23.6771 14
      vertex 14.074 23.6142 14
    endloop
  endfacet
  facet normal 0.427269 -0.904125 0
    outer loop
      vertex 14.2071 23.6771 14
      vertex 14.074 23.6142 8
      vertex 14.2071 23.6771 8
    endloop
  endfacet
  facet normal 0.243175 -0.969982 0
    outer loop
      vertex 13.7926 23.5288 8
      vertex 13.9354 23.5646 14
      vertex 13.7926 23.5288 14
    endloop
  endfacet
  facet normal 0.243175 -0.969982 0
    outer loop
      vertex 13.9354 23.5646 14
      vertex 13.7926 23.5288 8
      vertex 13.9354 23.5646 8
    endloop
  endfacet
  facet normal -0.969982 0.243175 0
    outer loop
      vertex -14.9712 34.2926 8
      vertex -14.9354 34.4354 14
      vertex -14.9354 34.4354 8
    endloop
  endfacet
  facet normal -0.969982 0.243175 0
    outer loop
      vertex -14.9354 34.4354 14
      vertex -14.9712 34.2926 8
      vertex -14.9712 34.2926 14
    endloop
  endfacet
  facet normal 0.74123 0.671251 0
    outer loop
      vertex 14.6595 34.9516 14
      vertex 14.5607 35.0607 8
      vertex 14.5607 35.0607 14
    endloop
  endfacet
  facet normal 0.74123 0.671251 0
    outer loop
      vertex 14.5607 35.0607 8
      vertex 14.6595 34.9516 14
      vertex 14.6595 34.9516 8
    endloop
  endfacet
  facet normal -0.427269 0.904125 0
    outer loop
      vertex -14.074 35.3858 8
      vertex -14.2071 35.3229 14
      vertex -14.074 35.3858 14
    endloop
  endfacet
  facet normal -0.427269 0.904125 0
    outer loop
      vertex -14.2071 35.3229 14
      vertex -14.074 35.3858 8
      vertex -14.2071 35.3229 8
    endloop
  endfacet
  facet normal 0.989174 0.146746 0
    outer loop
      vertex 14.9928 34.147 14
      vertex 14.9712 34.2926 8
      vertex 14.9712 34.2926 14
    endloop
  endfacet
  facet normal 0.989174 0.146746 0
    outer loop
      vertex 14.9712 34.2926 8
      vertex 14.9928 34.147 14
      vertex 14.9928 34.147 8
    endloop
  endfacet
  facet normal 0 0 1
    outer loop
      vertex 13.5 35.5 14
      vertex 15 34 14
      vertex 14.9928 34.147 14
    endloop
  endfacet
  facet normal 0 0 1
    outer loop
      vertex 15 34 14
      vertex 4 29.5 14
      vertex 15 25 14
    endloop
  endfacet
  facet normal 0 0 1
    outer loop
      vertex 13.5 35.5 14
      vertex 14.9928 34.147 14
      vertex 14.9712 34.2926 14
    endloop
  endfacet
  facet normal -0 0 1
    outer loop
      vertex 3.98074 29.1079 14
      vertex 15 25 14
      vertex 4 29.5 14
    endloop
  endfacet
  facet normal 0 0 1
    outer loop
      vertex 13.5 35.5 14
      vertex 14.9712 34.2926 14
      vertex 14.9354 34.4354 14
    endloop
  endfacet
  facet normal 0 -0 1
    outer loop
      vertex 13.5 23.5 14
      vertex 15 25 14
      vertex 3.98074 29.1079 14
    endloop
  endfacet
  facet normal 0 0 1
    outer loop
      vertex 13.5 35.5 14
      vertex 14.9354 34.4354 14
      vertex 14.8858 34.574 14
    endloop
  endfacet
  facet normal 0 0 1
    outer loop
      vertex 15 25 14
      vertex 13.5 23.5 14
      vertex 14.9928 24.853 14
    endloop
  endfacet
  facet normal 0 0 1
    outer loop
      vertex 13.5 35.5 14
      vertex 14.8858 34.574 14
      vertex 14.8229 34.7071 14
    endloop
  endfacet
  facet normal 0 0 1
    outer loop
      vertex 15 34 14
      vertex 13.5 35.5 14
      vertex 3.98074 29.8921 14
    endloop
  endfacet
  facet normal 0 0 1
    outer loop
      vertex 13.5 35.5 14
      vertex 14.8229 34.7071 14
      vertex 14.7472 34.8334 14
    endloop
  endfacet
  facet normal 0 0 1
    outer loop
      vertex 14.9712 24.7074 14
      vertex 13.5 23.5 14
      vertex 14.9354 24.5646 14
    endloop
  endfacet
  facet normal 0 0 1
    outer loop
      vertex 13.5 35.5 14
      vertex 14.7472 34.8334 14
      vertex 14.6595 34.9516 14
    endloop
  endfacet
  facet normal 0 0 1
    outer loop
      vertex 14.8858 24.426 14
      vertex 13.5 23.5 14
      vertex 14.8229 24.2929 14
    endloop
  endfacet
  facet normal 0 0 1
    outer loop
      vertex 13.5 35.5 14
      vertex 14.6595 34.9516 14
      vertex 14.5607 35.0607 14
    endloop
  endfacet
  facet normal 0 0 1
    outer loop
      vertex 14.8229 24.2929 14
      vertex 13.5 23.5 14
      vertex 14.7472 24.1666 14
    endloop
  endfacet
  facet normal 0 0 1
    outer loop
      vertex 13.5 35.5 14
      vertex 14.5607 35.0607 14
      vertex 14.4516 35.1595 14
    endloop
  endfacet
  facet normal 0 0 1
    outer loop
      vertex 14.7472 24.1666 14
      vertex 13.5 23.5 14
      vertex 14.6595 24.0484 14
    endloop
  endfacet
  facet normal 0 0 1
    outer loop
      vertex 13.5 35.5 14
      vertex 14.4516 35.1595 14
      vertex 14.3334 35.2472 14
    endloop
  endfacet
  facet normal 0 0 1
    outer loop
      vertex 14.6595 24.0484 14
      vertex 13.5 23.5 14
      vertex 14.5607 23.9393 14
    endloop
  endfacet
  facet normal 0 0 1
    outer loop
      vertex 13.5 35.5 14
      vertex 14.3334 35.2472 14
      vertex 14.2071 35.3229 14
    endloop
  endfacet
  facet normal 0 0 1
    outer loop
      vertex 14.5607 23.9393 14
      vertex 13.5 23.5 14
      vertex 14.4516 23.8405 14
    endloop
  endfacet
  facet normal 0 0 1
    outer loop
      vertex 13.5 35.5 14
      vertex 14.2071 35.3229 14
      vertex 14.074 35.3858 14
    endloop
  endfacet
  facet normal 0 0 1
    outer loop
      vertex 14.4516 23.8405 14
      vertex 13.5 23.5 14
      vertex 14.3334 23.7528 14
    endloop
  endfacet
  facet normal 0 0 1
    outer loop
      vertex 13.5 35.5 14
      vertex 14.074 35.3858 14
      vertex 13.9354 35.4354 14
    endloop
  endfacet
  facet normal 0 0 1
    outer loop
      vertex 14.3334 23.7528 14
      vertex 13.5 23.5 14
      vertex 14.2071 23.6771 14
    endloop
  endfacet
  facet normal 0 0 1
    outer loop
      vertex 13.5 35.5 14
      vertex 13.9354 35.4354 14
      vertex 13.7926 35.4712 14
    endloop
  endfacet
  facet normal 0 0 1
    outer loop
      vertex 14.2071 23.6771 14
      vertex 13.5 23.5 14
      vertex 14.074 23.6142 14
    endloop
  endfacet
  facet normal 0 0 1
    outer loop
      vertex 13.5 35.5 14
      vertex 13.7926 35.4712 14
      vertex 13.647 35.4928 14
    endloop
  endfacet
  facet normal 0 0 1
    outer loop
      vertex 14.074 23.6142 14
      vertex 13.5 23.5 14
      vertex 13.9354 23.5646 14
    endloop
  endfacet
  facet normal 0 0 1
    outer loop
      vertex 13.9354 23.5646 14
      vertex 13.5 23.5 14
      vertex 13.7926 23.5288 14
    endloop
  endfacet
  facet normal 0 0 1
    outer loop
      vertex 13.7926 23.5288 14
      vertex 13.5 23.5 14
      vertex 13.647 23.5072 14
    endloop
  endfacet
  facet normal 0 0 1
    outer loop
      vertex 14.9354 24.5646 14
      vertex 13.5 23.5 14
      vertex 14.8858 24.426 14
    endloop
  endfacet
  facet normal 0 0 1
    outer loop
      vertex 15 34 14
      vertex 3.98074 29.8921 14
      vertex 4 29.5 14
    endloop
  endfacet
  facet normal 0 0 1
    outer loop
      vertex 13.5 35.5 14
      vertex 3.92314 30.2804 14
      vertex 3.98074 29.8921 14
    endloop
  endfacet
  facet normal 0 0 1
    outer loop
      vertex 13.5 35.5 14
      vertex 3.82776 30.6611 14
      vertex 3.92314 30.2804 14
    endloop
  endfacet
  facet normal 0 0 1
    outer loop
      vertex 13.5 35.5 14
      vertex 3.69552 31.0307 14
      vertex 3.82776 30.6611 14
    endloop
  endfacet
  facet normal 0 0 1
    outer loop
      vertex 13.5 35.5 14
      vertex 3.52768 31.3856 14
      vertex 3.69552 31.0307 14
    endloop
  endfacet
  facet normal 0 0 1
    outer loop
      vertex 13.5 35.5 14
      vertex 3.32588 31.7223 14
      vertex 3.52768 31.3856 14
    endloop
  endfacet
  facet normal 0 0 1
    outer loop
      vertex 13.5 35.5 14
      vertex 3.09204 32.0376 14
      vertex 3.32588 31.7223 14
    endloop
  endfacet
  facet normal 0 0 1
    outer loop
      vertex 13.5 35.5 14
      vertex 2.82843 32.3284 14
      vertex 3.09204 32.0376 14
    endloop
  endfacet
  facet normal 0 0 1
    outer loop
      vertex 13.5 35.5 14
      vertex 2.53757 32.592 14
      vertex 2.82843 32.3284 14
    endloop
  endfacet
  facet normal 0 0 1
    outer loop
      vertex 13.5 35.5 14
      vertex 2.22228 32.8259 14
      vertex 2.53757 32.592 14
    endloop
  endfacet
  facet normal 0 0 1
    outer loop
      vertex 13.5 35.5 14
      vertex 1.88559 33.0277 14
      vertex 2.22228 32.8259 14
    endloop
  endfacet
  facet normal 0 0 1
    outer loop
      vertex 13.5 35.5 14
      vertex 1.53073 33.1955 14
      vertex 1.88559 33.0277 14
    endloop
  endfacet
  facet normal 0 0 1
    outer loop
      vertex 13.5 35.5 14
      vertex 1.16114 33.3278 14
      vertex 1.53073 33.1955 14
    endloop
  endfacet
  facet normal 0 0 1
    outer loop
      vertex 13.5 35.5 14
      vertex 0.780361 33.4231 14
      vertex 1.16114 33.3278 14
    endloop
  endfacet
  facet normal 0 0 1
    outer loop
      vertex 13.5 35.5 14
      vertex 0.392068 33.4807 14
      vertex 0.780361 33.4231 14
    endloop
  endfacet
  facet normal 0 0 1
    outer loop
      vertex 13.5 35.5 14
      vertex 0 33.5 14
      vertex 0.392068 33.4807 14
    endloop
  endfacet
  facet normal -0 0 1
    outer loop
      vertex -13.5 35.5 14
      vertex 0 33.5 14
      vertex 13.5 35.5 14
    endloop
  endfacet
  facet normal -0 0 1
    outer loop
      vertex -15 34 14
      vertex -3.98074 29.8921 14
      vertex -13.5 35.5 14
    endloop
  endfacet
  facet normal 0 0 1
    outer loop
      vertex -3.92314 30.2804 14
      vertex -13.5 35.5 14
      vertex -3.98074 29.8921 14
    endloop
  endfacet
  facet normal 0 0 1
    outer loop
      vertex -3.82776 30.6611 14
      vertex -13.5 35.5 14
      vertex -3.92314 30.2804 14
    endloop
  endfacet
  facet normal 0 0 1
    outer loop
      vertex -3.69552 31.0307 14
      vertex -13.5 35.5 14
      vertex -3.82776 30.6611 14
    endloop
  endfacet
  facet normal 0 0 1
    outer loop
      vertex -3.52768 31.3856 14
      vertex -13.5 35.5 14
      vertex -3.69552 31.0307 14
    endloop
  endfacet
  facet normal 0 0 1
    outer loop
      vertex -3.32588 31.7223 14
      vertex -13.5 35.5 14
      vertex -3.52768 31.3856 14
    endloop
  endfacet
  facet normal 0 0 1
    outer loop
      vertex -3.09204 32.0376 14
      vertex -13.5 35.5 14
      vertex -3.32588 31.7223 14
    endloop
  endfacet
  facet normal 0 0 1
    outer loop
      vertex -2.82843 32.3284 14
      vertex -13.5 35.5 14
      vertex -3.09204 32.0376 14
    endloop
  endfacet
  facet normal 0 0 1
    outer loop
      vertex -2.53757 32.592 14
      vertex -13.5 35.5 14
      vertex -2.82843 32.3284 14
    endloop
  endfacet
  facet normal 0 0 1
    outer loop
      vertex -2.22228 32.8259 14
      vertex -13.5 35.5 14
      vertex -2.53757 32.592 14
    endloop
  endfacet
  facet normal 0 0 1
    outer loop
      vertex -1.88559 33.0277 14
      vertex -13.5 35.5 14
      vertex -2.22228 32.8259 14
    endloop
  endfacet
  facet normal 0 0 1
    outer loop
      vertex -1.53073 33.1955 14
      vertex -13.5 35.5 14
      vertex -1.88559 33.0277 14
    endloop
  endfacet
  facet normal 0 0 1
    outer loop
      vertex -1.16114 33.3278 14
      vertex -13.5 35.5 14
      vertex -1.53073 33.1955 14
    endloop
  endfacet
  facet normal 0 0 1
    outer loop
      vertex -0.780361 33.4231 14
      vertex -13.5 35.5 14
      vertex -1.16114 33.3278 14
    endloop
  endfacet
  facet normal 0 0 1
    outer loop
      vertex -0.392068 33.4807 14
      vertex -13.5 35.5 14
      vertex -0.780361 33.4231 14
    endloop
  endfacet
  facet normal 0 0 1
    outer loop
      vertex 0 33.5 14
      vertex -13.5 35.5 14
      vertex -0.392068 33.4807 14
    endloop
  endfacet
  facet normal 0 0 1
    outer loop
      vertex 14.9928 24.853 14
      vertex 13.5 23.5 14
      vertex 14.9712 24.7074 14
    endloop
  endfacet
  facet normal -0 0 1
    outer loop
      vertex 3.92314 28.7196 14
      vertex 13.5 23.5 14
      vertex 3.98074 29.1079 14
    endloop
  endfacet
  facet normal -0 0 1
    outer loop
      vertex 3.82776 28.3389 14
      vertex 13.5 23.5 14
      vertex 3.92314 28.7196 14
    endloop
  endfacet
  facet normal -0 0 1
    outer loop
      vertex 3.69552 27.9693 14
      vertex 13.5 23.5 14
      vertex 3.82776 28.3389 14
    endloop
  endfacet
  facet normal -0 0 1
    outer loop
      vertex 3.52768 27.6144 14
      vertex 13.5 23.5 14
      vertex 3.69552 27.9693 14
    endloop
  endfacet
  facet normal -0 0 1
    outer loop
      vertex 3.32588 27.2777 14
      vertex 13.5 23.5 14
      vertex 3.52768 27.6144 14
    endloop
  endfacet
  facet normal -0 0 1
    outer loop
      vertex 3.09204 26.9624 14
      vertex 13.5 23.5 14
      vertex 3.32588 27.2777 14
    endloop
  endfacet
  facet normal -0 0 1
    outer loop
      vertex 2.82843 26.6716 14
      vertex 13.5 23.5 14
      vertex 3.09204 26.9624 14
    endloop
  endfacet
  facet normal -0 0 1
    outer loop
      vertex 2.53757 26.408 14
      vertex 13.5 23.5 14
      vertex 2.82843 26.6716 14
    endloop
  endfacet
  facet normal -0 0 1
    outer loop
      vertex 2.22228 26.1741 14
      vertex 13.5 23.5 14
      vertex 2.53757 26.408 14
    endloop
  endfacet
  facet normal -0 0 1
    outer loop
      vertex 1.88559 25.9723 14
      vertex 13.5 23.5 14
      vertex 2.22228 26.1741 14
    endloop
  endfacet
  facet normal -0 0 1
    outer loop
      vertex 1.53073 25.8045 14
      vertex 13.5 23.5 14
      vertex 1.88559 25.9723 14
    endloop
  endfacet
  facet normal -0 0 1
    outer loop
      vertex 1.16114 25.6722 14
      vertex 13.5 23.5 14
      vertex 1.53073 25.8045 14
    endloop
  endfacet
  facet normal -0 0 1
    outer loop
      vertex 0.780361 25.5769 14
      vertex 13.5 23.5 14
      vertex 1.16114 25.6722 14
    endloop
  endfacet
  facet normal -0 0 1
    outer loop
      vertex 0.392068 25.5193 14
      vertex 13.5 23.5 14
      vertex 0.780361 25.5769 14
    endloop
  endfacet
  facet normal -0 0 1
    outer loop
      vertex 0 25.5 14
      vertex 13.5 23.5 14
      vertex 0.392068 25.5193 14
    endloop
  endfacet
  facet normal 0 0 1
    outer loop
      vertex -13.5 23.5 14
      vertex 0 25.5 14
      vertex -0.392068 25.5193 14
    endloop
  endfacet
  facet normal 0 0 1
    outer loop
      vertex -3.98074 29.8921 14
      vertex -15 34 14
      vertex -4 29.5 14
    endloop
  endfacet
  facet normal 0 0 1
    outer loop
      vertex -15 25 14
      vertex -4 29.5 14
      vertex -15 34 14
    endloop
  endfacet
  facet normal 0 0 1
    outer loop
      vertex -4 29.5 14
      vertex -15 25 14
      vertex -3.98074 29.1079 14
    endloop
  endfacet
  facet normal 0 -0 1
    outer loop
      vertex -13.5 23.5 14
      vertex -3.98074 29.1079 14
      vertex -15 25 14
    endloop
  endfacet
  facet normal 0 0 1
    outer loop
      vertex -3.98074 29.1079 14
      vertex -13.5 23.5 14
      vertex -3.92314 28.7196 14
    endloop
  endfacet
  facet normal 0 0 1
    outer loop
      vertex -3.92314 28.7196 14
      vertex -13.5 23.5 14
      vertex -3.82776 28.3389 14
    endloop
  endfacet
  facet normal 0 0 1
    outer loop
      vertex -3.82776 28.3389 14
      vertex -13.5 23.5 14
      vertex -3.69552 27.9693 14
    endloop
  endfacet
  facet normal 0 0 1
    outer loop
      vertex -3.69552 27.9693 14
      vertex -13.5 23.5 14
      vertex -3.52768 27.6144 14
    endloop
  endfacet
  facet normal 0 0 1
    outer loop
      vertex -3.52768 27.6144 14
      vertex -13.5 23.5 14
      vertex -3.32588 27.2777 14
    endloop
  endfacet
  facet normal 0 0 1
    outer loop
      vertex 0 25.5 14
      vertex -13.5 23.5 14
      vertex 13.5 23.5 14
    endloop
  endfacet
  facet normal 0 0 1
    outer loop
      vertex -0.780361 25.5769 14
      vertex -13.5 23.5 14
      vertex -0.392068 25.5193 14
    endloop
  endfacet
  facet normal 0 0 1
    outer loop
      vertex -1.16114 25.6722 14
      vertex -13.5 23.5 14
      vertex -0.780361 25.5769 14
    endloop
  endfacet
  facet normal 0 0 1
    outer loop
      vertex -1.53073 25.8045 14
      vertex -13.5 23.5 14
      vertex -1.16114 25.6722 14
    endloop
  endfacet
  facet normal 0 0 1
    outer loop
      vertex -1.88559 25.9723 14
      vertex -13.5 23.5 14
      vertex -1.53073 25.8045 14
    endloop
  endfacet
  facet normal 0 0 1
    outer loop
      vertex -2.22228 26.1741 14
      vertex -13.5 23.5 14
      vertex -1.88559 25.9723 14
    endloop
  endfacet
  facet normal 0 0 1
    outer loop
      vertex -2.53757 26.408 14
      vertex -13.5 23.5 14
      vertex -2.22228 26.1741 14
    endloop
  endfacet
  facet normal 0 0 1
    outer loop
      vertex -3.32588 27.2777 14
      vertex -13.5 23.5 14
      vertex -3.09204 26.9624 14
    endloop
  endfacet
  facet normal 0 0 1
    outer loop
      vertex -15 34 14
      vertex -13.5 35.5 14
      vertex -13.647 35.4928 14
    endloop
  endfacet
  facet normal 0 0 1
    outer loop
      vertex -3.09204 26.9624 14
      vertex -13.5 23.5 14
      vertex -2.82843 26.6716 14
    endloop
  endfacet
  facet normal 0 0 1
    outer loop
      vertex -15 34 14
      vertex -13.647 35.4928 14
      vertex -13.7926 35.4712 14
    endloop
  endfacet
  facet normal 0 0 1
    outer loop
      vertex -2.82843 26.6716 14
      vertex -13.5 23.5 14
      vertex -2.53757 26.408 14
    endloop
  endfacet
  facet normal 0 0 1
    outer loop
      vertex -15 34 14
      vertex -13.7926 35.4712 14
      vertex -13.9354 35.4354 14
    endloop
  endfacet
  facet normal 0 0 1
    outer loop
      vertex -13.5 23.5 14
      vertex -15 25 14
      vertex -13.647 23.5072 14
    endloop
  endfacet
  facet normal 0 0 1
    outer loop
      vertex -15 34 14
      vertex -13.9354 35.4354 14
      vertex -14.074 35.3858 14
    endloop
  endfacet
  facet normal 0 0 1
    outer loop
      vertex -13.647 23.5072 14
      vertex -15 25 14
      vertex -13.7926 23.5288 14
    endloop
  endfacet
  facet normal 0 0 1
    outer loop
      vertex -15 34 14
      vertex -14.074 35.3858 14
      vertex -14.2071 35.3229 14
    endloop
  endfacet
  facet normal 0 0 1
    outer loop
      vertex -13.7926 23.5288 14
      vertex -15 25 14
      vertex -13.9354 23.5646 14
    endloop
  endfacet
  facet normal 0 0 1
    outer loop
      vertex -15 34 14
      vertex -14.2071 35.3229 14
      vertex -14.3334 35.2472 14
    endloop
  endfacet
  facet normal 0 0 1
    outer loop
      vertex -13.9354 23.5646 14
      vertex -15 25 14
      vertex -14.074 23.6142 14
    endloop
  endfacet
  facet normal 0 0 1
    outer loop
      vertex -15 34 14
      vertex -14.3334 35.2472 14
      vertex -14.4516 35.1595 14
    endloop
  endfacet
  facet normal 0 0 1
    outer loop
      vertex -14.074 23.6142 14
      vertex -15 25 14
      vertex -14.2071 23.6771 14
    endloop
  endfacet
  facet normal 0 0 1
    outer loop
      vertex -15 34 14
      vertex -14.4516 35.1595 14
      vertex -14.5607 35.0607 14
    endloop
  endfacet
  facet normal 0 0 1
    outer loop
      vertex -14.2071 23.6771 14
      vertex -15 25 14
      vertex -14.3334 23.7528 14
    endloop
  endfacet
  facet normal 0 0 1
    outer loop
      vertex -15 34 14
      vertex -14.5607 35.0607 14
      vertex -14.6595 34.9516 14
    endloop
  endfacet
  facet normal 0 0 1
    outer loop
      vertex -14.3334 23.7528 14
      vertex -15 25 14
      vertex -14.4516 23.8405 14
    endloop
  endfacet
  facet normal 0 0 1
    outer loop
      vertex -15 34 14
      vertex -14.6595 34.9516 14
      vertex -14.7472 34.8334 14
    endloop
  endfacet
  facet normal 0 0 1
    outer loop
      vertex -14.4516 23.8405 14
      vertex -15 25 14
      vertex -14.5607 23.9393 14
    endloop
  endfacet
  facet normal 0 0 1
    outer loop
      vertex -15 34 14
      vertex -14.7472 34.8334 14
      vertex -14.8229 34.7071 14
    endloop
  endfacet
  facet normal 0 0 1
    outer loop
      vertex -14.5607 23.9393 14
      vertex -15 25 14
      vertex -14.6595 24.0484 14
    endloop
  endfacet
  facet normal 0 0 1
    outer loop
      vertex -15 34 14
      vertex -14.8229 34.7071 14
      vertex -14.8858 34.574 14
    endloop
  endfacet
  facet normal 0 0 1
    outer loop
      vertex -14.6595 24.0484 14
      vertex -15 25 14
      vertex -14.7472 24.1666 14
    endloop
  endfacet
  facet normal 0 0 1
    outer loop
      vertex -15 34 14
      vertex -14.8858 34.574 14
      vertex -14.9354 34.4354 14
    endloop
  endfacet
  facet normal 0 0 1
    outer loop
      vertex -14.7472 24.1666 14
      vertex -15 25 14
      vertex -14.8229 24.2929 14
    endloop
  endfacet
  facet normal 0 0 1
    outer loop
      vertex -15 34 14
      vertex -14.9354 34.4354 14
      vertex -14.9712 34.2926 14
    endloop
  endfacet
  facet normal 0 0 1
    outer loop
      vertex -14.8229 24.2929 14
      vertex -15 25 14
      vertex -14.8858 24.426 14
    endloop
  endfacet
  facet normal 0 0 1
    outer loop
      vertex -15 34 14
      vertex -14.9712 34.2926 14
      vertex -14.9928 34.147 14
    endloop
  endfacet
  facet normal 0 0 1
    outer loop
      vertex -14.8858 24.426 14
      vertex -15 25 14
      vertex -14.9354 24.5646 14
    endloop
  endfacet
  facet normal 0 0 1
    outer loop
      vertex -14.9354 24.5646 14
      vertex -15 25 14
      vertex -14.9712 24.7074 14
    endloop
  endfacet
  facet normal 0 0 1
    outer loop
      vertex -14.9712 24.7074 14
      vertex -15 25 14
      vertex -14.9928 24.853 14
    endloop
  endfacet
  facet normal -0.595861 0.803088 0
    outer loop
      vertex -14.3334 35.2472 8
      vertex -14.4516 35.1595 14
      vertex -14.3334 35.2472 14
    endloop
  endfacet
  facet normal -0.595861 0.803088 0
    outer loop
      vertex -14.4516 35.1595 14
      vertex -14.3334 35.2472 8
      vertex -14.4516 35.1595 8
    endloop
  endfacet
  facet normal 0.970019 -0.243027 0
    outer loop
      vertex -3.92314 30.2804 14
      vertex -3.82776 30.6611 8
      vertex -3.82776 30.6611 14
    endloop
  endfacet
  facet normal 0.970019 -0.243027 0
    outer loop
      vertex -3.82776 30.6611 8
      vertex -3.92314 30.2804 14
      vertex -3.92314 30.2804 8
    endloop
  endfacet
  facet normal -0.146736 -0.989176 0
    outer loop
      vertex 0.392068 33.4807 8
      vertex 0.780361 33.4231 14
      vertex 0.392068 33.4807 14
    endloop
  endfacet
  facet normal -0.146736 -0.989176 -0
    outer loop
      vertex 0.780361 33.4231 14
      vertex 0.392068 33.4807 8
      vertex 0.780361 33.4231 8
    endloop
  endfacet
  facet normal -0.989176 -0.146733 0
    outer loop
      vertex 3.98074 29.8921 8
      vertex 3.92314 30.2804 14
      vertex 3.92314 30.2804 8
    endloop
  endfacet
  facet normal -0.989176 -0.146733 0
    outer loop
      vertex 3.92314 30.2804 14
      vertex 3.98074 29.8921 8
      vertex 3.98074 29.8921 14
    endloop
  endfacet
  facet normal -0.998796 -0.049061 0
    outer loop
      vertex 4 29.5 8
      vertex 3.98074 29.8921 14
      vertex 3.98074 29.8921 8
    endloop
  endfacet
  facet normal -0.998796 -0.049061 0
    outer loop
      vertex 3.98074 29.8921 14
      vertex 4 29.5 8
      vertex 4 29.5 14
    endloop
  endfacet
  facet normal -0.970019 -0.243027 0
    outer loop
      vertex 3.92314 30.2804 8
      vertex 3.82776 30.6611 14
      vertex 3.82776 30.6611 8
    endloop
  endfacet
  facet normal -0.970019 -0.243027 0
    outer loop
      vertex 3.82776 30.6611 14
      vertex 3.92314 30.2804 8
      vertex 3.92314 30.2804 14
    endloop
  endfacet
  facet normal 0.671531 -0.740977 0
    outer loop
      vertex -2.82843 32.3284 8
      vertex -2.53757 32.592 14
      vertex -2.82843 32.3284 14
    endloop
  endfacet
  facet normal 0.671531 -0.740977 0
    outer loop
      vertex -2.53757 32.592 14
      vertex -2.82843 32.3284 8
      vertex -2.53757 32.592 8
    endloop
  endfacet
  facet normal -0.941548 0.336879 0
    outer loop
      vertex 3.69552 27.9693 8
      vertex 3.82776 28.3389 14
      vertex 3.82776 28.3389 8
    endloop
  endfacet
  facet normal -0.941548 0.336879 0
    outer loop
      vertex 3.82776 28.3389 14
      vertex 3.69552 27.9693 8
      vertex 3.69552 27.9693 14
    endloop
  endfacet
  facet normal -0.671531 -0.740977 0
    outer loop
      vertex 2.53757 32.592 8
      vertex 2.82843 32.3284 14
      vertex 2.53757 32.592 14
    endloop
  endfacet
  facet normal -0.671531 -0.740977 -0
    outer loop
      vertex 2.82843 32.3284 14
      vertex 2.53757 32.592 8
      vertex 2.82843 32.3284 8
    endloop
  endfacet
  facet normal -0.42748 -0.904025 0
    outer loop
      vertex 1.53073 33.1955 8
      vertex 1.88559 33.0277 14
      vertex 1.53073 33.1955 14
    endloop
  endfacet
  facet normal -0.42748 -0.904025 -0
    outer loop
      vertex 1.88559 33.0277 14
      vertex 1.53073 33.1955 8
      vertex 1.88559 33.0277 8
    endloop
  endfacet
  facet normal 0.0491666 0.998791 -0
    outer loop
      vertex 0 25.5 8
      vertex -0.392068 25.5193 14
      vertex 0 25.5 14
    endloop
  endfacet
  facet normal 0.0491666 0.998791 0
    outer loop
      vertex -0.392068 25.5193 14
      vertex 0 25.5 8
      vertex -0.392068 25.5193 8
    endloop
  endfacet
  facet normal 0.80321 0.595695 0
    outer loop
      vertex -3.09204 26.9624 14
      vertex -3.32588 27.2777 8
      vertex -3.32588 27.2777 14
    endloop
  endfacet
  facet normal 0.80321 0.595695 0
    outer loop
      vertex -3.32588 27.2777 8
      vertex -3.09204 26.9624 14
      vertex -3.09204 26.9624 8
    endloop
  endfacet
  facet normal 0.337022 -0.941497 0
    outer loop
      vertex -1.53073 33.1955 8
      vertex -1.16114 33.3278 14
      vertex -1.53073 33.1955 14
    endloop
  endfacet
  facet normal 0.337022 -0.941497 0
    outer loop
      vertex -1.16114 33.3278 14
      vertex -1.53073 33.1955 8
      vertex -1.16114 33.3278 8
    endloop
  endfacet
  facet normal -0.42748 0.904025 0
    outer loop
      vertex 1.88559 25.9723 8
      vertex 1.53073 25.8045 14
      vertex 1.88559 25.9723 14
    endloop
  endfacet
  facet normal -0.42748 0.904025 0
    outer loop
      vertex 1.53073 25.8045 14
      vertex 1.88559 25.9723 8
      vertex 1.53073 25.8045 8
    endloop
  endfacet
  facet normal 0.146736 -0.989176 0
    outer loop
      vertex -0.780361 33.4231 8
      vertex -0.392068 33.4807 14
      vertex -0.780361 33.4231 14
    endloop
  endfacet
  facet normal 0.146736 -0.989176 0
    outer loop
      vertex -0.392068 33.4807 14
      vertex -0.780361 33.4231 8
      vertex -0.392068 33.4807 8
    endloop
  endfacet
  facet normal -0.0491666 0.998791 0
    outer loop
      vertex 0.392068 25.5193 8
      vertex 0 25.5 14
      vertex 0.392068 25.5193 14
    endloop
  endfacet
  facet normal -0.0491666 0.998791 0
    outer loop
      vertex 0 25.5 14
      vertex 0.392068 25.5193 8
      vertex 0 25.5 8
    endloop
  endfacet
  facet normal -0.146736 0.989176 0
    outer loop
      vertex 0.780361 25.5769 8
      vertex 0.392068 25.5193 14
      vertex 0.780361 25.5769 14
    endloop
  endfacet
  facet normal -0.146736 0.989176 0
    outer loop
      vertex 0.392068 25.5193 14
      vertex 0.780361 25.5769 8
      vertex 0.392068 25.5193 8
    endloop
  endfacet
  facet normal -0.337022 0.941497 0
    outer loop
      vertex 1.53073 25.8045 8
      vertex 1.16114 25.6722 14
      vertex 1.53073 25.8045 14
    endloop
  endfacet
  facet normal -0.337022 0.941497 0
    outer loop
      vertex 1.16114 25.6722 14
      vertex 1.53073 25.8045 8
      vertex 1.16114 25.6722 8
    endloop
  endfacet
  facet normal 0.970019 0.243027 0
    outer loop
      vertex -3.82776 28.3389 14
      vertex -3.92314 28.7196 8
      vertex -3.92314 28.7196 14
    endloop
  endfacet
  facet normal 0.970019 0.243027 0
    outer loop
      vertex -3.92314 28.7196 8
      vertex -3.82776 28.3389 14
      vertex -3.82776 28.3389 8
    endloop
  endfacet
  facet normal 0.998796 0.049061 0
    outer loop
      vertex -3.98074 29.1079 14
      vertex -4 29.5 8
      vertex -4 29.5 14
    endloop
  endfacet
  facet normal 0.998796 0.049061 0
    outer loop
      vertex -4 29.5 8
      vertex -3.98074 29.1079 14
      vertex -3.98074 29.1079 8
    endloop
  endfacet
  facet normal -0.514095 -0.857733 0
    outer loop
      vertex 1.88559 33.0277 8
      vertex 2.22228 32.8259 14
      vertex 1.88559 33.0277 14
    endloop
  endfacet
  facet normal -0.514095 -0.857733 -0
    outer loop
      vertex 2.22228 32.8259 14
      vertex 1.88559 33.0277 8
      vertex 2.22228 32.8259 8
    endloop
  endfacet
  facet normal -0.740895 0.671621 0
    outer loop
      vertex 2.82843 26.6716 8
      vertex 3.09204 26.9624 14
      vertex 3.09204 26.9624 8
    endloop
  endfacet
  facet normal -0.740895 0.671621 0
    outer loop
      vertex 3.09204 26.9624 14
      vertex 2.82843 26.6716 8
      vertex 2.82843 26.6716 14
    endloop
  endfacet
  facet normal 0.998796 -0.049061 0
    outer loop
      vertex -4 29.5 14
      vertex -3.98074 29.8921 8
      vertex -3.98074 29.8921 14
    endloop
  endfacet
  facet normal 0.998796 -0.049061 0
    outer loop
      vertex -3.98074 29.8921 8
      vertex -4 29.5 14
      vertex -4 29.5 8
    endloop
  endfacet
  facet normal 0.85774 0.514084 0
    outer loop
      vertex -3.32588 27.2777 14
      vertex -3.52768 27.6144 8
      vertex -3.52768 27.6144 14
    endloop
  endfacet
  facet normal 0.85774 0.514084 0
    outer loop
      vertex -3.52768 27.6144 8
      vertex -3.32588 27.2777 14
      vertex -3.32588 27.2777 8
    endloop
  endfacet
  facet normal -0.595806 0.803128 0
    outer loop
      vertex 2.53757 26.408 8
      vertex 2.22228 26.1741 14
      vertex 2.53757 26.408 14
    endloop
  endfacet
  facet normal -0.595806 0.803128 0
    outer loop
      vertex 2.22228 26.1741 14
      vertex 2.53757 26.408 8
      vertex 2.22228 26.1741 8
    endloop
  endfacet
  facet normal 0.740895 0.671621 0
    outer loop
      vertex -2.82843 26.6716 14
      vertex -3.09204 26.9624 8
      vertex -3.09204 26.9624 14
    endloop
  endfacet
  facet normal 0.740895 0.671621 0
    outer loop
      vertex -3.09204 26.9624 8
      vertex -2.82843 26.6716 14
      vertex -2.82843 26.6716 8
    endloop
  endfacet
  facet normal -0.970019 0.243027 0
    outer loop
      vertex 3.82776 28.3389 8
      vertex 3.92314 28.7196 14
      vertex 3.92314 28.7196 8
    endloop
  endfacet
  facet normal -0.970019 0.243027 0
    outer loop
      vertex 3.92314 28.7196 14
      vertex 3.82776 28.3389 8
      vertex 3.82776 28.3389 14
    endloop
  endfacet
  facet normal -0.337022 -0.941497 0
    outer loop
      vertex 1.16114 33.3278 8
      vertex 1.53073 33.1955 14
      vertex 1.16114 33.3278 14
    endloop
  endfacet
  facet normal -0.337022 -0.941497 -0
    outer loop
      vertex 1.53073 33.1955 14
      vertex 1.16114 33.3278 8
      vertex 1.53073 33.1955 8
    endloop
  endfacet
  facet normal 0.242788 -0.970079 0
    outer loop
      vertex -1.16114 33.3278 8
      vertex -0.780361 33.4231 14
      vertex -1.16114 33.3278 14
    endloop
  endfacet
  facet normal 0.242788 -0.970079 0
    outer loop
      vertex -0.780361 33.4231 14
      vertex -1.16114 33.3278 8
      vertex -0.780361 33.4231 8
    endloop
  endfacet
  facet normal -0.595806 -0.803128 0
    outer loop
      vertex 2.22228 32.8259 8
      vertex 2.53757 32.592 14
      vertex 2.22228 32.8259 14
    endloop
  endfacet
  facet normal -0.595806 -0.803128 -0
    outer loop
      vertex 2.53757 32.592 14
      vertex 2.22228 32.8259 8
      vertex 2.53757 32.592 8
    endloop
  endfacet
  facet normal -0.242788 0.970079 0
    outer loop
      vertex 1.16114 25.6722 8
      vertex 0.780361 25.5769 14
      vertex 1.16114 25.6722 14
    endloop
  endfacet
  facet normal -0.242788 0.970079 0
    outer loop
      vertex 0.780361 25.5769 14
      vertex 1.16114 25.6722 8
      vertex 0.780361 25.5769 8
    endloop
  endfacet
  facet normal 0.595806 -0.803128 0
    outer loop
      vertex -2.53757 32.592 8
      vertex -2.22228 32.8259 14
      vertex -2.53757 32.592 14
    endloop
  endfacet
  facet normal 0.595806 -0.803128 0
    outer loop
      vertex -2.22228 32.8259 14
      vertex -2.53757 32.592 8
      vertex -2.22228 32.8259 8
    endloop
  endfacet
  facet normal 0.0491666 -0.998791 0
    outer loop
      vertex -0.392068 33.4807 8
      vertex 0 33.5 14
      vertex -0.392068 33.4807 14
    endloop
  endfacet
  facet normal 0.0491666 -0.998791 0
    outer loop
      vertex 0 33.5 14
      vertex -0.392068 33.4807 8
      vertex 0 33.5 8
    endloop
  endfacet
  facet normal -0.80321 -0.595695 0
    outer loop
      vertex 3.32588 31.7223 8
      vertex 3.09204 32.0376 14
      vertex 3.09204 32.0376 8
    endloop
  endfacet
  facet normal -0.80321 -0.595695 0
    outer loop
      vertex 3.09204 32.0376 14
      vertex 3.32588 31.7223 8
      vertex 3.32588 31.7223 14
    endloop
  endfacet
  facet normal -0.989176 0.146733 0
    outer loop
      vertex 3.92314 28.7196 8
      vertex 3.98074 29.1079 14
      vertex 3.98074 29.1079 8
    endloop
  endfacet
  facet normal -0.989176 0.146733 0
    outer loop
      vertex 3.98074 29.1079 14
      vertex 3.92314 28.7196 8
      vertex 3.92314 28.7196 14
    endloop
  endfacet
  facet normal -0.740895 -0.671621 0
    outer loop
      vertex 3.09204 32.0376 8
      vertex 2.82843 32.3284 14
      vertex 2.82843 32.3284 8
    endloop
  endfacet
  facet normal -0.740895 -0.671621 0
    outer loop
      vertex 2.82843 32.3284 14
      vertex 3.09204 32.0376 8
      vertex 3.09204 32.0376 14
    endloop
  endfacet
  facet normal 0.740895 -0.671621 0
    outer loop
      vertex -3.09204 32.0376 14
      vertex -2.82843 32.3284 8
      vertex -2.82843 32.3284 14
    endloop
  endfacet
  facet normal 0.740895 -0.671621 0
    outer loop
      vertex -2.82843 32.3284 8
      vertex -3.09204 32.0376 14
      vertex -3.09204 32.0376 8
    endloop
  endfacet
  facet normal -0.998796 0.049061 0
    outer loop
      vertex 3.98074 29.1079 8
      vertex 4 29.5 14
      vertex 4 29.5 8
    endloop
  endfacet
  facet normal -0.998796 0.049061 0
    outer loop
      vertex 4 29.5 14
      vertex 3.98074 29.1079 8
      vertex 3.98074 29.1079 14
    endloop
  endfacet
  facet normal 0.671531 0.740977 -0
    outer loop
      vertex -2.53757 26.408 8
      vertex -2.82843 26.6716 14
      vertex -2.53757 26.408 14
    endloop
  endfacet
  facet normal 0.671531 0.740977 0
    outer loop
      vertex -2.82843 26.6716 14
      vertex -2.53757 26.408 8
      vertex -2.82843 26.6716 8
    endloop
  endfacet
  facet normal 0.941548 -0.336879 0
    outer loop
      vertex -3.82776 30.6611 14
      vertex -3.69552 31.0307 8
      vertex -3.69552 31.0307 14
    endloop
  endfacet
  facet normal 0.941548 -0.336879 0
    outer loop
      vertex -3.69552 31.0307 8
      vertex -3.82776 30.6611 14
      vertex -3.82776 30.6611 8
    endloop
  endfacet
  facet normal 0.904004 -0.427523 0
    outer loop
      vertex -3.69552 31.0307 14
      vertex -3.52768 31.3856 8
      vertex -3.52768 31.3856 14
    endloop
  endfacet
  facet normal 0.904004 -0.427523 0
    outer loop
      vertex -3.52768 31.3856 8
      vertex -3.69552 31.0307 14
      vertex -3.69552 31.0307 8
    endloop
  endfacet
  facet normal -0.941548 -0.336879 0
    outer loop
      vertex 3.82776 30.6611 8
      vertex 3.69552 31.0307 14
      vertex 3.69552 31.0307 8
    endloop
  endfacet
  facet normal -0.941548 -0.336879 0
    outer loop
      vertex 3.69552 31.0307 14
      vertex 3.82776 30.6611 8
      vertex 3.82776 30.6611 14
    endloop
  endfacet
  facet normal -0.80321 0.595695 0
    outer loop
      vertex 3.09204 26.9624 8
      vertex 3.32588 27.2777 14
      vertex 3.32588 27.2777 8
    endloop
  endfacet
  facet normal -0.80321 0.595695 0
    outer loop
      vertex 3.32588 27.2777 14
      vertex 3.09204 26.9624 8
      vertex 3.09204 26.9624 14
    endloop
  endfacet
  facet normal -0.85774 0.514084 0
    outer loop
      vertex 3.32588 27.2777 8
      vertex 3.52768 27.6144 14
      vertex 3.52768 27.6144 8
    endloop
  endfacet
  facet normal -0.85774 0.514084 0
    outer loop
      vertex 3.52768 27.6144 14
      vertex 3.32588 27.2777 8
      vertex 3.32588 27.2777 14
    endloop
  endfacet
  facet normal 0.514095 -0.857733 0
    outer loop
      vertex -2.22228 32.8259 8
      vertex -1.88559 33.0277 14
      vertex -2.22228 32.8259 14
    endloop
  endfacet
  facet normal 0.514095 -0.857733 0
    outer loop
      vertex -1.88559 33.0277 14
      vertex -2.22228 32.8259 8
      vertex -1.88559 33.0277 8
    endloop
  endfacet
  facet normal 0.85774 -0.514084 0
    outer loop
      vertex -3.52768 31.3856 14
      vertex -3.32588 31.7223 8
      vertex -3.32588 31.7223 14
    endloop
  endfacet
  facet normal 0.85774 -0.514084 0
    outer loop
      vertex -3.32588 31.7223 8
      vertex -3.52768 31.3856 14
      vertex -3.52768 31.3856 8
    endloop
  endfacet
  facet normal 0.989176 -0.146733 0
    outer loop
      vertex -3.98074 29.8921 14
      vertex -3.92314 30.2804 8
      vertex -3.92314 30.2804 14
    endloop
  endfacet
  facet normal 0.989176 -0.146733 0
    outer loop
      vertex -3.92314 30.2804 8
      vertex -3.98074 29.8921 14
      vertex -3.98074 29.8921 8
    endloop
  endfacet
  facet normal -0.904004 -0.427523 0
    outer loop
      vertex 3.69552 31.0307 8
      vertex 3.52768 31.3856 14
      vertex 3.52768 31.3856 8
    endloop
  endfacet
  facet normal -0.904004 -0.427523 0
    outer loop
      vertex 3.52768 31.3856 14
      vertex 3.69552 31.0307 8
      vertex 3.69552 31.0307 14
    endloop
  endfacet
  facet normal -0.85774 -0.514084 0
    outer loop
      vertex 3.52768 31.3856 8
      vertex 3.32588 31.7223 14
      vertex 3.32588 31.7223 8
    endloop
  endfacet
  facet normal -0.85774 -0.514084 0
    outer loop
      vertex 3.32588 31.7223 14
      vertex 3.52768 31.3856 8
      vertex 3.52768 31.3856 14
    endloop
  endfacet
  facet normal 0.80321 -0.595695 0
    outer loop
      vertex -3.32588 31.7223 14
      vertex -3.09204 32.0376 8
      vertex -3.09204 32.0376 14
    endloop
  endfacet
  facet normal 0.80321 -0.595695 0
    outer loop
      vertex -3.09204 32.0376 8
      vertex -3.32588 31.7223 14
      vertex -3.32588 31.7223 8
    endloop
  endfacet
  facet normal 0.242788 0.970079 -0
    outer loop
      vertex -0.780361 25.5769 8
      vertex -1.16114 25.6722 14
      vertex -0.780361 25.5769 14
    endloop
  endfacet
  facet normal 0.242788 0.970079 0
    outer loop
      vertex -1.16114 25.6722 14
      vertex -0.780361 25.5769 8
      vertex -1.16114 25.6722 8
    endloop
  endfacet
  facet normal -0.514095 0.857733 0
    outer loop
      vertex 2.22228 26.1741 8
      vertex 1.88559 25.9723 14
      vertex 2.22228 26.1741 14
    endloop
  endfacet
  facet normal -0.514095 0.857733 0
    outer loop
      vertex 1.88559 25.9723 14
      vertex 2.22228 26.1741 8
      vertex 1.88559 25.9723 8
    endloop
  endfacet
  facet normal -0.0491666 -0.998791 0
    outer loop
      vertex 0 33.5 8
      vertex 0.392068 33.4807 14
      vertex 0 33.5 14
    endloop
  endfacet
  facet normal -0.0491666 -0.998791 -0
    outer loop
      vertex 0.392068 33.4807 14
      vertex 0 33.5 8
      vertex 0.392068 33.4807 8
    endloop
  endfacet
  facet normal 0.989176 0.146733 0
    outer loop
      vertex -3.92314 28.7196 14
      vertex -3.98074 29.1079 8
      vertex -3.98074 29.1079 14
    endloop
  endfacet
  facet normal 0.989176 0.146733 0
    outer loop
      vertex -3.98074 29.1079 8
      vertex -3.92314 28.7196 14
      vertex -3.92314 28.7196 8
    endloop
  endfacet
  facet normal 0.941548 0.336879 0
    outer loop
      vertex -3.69552 27.9693 14
      vertex -3.82776 28.3389 8
      vertex -3.82776 28.3389 14
    endloop
  endfacet
  facet normal 0.941548 0.336879 0
    outer loop
      vertex -3.82776 28.3389 8
      vertex -3.69552 27.9693 14
      vertex -3.69552 27.9693 8
    endloop
  endfacet
  facet normal 0.337022 0.941497 -0
    outer loop
      vertex -1.16114 25.6722 8
      vertex -1.53073 25.8045 14
      vertex -1.16114 25.6722 14
    endloop
  endfacet
  facet normal 0.337022 0.941497 0
    outer loop
      vertex -1.53073 25.8045 14
      vertex -1.16114 25.6722 8
      vertex -1.53073 25.8045 8
    endloop
  endfacet
  facet normal -0.242788 -0.970079 0
    outer loop
      vertex 0.780361 33.4231 8
      vertex 1.16114 33.3278 14
      vertex 0.780361 33.4231 14
    endloop
  endfacet
  facet normal -0.242788 -0.970079 -0
    outer loop
      vertex 1.16114 33.3278 14
      vertex 0.780361 33.4231 8
      vertex 1.16114 33.3278 8
    endloop
  endfacet
  facet normal -0.904004 0.427523 0
    outer loop
      vertex 3.52768 27.6144 8
      vertex 3.69552 27.9693 14
      vertex 3.69552 27.9693 8
    endloop
  endfacet
  facet normal -0.904004 0.427523 0
    outer loop
      vertex 3.69552 27.9693 14
      vertex 3.52768 27.6144 8
      vertex 3.52768 27.6144 14
    endloop
  endfacet
  facet normal 0.595806 0.803128 -0
    outer loop
      vertex -2.22228 26.1741 8
      vertex -2.53757 26.408 14
      vertex -2.22228 26.1741 14
    endloop
  endfacet
  facet normal 0.595806 0.803128 0
    outer loop
      vertex -2.53757 26.408 14
      vertex -2.22228 26.1741 8
      vertex -2.53757 26.408 8
    endloop
  endfacet
  facet normal -0.671531 0.740977 0
    outer loop
      vertex 2.82843 26.6716 8
      vertex 2.53757 26.408 14
      vertex 2.82843 26.6716 14
    endloop
  endfacet
  facet normal -0.671531 0.740977 0
    outer loop
      vertex 2.53757 26.408 14
      vertex 2.82843 26.6716 8
      vertex 2.53757 26.408 8
    endloop
  endfacet
  facet normal 0.904004 0.427523 0
    outer loop
      vertex -3.52768 27.6144 14
      vertex -3.69552 27.9693 8
      vertex -3.69552 27.9693 14
    endloop
  endfacet
  facet normal 0.904004 0.427523 0
    outer loop
      vertex -3.69552 27.9693 8
      vertex -3.52768 27.6144 14
      vertex -3.52768 27.6144 8
    endloop
  endfacet
  facet normal 0.42748 -0.904025 0
    outer loop
      vertex -1.88559 33.0277 8
      vertex -1.53073 33.1955 14
      vertex -1.88559 33.0277 14
    endloop
  endfacet
  facet normal 0.42748 -0.904025 0
    outer loop
      vertex -1.53073 33.1955 14
      vertex -1.88559 33.0277 8
      vertex -1.53073 33.1955 8
    endloop
  endfacet
  facet normal 0.42748 0.904025 -0
    outer loop
      vertex -1.53073 25.8045 8
      vertex -1.88559 25.9723 14
      vertex -1.53073 25.8045 14
    endloop
  endfacet
  facet normal 0.42748 0.904025 0
    outer loop
      vertex -1.88559 25.9723 14
      vertex -1.53073 25.8045 8
      vertex -1.88559 25.9723 8
    endloop
  endfacet
  facet normal 0.146736 0.989176 -0
    outer loop
      vertex -0.392068 25.5193 8
      vertex -0.780361 25.5769 14
      vertex -0.392068 25.5193 14
    endloop
  endfacet
  facet normal 0.146736 0.989176 0
    outer loop
      vertex -0.780361 25.5769 14
      vertex -0.392068 25.5193 8
      vertex -0.780361 25.5769 8
    endloop
  endfacet
  facet normal 0.514095 0.857733 -0
    outer loop
      vertex -1.88559 25.9723 8
      vertex -2.22228 26.1741 14
      vertex -1.88559 25.9723 14
    endloop
  endfacet
  facet normal 0.514095 0.857733 0
    outer loop
      vertex -2.22228 26.1741 14
      vertex -1.88559 25.9723 8
      vertex -2.22228 26.1741 8
    endloop
  endfacet
  facet normal 0 0.146724 -0.989177
    outer loop
      vertex -17 28.6861 -6.96629
      vertex 17 29.3656 -6.8655
      vertex 17 28.6861 -6.96629
    endloop
  endfacet
  facet normal 0 0.146724 -0.989177
    outer loop
      vertex 17 29.3656 -6.8655
      vertex -17 28.6861 -6.96629
      vertex -17 29.3656 -6.8655
    endloop
  endfacet
  facet normal 0 0.0490736 -0.998795
    outer loop
      vertex -17 28 -7
      vertex 17 28.6861 -6.96629
      vertex 17 28 -7
    endloop
  endfacet
  facet normal 0 0.0490736 -0.998795
    outer loop
      vertex 17 28.6861 -6.96629
      vertex -17 28 -7
      vertex -17 28.6861 -6.96629
    endloop
  endfacet
  facet normal 0 0.242974 -0.970033
    outer loop
      vertex -17 29.3656 -6.8655
      vertex 17 30.032 -6.69858
      vertex 17 29.3656 -6.8655
    endloop
  endfacet
  facet normal 0 0.242974 -0.970033
    outer loop
      vertex 17 30.032 -6.69858
      vertex -17 29.3656 -6.8655
      vertex -17 30.032 -6.69858
    endloop
  endfacet
  facet normal 0 -0.903939 -0.427661
    outer loop
      vertex -17 21.8266 -3.29978
      vertex -15.704 21.5328 -2.67878
      vertex -17 21.5328 -2.67878
    endloop
  endfacet
  facet normal 2.73879e-05 -0.903917 -0.427708
    outer loop
      vertex -15.704 21.5328 -2.67878
      vertex -17 21.8266 -3.29978
      vertex -15.4409 21.6848 -3
    endloop
  endfacet
  facet normal -0 -0.903972 -0.427591
    outer loop
      vertex 17 21.8266 -3.29978
      vertex -15.4409 21.6848 -3
      vertex -17 21.8266 -3.29978
    endloop
  endfacet
  facet normal 0 -0.903972 -0.427591
    outer loop
      vertex -15.4409 21.6848 -3
      vertex 17 21.8266 -3.29978
      vertex 17 21.6848 -3
    endloop
  endfacet
  facet normal 0 0.903972 0.427591
    outer loop
      vertex 17 34.3152 3
      vertex -17 34.1734 3.29978
      vertex 17 34.1734 3.29978
    endloop
  endfacet
  facet normal 0 0.903972 0.427591
    outer loop
      vertex -17 34.1734 3.29978
      vertex 17 34.3152 3
      vertex -17 34.3152 3
    endloop
  endfacet
  facet normal 0 0.671623 -0.740893
    outer loop
      vertex -17 32.4408 -5.41107
      vertex 17 32.9497 -4.94975
      vertex 17 32.4408 -5.41107
    endloop
  endfacet
  facet normal 0 0.671623 -0.740893
    outer loop
      vertex 17 32.9497 -4.94975
      vertex -17 32.4408 -5.41107
      vertex -17 32.9497 -4.94975
    endloop
  endfacet
  facet normal 0 -0.989176 0.146736
    outer loop
      vertex -16.5686 21.0337 0.686119
      vertex -17 21.1345 1.36563
      vertex -17 21.0337 0.686119
    endloop
  endfacet
  facet normal 0 -0.989176 0.146736
    outer loop
      vertex -17 21.1345 1.36563
      vertex -16.5686 21.0337 0.686119
      vertex -16.394 21.1345 1.36563
    endloop
  endfacet
  facet normal 0 0.903972 -0.427591
    outer loop
      vertex 17 34.1734 -3.29978
      vertex -17 34.3152 -3
      vertex 17 34.3152 -3
    endloop
  endfacet
  facet normal 0 0.903972 -0.427591
    outer loop
      vertex -17 34.3152 -3
      vertex 17 34.1734 -3.29978
      vertex -17 34.1734 -3.29978
    endloop
  endfacet
  facet normal 0 -0.970036 -0.24296
    outer loop
      vertex -17 21.3014 -2.03199
      vertex -16.394 21.1345 -1.36563
      vertex -17 21.1345 -1.36563
    endloop
  endfacet
  facet normal 0 -0.970036 -0.24296
    outer loop
      vertex -16.394 21.1345 -1.36563
      vertex -17 21.3014 -2.03199
      vertex -16.1049 21.3014 -2.03199
    endloop
  endfacet
  facet normal 0 0.803217 0.595687
    outer loop
      vertex 17 33.8203 3.88899
      vertex -17 33.4111 4.44075
      vertex 17 33.4111 4.44075
    endloop
  endfacet
  facet normal 0 0.803217 0.595687
    outer loop
      vertex -17 33.4111 4.44075
      vertex 17 33.8203 3.88899
      vertex -17 33.8203 3.88899
    endloop
  endfacet
  facet normal -0 0.427554 0.90399
    outer loop
      vertex -17 31.2998 6.17345
      vertex 17 30.6788 6.46716
      vertex 17 31.2998 6.17345
    endloop
  endfacet
  facet normal 0 0.427554 0.90399
    outer loop
      vertex 17 30.6788 6.46716
      vertex -17 31.2998 6.17345
      vertex -17 30.6788 6.46716
    endloop
  endfacet
  facet normal 0 -0.903972 0.427591
    outer loop
      vertex -17 21.8266 3.29978
      vertex -15.4409 21.6848 3
      vertex 17 21.8266 3.29978
    endloop
  endfacet
  facet normal 0 -0.903939 0.427661
    outer loop
      vertex -15.704 21.5328 2.67878
      vertex -17 21.8266 3.29978
      vertex -17 21.5328 2.67878
    endloop
  endfacet
  facet normal 2.73879e-05 -0.903917 0.427708
    outer loop
      vertex -17 21.8266 3.29978
      vertex -15.704 21.5328 2.67878
      vertex -15.4409 21.6848 3
    endloop
  endfacet
  facet normal 0 -0.903972 0.427591
    outer loop
      vertex 17 21.8266 3.29978
      vertex -15.4409 21.6848 3
      vertex 17 21.6848 3
    endloop
  endfacet
  facet normal 0 -0.941556 -0.336857
    outer loop
      vertex -17 21.5328 -2.67878
      vertex -16.1049 21.3014 -2.03199
      vertex -17 21.3014 -2.03199
    endloop
  endfacet
  facet normal 0 -0.941556 -0.336857
    outer loop
      vertex -16.1049 21.3014 -2.03199
      vertex -17 21.5328 -2.67878
      vertex -15.704 21.5328 -2.67878
    endloop
  endfacet
  facet normal 0 -0.803217 0.595687
    outer loop
      vertex -17 22.1797 3.88899
      vertex 17 22.5889 4.44075
      vertex -17 22.5889 4.44075
    endloop
  endfacet
  facet normal 0 -0.803217 0.595687
    outer loop
      vertex 17 22.5889 4.44075
      vertex -17 22.1797 3.88899
      vertex 17 22.1797 3.88899
    endloop
  endfacet
  facet normal 0 -0.427554 0.90399
    outer loop
      vertex -17 25.3212 6.46716
      vertex 17 24.7002 6.17345
      vertex 17 25.3212 6.46716
    endloop
  endfacet
  facet normal 0 -0.427554 0.90399
    outer loop
      vertex 17 24.7002 6.17345
      vertex -17 25.3212 6.46716
      vertex -17 24.7002 6.17345
    endloop
  endfacet
  facet normal 0 0.857766 -0.51404
    outer loop
      vertex 17 33.8203 -3.88899
      vertex -17 34.1734 -3.29978
      vertex 17 34.1734 -3.29978
    endloop
  endfacet
  facet normal 0 0.857766 -0.51404
    outer loop
      vertex -17 34.1734 -3.29978
      vertex 17 33.8203 -3.88899
      vertex -17 33.8203 -3.88899
    endloop
  endfacet
  facet normal 0 -0.803217 -0.595687
    outer loop
      vertex -17 22.5889 -4.44075
      vertex 17 22.1797 -3.88899
      vertex -17 22.1797 -3.88899
    endloop
  endfacet
  facet normal 0 -0.803217 -0.595687
    outer loop
      vertex 17 22.1797 -3.88899
      vertex -17 22.5889 -4.44075
      vertex 17 22.5889 -4.44075
    endloop
  endfacet
  facet normal 0 -0.0490736 0.998795
    outer loop
      vertex -17 28 7
      vertex 17 27.3139 6.96629
      vertex 17 28 7
    endloop
  endfacet
  facet normal 0 -0.0490736 0.998795
    outer loop
      vertex 17 27.3139 6.96629
      vertex -17 28 7
      vertex -17 27.3139 6.96629
    endloop
  endfacet
  facet normal 0 0.803217 -0.595687
    outer loop
      vertex 17 33.4111 -4.44075
      vertex -17 33.8203 -3.88899
      vertex 17 33.8203 -3.88899
    endloop
  endfacet
  facet normal 0 0.803217 -0.595687
    outer loop
      vertex -17 33.8203 -3.88899
      vertex 17 33.4111 -4.44075
      vertex -17 33.4111 -4.44075
    endloop
  endfacet
  facet normal 0 -0.242974 -0.970033
    outer loop
      vertex -17 25.968 -6.69858
      vertex 17 26.6344 -6.8655
      vertex 17 25.968 -6.69858
    endloop
  endfacet
  facet normal -0 -0.242974 -0.970033
    outer loop
      vertex 17 26.6344 -6.8655
      vertex -17 25.968 -6.69858
      vertex -17 26.6344 -6.8655
    endloop
  endfacet
  facet normal 0 -0.336879 0.941548
    outer loop
      vertex -17 25.968 6.69858
      vertex 17 25.3212 6.46716
      vertex 17 25.968 6.69858
    endloop
  endfacet
  facet normal 0 -0.336879 0.941548
    outer loop
      vertex 17 25.3212 6.46716
      vertex -17 25.968 6.69858
      vertex -17 25.3212 6.46716
    endloop
  endfacet
  facet normal -0 0.671623 0.740893
    outer loop
      vertex -17 32.9497 4.94975
      vertex 17 32.4408 5.41107
      vertex 17 32.9497 4.94975
    endloop
  endfacet
  facet normal 0 0.671623 0.740893
    outer loop
      vertex 17 32.4408 5.41107
      vertex -17 32.9497 4.94975
      vertex -17 32.4408 5.41107
    endloop
  endfacet
  facet normal 0 -0.998796 -0.0490577
    outer loop
      vertex -17 21.0337 -0.686119
      vertex -16.6269 21 0
      vertex -17 21 0
    endloop
  endfacet
  facet normal 0 -0.998796 -0.0490577
    outer loop
      vertex -16.6269 21 0
      vertex -17 21.0337 -0.686119
      vertex -16.5686 21.0337 -0.686119
    endloop
  endfacet
  facet normal 0 0.595678 -0.803223
    outer loop
      vertex -17 31.889 -5.82029
      vertex 17 32.4408 -5.41107
      vertex 17 31.889 -5.82029
    endloop
  endfacet
  facet normal 0 0.595678 -0.803223
    outer loop
      vertex 17 32.4408 -5.41107
      vertex -17 31.889 -5.82029
      vertex -17 32.4408 -5.41107
    endloop
  endfacet
  facet normal 0 -0.242974 0.970033
    outer loop
      vertex -17 26.6344 6.8655
      vertex 17 25.968 6.69858
      vertex 17 26.6344 6.8655
    endloop
  endfacet
  facet normal 0 -0.242974 0.970033
    outer loop
      vertex 17 25.968 6.69858
      vertex -17 26.6344 6.8655
      vertex -17 25.968 6.69858
    endloop
  endfacet
  facet normal 0 -0.146724 -0.989177
    outer loop
      vertex -17 26.6344 -6.8655
      vertex 17 27.3139 -6.96629
      vertex 17 26.6344 -6.8655
    endloop
  endfacet
  facet normal -0 -0.146724 -0.989177
    outer loop
      vertex 17 27.3139 -6.96629
      vertex -17 26.6344 -6.8655
      vertex -17 27.3139 -6.96629
    endloop
  endfacet
  facet normal 0 -0.857766 -0.51404
    outer loop
      vertex -17 22.1797 -3.88899
      vertex 17 21.8266 -3.29978
      vertex -17 21.8266 -3.29978
    endloop
  endfacet
  facet normal 0 -0.857766 -0.51404
    outer loop
      vertex 17 21.8266 -3.29978
      vertex -17 22.1797 -3.88899
      vertex 17 22.1797 -3.88899
    endloop
  endfacet
  facet normal -0 0.336879 0.941548
    outer loop
      vertex -17 30.6788 6.46716
      vertex 17 30.032 6.69858
      vertex 17 30.6788 6.46716
    endloop
  endfacet
  facet normal 0 0.336879 0.941548
    outer loop
      vertex 17 30.032 6.69858
      vertex -17 30.6788 6.46716
      vertex -17 30.032 6.69858
    endloop
  endfacet
  facet normal 0 0.740901 -0.671614
    outer loop
      vertex 17 32.9497 -4.94975
      vertex -17 33.4111 -4.44075
      vertex 17 33.4111 -4.44075
    endloop
  endfacet
  facet normal 0 0.740901 -0.671614
    outer loop
      vertex -17 33.4111 -4.44075
      vertex 17 32.9497 -4.94975
      vertex -17 32.9497 -4.94975
    endloop
  endfacet
  facet normal -0 0.146724 0.989177
    outer loop
      vertex -17 29.3656 6.8655
      vertex 17 28.6861 6.96629
      vertex 17 29.3656 6.8655
    endloop
  endfacet
  facet normal 0 0.146724 0.989177
    outer loop
      vertex 17 28.6861 6.96629
      vertex -17 29.3656 6.8655
      vertex -17 28.6861 6.96629
    endloop
  endfacet
  facet normal 0 -0.427554 -0.90399
    outer loop
      vertex -17 24.7002 -6.17345
      vertex 17 25.3212 -6.46716
      vertex 17 24.7002 -6.17345
    endloop
  endfacet
  facet normal -0 -0.427554 -0.90399
    outer loop
      vertex 17 25.3212 -6.46716
      vertex -17 24.7002 -6.17345
      vertex -17 25.3212 -6.46716
    endloop
  endfacet
  facet normal 0 -0.0490736 -0.998795
    outer loop
      vertex -17 27.3139 -6.96629
      vertex 17 28 -7
      vertex 17 27.3139 -6.96629
    endloop
  endfacet
  facet normal -0 -0.0490736 -0.998795
    outer loop
      vertex 17 28 -7
      vertex -17 27.3139 -6.96629
      vertex -17 28 -7
    endloop
  endfacet
  facet normal -1 0 0
    outer loop
      vertex -17 31.1769 -3
      vertex -17 34.1734 -3.29978
      vertex -17 33.8203 -3.88899
    endloop
  endfacet
  facet normal -1 0 0
    outer loop
      vertex -17 31.1769 -3
      vertex -17 33.8203 -3.88899
      vertex -17 33.4111 -4.44075
    endloop
  endfacet
  facet normal -1 0 0
    outer loop
      vertex -17 31.1769 -3
      vertex -17 33.4111 -4.44075
      vertex -17 32.9497 -4.94975
    endloop
  endfacet
  facet normal -1 0 0
    outer loop
      vertex -17 31.1769 -3
      vertex -17 32.9497 -4.94975
      vertex -17 32.4408 -5.41107
    endloop
  endfacet
  facet normal -1 0 0
    outer loop
      vertex -17 31.1769 -3
      vertex -17 32.4408 -5.41107
      vertex -17 31.889 -5.82029
    endloop
  endfacet
  facet normal -1 0 0
    outer loop
      vertex -17 30.2223 -3.32588
      vertex -17 31.889 -5.82029
      vertex -17 31.2998 -6.17345
    endloop
  endfacet
  facet normal -1 0 0
    outer loop
      vertex -17 34.1734 -3.29978
      vertex -17 31.1769 -3
      vertex -17 34.3152 -3
    endloop
  endfacet
  facet normal -1 0 0
    outer loop
      vertex -17 31.1769 -3
      vertex -17 31.092 -2.53757
      vertex -17 31.1769 -2.42313
    endloop
  endfacet
  facet normal -1 0 0
    outer loop
      vertex -17 31.889 -5.82029
      vertex -17 30.2223 -3.32588
      vertex -17 31.1769 -3
    endloop
  endfacet
  facet normal -1 0 0
    outer loop
      vertex -17 31.1769 -3
      vertex -17 30.8284 -2.82843
      vertex -17 31.092 -2.53757
    endloop
  endfacet
  facet normal -1 0 0
    outer loop
      vertex -17 29.8856 -3.52768
      vertex -17 31.2998 -6.17345
      vertex -17 30.6788 -6.46716
    endloop
  endfacet
  facet normal -1 -0 0
    outer loop
      vertex -17 31.1769 -3
      vertex -17 30.5376 -3.09204
      vertex -17 30.8284 -2.82843
    endloop
  endfacet
  facet normal -1 0 0
    outer loop
      vertex -17 31.1769 -3
      vertex -17 30.2223 -3.32588
      vertex -17 30.5376 -3.09204
    endloop
  endfacet
  facet normal -1 0 0
    outer loop
      vertex -17 29.5307 -3.69552
      vertex -17 30.6788 -6.46716
      vertex -17 30.032 -6.69858
    endloop
  endfacet
  facet normal -1 0 0
    outer loop
      vertex -17 31.2998 -6.17345
      vertex -17 29.8856 -3.52768
      vertex -17 30.2223 -3.32588
    endloop
  endfacet
  facet normal -1 0 0
    outer loop
      vertex -17 30.6788 -6.46716
      vertex -17 29.5307 -3.69552
      vertex -17 29.8856 -3.52768
    endloop
  endfacet
  facet normal -1 0 0
    outer loop
      vertex -17 29.1611 -3.82776
      vertex -17 30.032 -6.69858
      vertex -17 29.3656 -6.8655
    endloop
  endfacet
  facet normal -1 0 0
    outer loop
      vertex -17 30.032 -6.69858
      vertex -17 29.1611 -3.82776
      vertex -17 29.5307 -3.69552
    endloop
  endfacet
  facet normal -1 0 0
    outer loop
      vertex -17 29.3656 -6.8655
      vertex -17 28.7804 -3.92314
      vertex -17 29.1611 -3.82776
    endloop
  endfacet
  facet normal -1 0 0
    outer loop
      vertex -17 28.6861 -6.96629
      vertex -17 28.7804 -3.92314
      vertex -17 29.3656 -6.8655
    endloop
  endfacet
  facet normal -1 0 0
    outer loop
      vertex -17 28.6861 -6.96629
      vertex -17 28.3921 -3.98074
      vertex -17 28.7804 -3.92314
    endloop
  endfacet
  facet normal -1 0 0
    outer loop
      vertex -17 28 -7
      vertex -17 28.3921 -3.98074
      vertex -17 28.6861 -6.96629
    endloop
  endfacet
  facet normal -1 0 0
    outer loop
      vertex -17 28 -7
      vertex -17 28 -4
      vertex -17 28.3921 -3.98074
    endloop
  endfacet
  facet normal -1 0 0
    outer loop
      vertex -17 28 -7
      vertex -17 27.6079 -3.98074
      vertex -17 28 -4
    endloop
  endfacet
  facet normal -1 0 0
    outer loop
      vertex -17 27.3139 -6.96629
      vertex -17 27.6079 -3.98074
      vertex -17 28 -7
    endloop
  endfacet
  facet normal -1 0 0
    outer loop
      vertex -17 27.3139 -6.96629
      vertex -17 27.2196 -3.92314
      vertex -17 27.6079 -3.98074
    endloop
  endfacet
  facet normal -1 0 0
    outer loop
      vertex -17 26.6344 -6.8655
      vertex -17 27.2196 -3.92314
      vertex -17 27.3139 -6.96629
    endloop
  endfacet
  facet normal -1 -0 0
    outer loop
      vertex -17 27.2196 -3.92314
      vertex -17 26.6344 -6.8655
      vertex -17 26.8389 -3.82776
    endloop
  endfacet
  facet normal -1 0 0
    outer loop
      vertex -17 25.968 -6.69858
      vertex -17 26.8389 -3.82776
      vertex -17 26.6344 -6.8655
    endloop
  endfacet
  facet normal -1 -0 0
    outer loop
      vertex -17 26.8389 -3.82776
      vertex -17 25.968 -6.69858
      vertex -17 26.4693 -3.69552
    endloop
  endfacet
  facet normal -1 0 0
    outer loop
      vertex -17 25.3212 -6.46716
      vertex -17 26.4693 -3.69552
      vertex -17 25.968 -6.69858
    endloop
  endfacet
  facet normal -1 -0 0
    outer loop
      vertex -17 26.4693 -3.69552
      vertex -17 25.3212 -6.46716
      vertex -17 26.1144 -3.52768
    endloop
  endfacet
  facet normal -1 0 0
    outer loop
      vertex -17 24.7002 -6.17345
      vertex -17 26.1144 -3.52768
      vertex -17 25.3212 -6.46716
    endloop
  endfacet
  facet normal -1 -0 0
    outer loop
      vertex -17 26.1144 -3.52768
      vertex -17 24.7002 -6.17345
      vertex -17 25.7777 -3.32588
    endloop
  endfacet
  facet normal -1 0 0
    outer loop
      vertex -17 24.111 -5.82029
      vertex -17 25.7777 -3.32588
      vertex -17 24.7002 -6.17345
    endloop
  endfacet
  facet normal -1 -0 0
    outer loop
      vertex -17 25.7777 -3.32588
      vertex -17 24.111 -5.82029
      vertex -17 25.4624 -3.09204
    endloop
  endfacet
  facet normal -1 0 0
    outer loop
      vertex -17 23.5592 -5.41107
      vertex -17 25.4624 -3.09204
      vertex -17 24.111 -5.82029
    endloop
  endfacet
  facet normal -1 -0 0
    outer loop
      vertex -17 25.4624 -3.09204
      vertex -17 23.5592 -5.41107
      vertex -17 25.1716 -2.82843
    endloop
  endfacet
  facet normal -1 0 0
    outer loop
      vertex -17 23.0503 -4.94975
      vertex -17 25.1716 -2.82843
      vertex -17 23.5592 -5.41107
    endloop
  endfacet
  facet normal -1 -0 0
    outer loop
      vertex -17 25.1716 -2.82843
      vertex -17 23.0503 -4.94975
      vertex -17 24.908 -2.53757
    endloop
  endfacet
  facet normal -1 0 0
    outer loop
      vertex -17 22.5889 -4.44075
      vertex -17 24.908 -2.53757
      vertex -17 23.0503 -4.94975
    endloop
  endfacet
  facet normal -1 -0 0
    outer loop
      vertex -17 24.908 -2.53757
      vertex -17 22.5889 -4.44075
      vertex -17 24.6741 -2.22228
    endloop
  endfacet
  facet normal -1 0 0
    outer loop
      vertex -17 22.1797 -3.88899
      vertex -17 24.6741 -2.22228
      vertex -17 22.5889 -4.44075
    endloop
  endfacet
  facet normal -1 -0 0
    outer loop
      vertex -17 24.6741 -2.22228
      vertex -17 22.1797 -3.88899
      vertex -17 24.4723 -1.88559
    endloop
  endfacet
  facet normal -1 0 0
    outer loop
      vertex -17 21.8266 -3.29978
      vertex -17 24.4723 -1.88559
      vertex -17 22.1797 -3.88899
    endloop
  endfacet
  facet normal -1 -0 0
    outer loop
      vertex -17 24.4723 -1.88559
      vertex -17 21.8266 -3.29978
      vertex -17 24.3045 -1.53073
    endloop
  endfacet
  facet normal -1 0 0
    outer loop
      vertex -17 31.1769 2.42313
      vertex -17 31.092 2.53757
      vertex -17 31.1769 3
    endloop
  endfacet
  facet normal -1 0 0
    outer loop
      vertex -17 31.1769 3
      vertex -17 34.1734 3.29978
      vertex -17 34.3152 3
    endloop
  endfacet
  facet normal -1 -0 0
    outer loop
      vertex -17 34.1734 3.29978
      vertex -17 31.1769 3
      vertex -17 33.8203 3.88899
    endloop
  endfacet
  facet normal -1 -0 0
    outer loop
      vertex -17 33.8203 3.88899
      vertex -17 31.1769 3
      vertex -17 33.4111 4.44075
    endloop
  endfacet
  facet normal -1 -0 0
    outer loop
      vertex -17 33.4111 4.44075
      vertex -17 31.1769 3
      vertex -17 32.9497 4.94975
    endloop
  endfacet
  facet normal -1 -0 0
    outer loop
      vertex -17 32.9497 4.94975
      vertex -17 31.1769 3
      vertex -17 32.4408 5.41107
    endloop
  endfacet
  facet normal -1 -0 0
    outer loop
      vertex -17 32.4408 5.41107
      vertex -17 31.1769 3
      vertex -17 31.889 5.82029
    endloop
  endfacet
  facet normal -1 0 0
    outer loop
      vertex -17 30.2223 3.32588
      vertex -17 31.889 5.82029
      vertex -17 31.1769 3
    endloop
  endfacet
  facet normal -1 0 0
    outer loop
      vertex -17 30.8284 2.82843
      vertex -17 31.1769 3
      vertex -17 31.092 2.53757
    endloop
  endfacet
  facet normal -1 0 0
    outer loop
      vertex -17 30.5376 3.09204
      vertex -17 31.1769 3
      vertex -17 30.8284 2.82843
    endloop
  endfacet
  facet normal -1 0 0
    outer loop
      vertex -17 30.2223 3.32588
      vertex -17 31.1769 3
      vertex -17 30.5376 3.09204
    endloop
  endfacet
  facet normal -1 -0 0
    outer loop
      vertex -17 31.889 5.82029
      vertex -17 30.2223 3.32588
      vertex -17 31.2998 6.17345
    endloop
  endfacet
  facet normal -1 0 0
    outer loop
      vertex -17 29.8856 3.52768
      vertex -17 31.2998 6.17345
      vertex -17 30.2223 3.32588
    endloop
  endfacet
  facet normal -1 -0 0
    outer loop
      vertex -17 31.2998 6.17345
      vertex -17 29.8856 3.52768
      vertex -17 30.6788 6.46716
    endloop
  endfacet
  facet normal -1 0 0
    outer loop
      vertex -17 29.5307 3.69552
      vertex -17 30.6788 6.46716
      vertex -17 29.8856 3.52768
    endloop
  endfacet
  facet normal -1 -0 0
    outer loop
      vertex -17 30.6788 6.46716
      vertex -17 29.5307 3.69552
      vertex -17 30.032 6.69858
    endloop
  endfacet
  facet normal -1 0 0
    outer loop
      vertex -17 29.1611 3.82776
      vertex -17 30.032 6.69858
      vertex -17 29.5307 3.69552
    endloop
  endfacet
  facet normal -1 -0 0
    outer loop
      vertex -17 30.032 6.69858
      vertex -17 29.1611 3.82776
      vertex -17 29.3656 6.8655
    endloop
  endfacet
  facet normal -1 0 0
    outer loop
      vertex -17 28.7804 3.92314
      vertex -17 29.3656 6.8655
      vertex -17 29.1611 3.82776
    endloop
  endfacet
  facet normal -1 0 0
    outer loop
      vertex -17 28.7804 3.92314
      vertex -17 28.6861 6.96629
      vertex -17 29.3656 6.8655
    endloop
  endfacet
  facet normal -1 0 0
    outer loop
      vertex -17 28.3921 3.98074
      vertex -17 28.6861 6.96629
      vertex -17 28.7804 3.92314
    endloop
  endfacet
  facet normal -1 0 0
    outer loop
      vertex -17 28 4
      vertex -17 28.6861 6.96629
      vertex -17 28.3921 3.98074
    endloop
  endfacet
  facet normal -1 0 0
    outer loop
      vertex -17 28 4
      vertex -17 28 7
      vertex -17 28.6861 6.96629
    endloop
  endfacet
  facet normal -1 0 0
    outer loop
      vertex -17 27.6079 3.98074
      vertex -17 28 7
      vertex -17 28 4
    endloop
  endfacet
  facet normal -1 0 0
    outer loop
      vertex -17 27.6079 3.98074
      vertex -17 27.3139 6.96629
      vertex -17 28 7
    endloop
  endfacet
  facet normal -1 0 0
    outer loop
      vertex -17 27.2196 3.92314
      vertex -17 27.3139 6.96629
      vertex -17 27.6079 3.98074
    endloop
  endfacet
  facet normal -1 0 0
    outer loop
      vertex -17 26.6344 6.8655
      vertex -17 27.2196 3.92314
      vertex -17 26.8389 3.82776
    endloop
  endfacet
  facet normal -1 0 0
    outer loop
      vertex -17 27.2196 3.92314
      vertex -17 26.6344 6.8655
      vertex -17 27.3139 6.96629
    endloop
  endfacet
  facet normal -1 0 0
    outer loop
      vertex -17 25.968 6.69858
      vertex -17 26.8389 3.82776
      vertex -17 26.4693 3.69552
    endloop
  endfacet
  facet normal -1 0 0
    outer loop
      vertex -17 25.3212 6.46716
      vertex -17 26.4693 3.69552
      vertex -17 26.1144 3.52768
    endloop
  endfacet
  facet normal -1 0 0
    outer loop
      vertex -17 26.8389 3.82776
      vertex -17 25.968 6.69858
      vertex -17 26.6344 6.8655
    endloop
  endfacet
  facet normal -1 0 0
    outer loop
      vertex -17 24.7002 6.17345
      vertex -17 26.1144 3.52768
      vertex -17 25.7777 3.32588
    endloop
  endfacet
  facet normal -1 0 0
    outer loop
      vertex -17 24.111 5.82029
      vertex -17 25.7777 3.32588
      vertex -17 25.4624 3.09204
    endloop
  endfacet
  facet normal -1 0 0
    outer loop
      vertex -17 26.4693 3.69552
      vertex -17 25.3212 6.46716
      vertex -17 25.968 6.69858
    endloop
  endfacet
  facet normal -1 0 0
    outer loop
      vertex -17 23.5592 5.41107
      vertex -17 25.4624 3.09204
      vertex -17 25.1716 2.82843
    endloop
  endfacet
  facet normal -1 0 0
    outer loop
      vertex -17 23.0503 4.94975
      vertex -17 25.1716 2.82843
      vertex -17 24.908 2.53757
    endloop
  endfacet
  facet normal -1 0 0
    outer loop
      vertex -17 26.1144 3.52768
      vertex -17 24.7002 6.17345
      vertex -17 25.3212 6.46716
    endloop
  endfacet
  facet normal -1 0 0
    outer loop
      vertex -17 22.5889 4.44075
      vertex -17 24.908 2.53757
      vertex -17 24.6741 2.22228
    endloop
  endfacet
  facet normal -1 0 0
    outer loop
      vertex -17 22.1797 3.88899
      vertex -17 24.6741 2.22228
      vertex -17 24.4723 1.88559
    endloop
  endfacet
  facet normal -1 0 0
    outer loop
      vertex -17 21.8266 3.29978
      vertex -17 24.4723 1.88559
      vertex -17 24.3045 1.53073
    endloop
  endfacet
  facet normal -1 0 0
    outer loop
      vertex -17 21.5328 2.67878
      vertex -17 24.3045 1.53073
      vertex -17 24.1722 1.16114
    endloop
  endfacet
  facet normal -1 0 0
    outer loop
      vertex -17 25.7777 3.32588
      vertex -17 24.111 5.82029
      vertex -17 24.7002 6.17345
    endloop
  endfacet
  facet normal -1 0 0
    outer loop
      vertex -17 21.3014 2.03199
      vertex -17 24.1722 1.16114
      vertex -17 24.0769 0.780361
    endloop
  endfacet
  facet normal -1 0 0
    outer loop
      vertex -17 21.1345 1.36563
      vertex -17 24.0769 0.780361
      vertex -17 24.0193 0.392068
    endloop
  endfacet
  facet normal -1 0 0
    outer loop
      vertex -17 21.0337 0.686119
      vertex -17 24.0193 0.392068
      vertex -17 24 0
    endloop
  endfacet
  facet normal -1 0 0
    outer loop
      vertex -17 21.5328 -2.67878
      vertex -17 24.3045 -1.53073
      vertex -17 21.8266 -3.29978
    endloop
  endfacet
  facet normal -1 0 0
    outer loop
      vertex -17 25.4624 3.09204
      vertex -17 23.5592 5.41107
      vertex -17 24.111 5.82029
    endloop
  endfacet
  facet normal -1 -0 0
    outer loop
      vertex -17 24.3045 -1.53073
      vertex -17 21.5328 -2.67878
      vertex -17 24.1722 -1.16114
    endloop
  endfacet
  facet normal -1 0 0
    outer loop
      vertex -17 25.1716 2.82843
      vertex -17 23.0503 4.94975
      vertex -17 23.5592 5.41107
    endloop
  endfacet
  facet normal -1 0 0
    outer loop
      vertex -17 21.3014 -2.03199
      vertex -17 24.1722 -1.16114
      vertex -17 21.5328 -2.67878
    endloop
  endfacet
  facet normal -1 0 0
    outer loop
      vertex -17 24.908 2.53757
      vertex -17 22.5889 4.44075
      vertex -17 23.0503 4.94975
    endloop
  endfacet
  facet normal -1 -0 0
    outer loop
      vertex -17 24.1722 -1.16114
      vertex -17 21.3014 -2.03199
      vertex -17 24.0769 -0.780361
    endloop
  endfacet
  facet normal -1 0 0
    outer loop
      vertex -17 24.6741 2.22228
      vertex -17 22.1797 3.88899
      vertex -17 22.5889 4.44075
    endloop
  endfacet
  facet normal -1 0 0
    outer loop
      vertex -17 21.1345 -1.36563
      vertex -17 24.0769 -0.780361
      vertex -17 21.3014 -2.03199
    endloop
  endfacet
  facet normal -1 0 0
    outer loop
      vertex -17 24.4723 1.88559
      vertex -17 21.8266 3.29978
      vertex -17 22.1797 3.88899
    endloop
  endfacet
  facet normal -1 -0 0
    outer loop
      vertex -17 24.0769 -0.780361
      vertex -17 21.1345 -1.36563
      vertex -17 24.0193 -0.392068
    endloop
  endfacet
  facet normal -1 0 0
    outer loop
      vertex -17 24.3045 1.53073
      vertex -17 21.5328 2.67878
      vertex -17 21.8266 3.29978
    endloop
  endfacet
  facet normal -1 0 0
    outer loop
      vertex -17 21.0337 -0.686119
      vertex -17 24.0193 -0.392068
      vertex -17 21.1345 -1.36563
    endloop
  endfacet
  facet normal -1 0 0
    outer loop
      vertex -17 24.1722 1.16114
      vertex -17 21.3014 2.03199
      vertex -17 21.5328 2.67878
    endloop
  endfacet
  facet normal -1 -0 0
    outer loop
      vertex -17 24.0193 -0.392068
      vertex -17 21.0337 -0.686119
      vertex -17 24 0
    endloop
  endfacet
  facet normal -1 0 0
    outer loop
      vertex -17 24.0769 0.780361
      vertex -17 21.1345 1.36563
      vertex -17 21.3014 2.03199
    endloop
  endfacet
  facet normal -1 0 0
    outer loop
      vertex -17 21 0
      vertex -17 24 0
      vertex -17 21.0337 -0.686119
    endloop
  endfacet
  facet normal -1 0 0
    outer loop
      vertex -17 24.0193 0.392068
      vertex -17 21.0337 0.686119
      vertex -17 21.1345 1.36563
    endloop
  endfacet
  facet normal -1 0 0
    outer loop
      vertex -17 24 0
      vertex -17 21 0
      vertex -17 21.0337 0.686119
    endloop
  endfacet
  facet normal 0 -0.989176 -0.146736
    outer loop
      vertex -17 21.1345 -1.36563
      vertex -16.5686 21.0337 -0.686119
      vertex -17 21.0337 -0.686119
    endloop
  endfacet
  facet normal 0 -0.989176 -0.146736
    outer loop
      vertex -16.5686 21.0337 -0.686119
      vertex -17 21.1345 -1.36563
      vertex -16.394 21.1345 -1.36563
    endloop
  endfacet
  facet normal 0 0.336879 -0.941548
    outer loop
      vertex -17 30.032 -6.69858
      vertex 17 30.6788 -6.46716
      vertex 17 30.032 -6.69858
    endloop
  endfacet
  facet normal 0 0.336879 -0.941548
    outer loop
      vertex 17 30.6788 -6.46716
      vertex -17 30.032 -6.69858
      vertex -17 30.6788 -6.46716
    endloop
  endfacet
  facet normal 0 -0.595678 -0.803223
    outer loop
      vertex -17 23.5592 -5.41107
      vertex 17 24.111 -5.82029
      vertex 17 23.5592 -5.41107
    endloop
  endfacet
  facet normal -0 -0.595678 -0.803223
    outer loop
      vertex 17 24.111 -5.82029
      vertex -17 23.5592 -5.41107
      vertex -17 24.111 -5.82029
    endloop
  endfacet
  facet normal 0 -0.51411 -0.857724
    outer loop
      vertex -17 24.111 -5.82029
      vertex 17 24.7002 -6.17345
      vertex 17 24.111 -5.82029
    endloop
  endfacet
  facet normal -0 -0.51411 -0.857724
    outer loop
      vertex 17 24.7002 -6.17345
      vertex -17 24.111 -5.82029
      vertex -17 24.7002 -6.17345
    endloop
  endfacet
  facet normal 0 -0.336879 -0.941548
    outer loop
      vertex -17 25.3212 -6.46716
      vertex 17 25.968 -6.69858
      vertex 17 25.3212 -6.46716
    endloop
  endfacet
  facet normal -0 -0.336879 -0.941548
    outer loop
      vertex 17 25.968 -6.69858
      vertex -17 25.3212 -6.46716
      vertex -17 25.968 -6.69858
    endloop
  endfacet
  facet normal 0 0.857766 0.51404
    outer loop
      vertex 17 34.1734 3.29978
      vertex -17 33.8203 3.88899
      vertex 17 33.8203 3.88899
    endloop
  endfacet
  facet normal 0 0.857766 0.51404
    outer loop
      vertex -17 33.8203 3.88899
      vertex 17 34.1734 3.29978
      vertex -17 34.1734 3.29978
    endloop
  endfacet
  facet normal 0 0.427554 -0.90399
    outer loop
      vertex -17 30.6788 -6.46716
      vertex 17 31.2998 -6.17345
      vertex 17 30.6788 -6.46716
    endloop
  endfacet
  facet normal 0 0.427554 -0.90399
    outer loop
      vertex 17 31.2998 -6.17345
      vertex -17 30.6788 -6.46716
      vertex -17 31.2998 -6.17345
    endloop
  endfacet
  facet normal 0 -0.970036 0.24296
    outer loop
      vertex -16.394 21.1345 1.36563
      vertex -17 21.3014 2.03199
      vertex -17 21.1345 1.36563
    endloop
  endfacet
  facet normal 0 -0.970036 0.24296
    outer loop
      vertex -17 21.3014 2.03199
      vertex -16.394 21.1345 1.36563
      vertex -16.1049 21.3014 2.03199
    endloop
  endfacet
  facet normal 0 -0.51411 0.857724
    outer loop
      vertex -17 24.7002 6.17345
      vertex 17 24.111 5.82029
      vertex 17 24.7002 6.17345
    endloop
  endfacet
  facet normal 0 -0.51411 0.857724
    outer loop
      vertex 17 24.111 5.82029
      vertex -17 24.7002 6.17345
      vertex -17 24.111 5.82029
    endloop
  endfacet
  facet normal 0 0.51411 -0.857724
    outer loop
      vertex -17 31.2998 -6.17345
      vertex 17 31.889 -5.82029
      vertex 17 31.2998 -6.17345
    endloop
  endfacet
  facet normal 0 0.51411 -0.857724
    outer loop
      vertex 17 31.889 -5.82029
      vertex -17 31.2998 -6.17345
      vertex -17 31.889 -5.82029
    endloop
  endfacet
  facet normal 0 -0.671623 0.740893
    outer loop
      vertex -17 23.5592 5.41107
      vertex 17 23.0503 4.94975
      vertex 17 23.5592 5.41107
    endloop
  endfacet
  facet normal 0 -0.671623 0.740893
    outer loop
      vertex 17 23.0503 4.94975
      vertex -17 23.5592 5.41107
      vertex -17 23.0503 4.94975
    endloop
  endfacet
  facet normal 0 0.740901 0.671614
    outer loop
      vertex 17 33.4111 4.44075
      vertex -17 32.9497 4.94975
      vertex 17 32.9497 4.94975
    endloop
  endfacet
  facet normal 0 0.740901 0.671614
    outer loop
      vertex -17 32.9497 4.94975
      vertex 17 33.4111 4.44075
      vertex -17 33.4111 4.44075
    endloop
  endfacet
  facet normal 0 -0.857766 0.51404
    outer loop
      vertex -17 21.8266 3.29978
      vertex 17 22.1797 3.88899
      vertex -17 22.1797 3.88899
    endloop
  endfacet
  facet normal 0 -0.857766 0.51404
    outer loop
      vertex 17 22.1797 3.88899
      vertex -17 21.8266 3.29978
      vertex 17 21.8266 3.29978
    endloop
  endfacet
  facet normal -0 0.242974 0.970033
    outer loop
      vertex -17 30.032 6.69858
      vertex 17 29.3656 6.8655
      vertex 17 30.032 6.69858
    endloop
  endfacet
  facet normal 0 0.242974 0.970033
    outer loop
      vertex 17 29.3656 6.8655
      vertex -17 30.032 6.69858
      vertex -17 29.3656 6.8655
    endloop
  endfacet
  facet normal 0 -0.595678 0.803223
    outer loop
      vertex -17 24.111 5.82029
      vertex 17 23.5592 5.41107
      vertex 17 24.111 5.82029
    endloop
  endfacet
  facet normal 0 -0.595678 0.803223
    outer loop
      vertex 17 23.5592 5.41107
      vertex -17 24.111 5.82029
      vertex -17 23.5592 5.41107
    endloop
  endfacet
  facet normal 0 -0.146724 0.989177
    outer loop
      vertex -17 27.3139 6.96629
      vertex 17 26.6344 6.8655
      vertex 17 27.3139 6.96629
    endloop
  endfacet
  facet normal 0 -0.146724 0.989177
    outer loop
      vertex 17 26.6344 6.8655
      vertex -17 27.3139 6.96629
      vertex -17 26.6344 6.8655
    endloop
  endfacet
  facet normal 0 -0.740901 0.671614
    outer loop
      vertex -17 22.5889 4.44075
      vertex 17 23.0503 4.94975
      vertex -17 23.0503 4.94975
    endloop
  endfacet
  facet normal 0 -0.740901 0.671614
    outer loop
      vertex 17 23.0503 4.94975
      vertex -17 22.5889 4.44075
      vertex 17 22.5889 4.44075
    endloop
  endfacet
  facet normal -0 0.595678 0.803223
    outer loop
      vertex -17 32.4408 5.41107
      vertex 17 31.889 5.82029
      vertex 17 32.4408 5.41107
    endloop
  endfacet
  facet normal 0 0.595678 0.803223
    outer loop
      vertex 17 31.889 5.82029
      vertex -17 32.4408 5.41107
      vertex -17 31.889 5.82029
    endloop
  endfacet
  facet normal -0 0.51411 0.857724
    outer loop
      vertex -17 31.889 5.82029
      vertex 17 31.2998 6.17345
      vertex 17 31.889 5.82029
    endloop
  endfacet
  facet normal 0 0.51411 0.857724
    outer loop
      vertex 17 31.2998 6.17345
      vertex -17 31.889 5.82029
      vertex -17 31.2998 6.17345
    endloop
  endfacet
  facet normal 1 -0 0
    outer loop
      vertex 17 30.6391 -3
      vertex 17 34.1734 -3.29978
      vertex 17 34.3152 -3
    endloop
  endfacet
  facet normal 1 0 0
    outer loop
      vertex 17 34.1734 -3.29978
      vertex 17 30.6391 -3
      vertex 17 33.8203 -3.88899
    endloop
  endfacet
  facet normal 1 0 0
    outer loop
      vertex 17 33.8203 -3.88899
      vertex 17 30.6391 -3
      vertex 17 33.4111 -4.44075
    endloop
  endfacet
  facet normal 1 0 0
    outer loop
      vertex 17 33.4111 -4.44075
      vertex 17 30.6391 -3
      vertex 17 32.9497 -4.94975
    endloop
  endfacet
  facet normal 1 0 0
    outer loop
      vertex 17 32.9497 -4.94975
      vertex 17 30.6391 -3
      vertex 17 32.4408 -5.41107
    endloop
  endfacet
  facet normal 1 -0 0
    outer loop
      vertex 17 30.5376 -3.09204
      vertex 17 32.4408 -5.41107
      vertex 17 30.6391 -3
    endloop
  endfacet
  facet normal 1 0 0
    outer loop
      vertex 17 32.4408 -5.41107
      vertex 17 30.5376 -3.09204
      vertex 17 31.889 -5.82029
    endloop
  endfacet
  facet normal 1 -0 0
    outer loop
      vertex 17 30.2223 -3.32588
      vertex 17 31.889 -5.82029
      vertex 17 30.5376 -3.09204
    endloop
  endfacet
  facet normal 1 0 0
    outer loop
      vertex 17 31.889 -5.82029
      vertex 17 30.2223 -3.32588
      vertex 17 31.2998 -6.17345
    endloop
  endfacet
  facet normal 1 -0 0
    outer loop
      vertex 17 29.8856 -3.52768
      vertex 17 31.2998 -6.17345
      vertex 17 30.2223 -3.32588
    endloop
  endfacet
  facet normal 1 0 0
    outer loop
      vertex 17 31.2998 -6.17345
      vertex 17 29.8856 -3.52768
      vertex 17 30.6788 -6.46716
    endloop
  endfacet
  facet normal 1 -0 0
    outer loop
      vertex 17 29.5307 -3.69552
      vertex 17 30.6788 -6.46716
      vertex 17 29.8856 -3.52768
    endloop
  endfacet
  facet normal 1 0 0
    outer loop
      vertex 17 30.6788 -6.46716
      vertex 17 29.5307 -3.69552
      vertex 17 30.032 -6.69858
    endloop
  endfacet
  facet normal 1 -0 0
    outer loop
      vertex 17 29.1611 -3.82776
      vertex 17 30.032 -6.69858
      vertex 17 29.5307 -3.69552
    endloop
  endfacet
  facet normal 1 0 0
    outer loop
      vertex 17 30.032 -6.69858
      vertex 17 29.1611 -3.82776
      vertex 17 29.3656 -6.8655
    endloop
  endfacet
  facet normal 1 -0 0
    outer loop
      vertex 17 28.7804 -3.92314
      vertex 17 29.3656 -6.8655
      vertex 17 29.1611 -3.82776
    endloop
  endfacet
  facet normal 1 0 0
    outer loop
      vertex 17 28.7804 -3.92314
      vertex 17 28.6861 -6.96629
      vertex 17 29.3656 -6.8655
    endloop
  endfacet
  facet normal 1 -0 0
    outer loop
      vertex 17 28.3921 -3.98074
      vertex 17 28.6861 -6.96629
      vertex 17 28.7804 -3.92314
    endloop
  endfacet
  facet normal 1 -0 0
    outer loop
      vertex 17 28 -4
      vertex 17 28.6861 -6.96629
      vertex 17 28.3921 -3.98074
    endloop
  endfacet
  facet normal 1 0 0
    outer loop
      vertex 17 28 -4
      vertex 17 28 -7
      vertex 17 28.6861 -6.96629
    endloop
  endfacet
  facet normal 1 0 0
    outer loop
      vertex 17 27.6079 -3.98074
      vertex 17 28 -7
      vertex 17 28 -4
    endloop
  endfacet
  facet normal 1 0 0
    outer loop
      vertex 17 27.6079 -3.98074
      vertex 17 27.3139 -6.96629
      vertex 17 28 -7
    endloop
  endfacet
  facet normal 1 0 0
    outer loop
      vertex 17 27.2196 -3.92314
      vertex 17 27.3139 -6.96629
      vertex 17 27.6079 -3.98074
    endloop
  endfacet
  facet normal 1 0 0
    outer loop
      vertex 17 26.6344 -6.8655
      vertex 17 27.2196 -3.92314
      vertex 17 26.8389 -3.82776
    endloop
  endfacet
  facet normal 1 0 0
    outer loop
      vertex 17 27.2196 -3.92314
      vertex 17 26.6344 -6.8655
      vertex 17 27.3139 -6.96629
    endloop
  endfacet
  facet normal 1 0 0
    outer loop
      vertex 17 25.968 -6.69858
      vertex 17 26.8389 -3.82776
      vertex 17 26.4693 -3.69552
    endloop
  endfacet
  facet normal 1 0 0
    outer loop
      vertex 17 25.3212 -6.46716
      vertex 17 26.4693 -3.69552
      vertex 17 26.1144 -3.52768
    endloop
  endfacet
  facet normal 1 0 0
    outer loop
      vertex 17 26.8389 -3.82776
      vertex 17 25.968 -6.69858
      vertex 17 26.6344 -6.8655
    endloop
  endfacet
  facet normal 1 0 0
    outer loop
      vertex 17 24.7002 -6.17345
      vertex 17 26.1144 -3.52768
      vertex 17 25.7777 -3.32588
    endloop
  endfacet
  facet normal 1 0 0
    outer loop
      vertex 17 24.111 -5.82029
      vertex 17 25.7777 -3.32588
      vertex 17 25.4624 -3.09204
    endloop
  endfacet
  facet normal 1 0 0
    outer loop
      vertex 17 23.5592 -5.41107
      vertex 17 25.4624 -3.09204
      vertex 17 25.3609 -3
    endloop
  endfacet
  facet normal 1 0 0
    outer loop
      vertex 17 26.4693 -3.69552
      vertex 17 25.3212 -6.46716
      vertex 17 25.968 -6.69858
    endloop
  endfacet
  facet normal 1 0 0
    outer loop
      vertex 17 26.1144 -3.52768
      vertex 17 24.7002 -6.17345
      vertex 17 25.3212 -6.46716
    endloop
  endfacet
  facet normal 1 0 0
    outer loop
      vertex 17 25.7777 -3.32588
      vertex 17 24.111 -5.82029
      vertex 17 24.7002 -6.17345
    endloop
  endfacet
  facet normal 1 0 0
    outer loop
      vertex 17 25.4624 -3.09204
      vertex 17 23.5592 -5.41107
      vertex 17 24.111 -5.82029
    endloop
  endfacet
  facet normal 1 0 0
    outer loop
      vertex 17 25.3609 -3
      vertex 17 23.0503 -4.94975
      vertex 17 23.5592 -5.41107
    endloop
  endfacet
  facet normal 1 0 0
    outer loop
      vertex 17 25.3609 -3
      vertex 17 22.5889 -4.44075
      vertex 17 23.0503 -4.94975
    endloop
  endfacet
  facet normal 1 0 0
    outer loop
      vertex 17 25.3609 -3
      vertex 17 22.1797 -3.88899
      vertex 17 22.5889 -4.44075
    endloop
  endfacet
  facet normal 1 0 0
    outer loop
      vertex 17 25.3609 -3
      vertex 17 21.8266 -3.29978
      vertex 17 22.1797 -3.88899
    endloop
  endfacet
  facet normal 1 0 -0
    outer loop
      vertex 17 21.8266 -3.29978
      vertex 17 25.3609 -3
      vertex 17 21.6848 -3
    endloop
  endfacet
  facet normal 1 0 0
    outer loop
      vertex 17 30.6391 3
      vertex 17 34.1734 3.29978
      vertex 17 33.8203 3.88899
    endloop
  endfacet
  facet normal 1 0 0
    outer loop
      vertex 17 30.6391 3
      vertex 17 33.8203 3.88899
      vertex 17 33.4111 4.44075
    endloop
  endfacet
  facet normal 1 0 0
    outer loop
      vertex 17 30.6391 3
      vertex 17 33.4111 4.44075
      vertex 17 32.9497 4.94975
    endloop
  endfacet
  facet normal 1 0 0
    outer loop
      vertex 17 30.6391 3
      vertex 17 32.9497 4.94975
      vertex 17 32.4408 5.41107
    endloop
  endfacet
  facet normal 1 0 0
    outer loop
      vertex 17 30.5376 3.09204
      vertex 17 32.4408 5.41107
      vertex 17 31.889 5.82029
    endloop
  endfacet
  facet normal 1 0 0
    outer loop
      vertex 17 30.2223 3.32588
      vertex 17 31.889 5.82029
      vertex 17 31.2998 6.17345
    endloop
  endfacet
  facet normal 1 0 0
    outer loop
      vertex 17 29.8856 3.52768
      vertex 17 31.2998 6.17345
      vertex 17 30.6788 6.46716
    endloop
  endfacet
  facet normal 1 0 0
    outer loop
      vertex 17 34.1734 3.29978
      vertex 17 30.6391 3
      vertex 17 34.3152 3
    endloop
  endfacet
  facet normal 1 0 0
    outer loop
      vertex 17 32.4408 5.41107
      vertex 17 30.5376 3.09204
      vertex 17 30.6391 3
    endloop
  endfacet
  facet normal 1 0 0
    outer loop
      vertex 17 31.889 5.82029
      vertex 17 30.2223 3.32588
      vertex 17 30.5376 3.09204
    endloop
  endfacet
  facet normal 1 0 0
    outer loop
      vertex 17 29.5307 3.69552
      vertex 17 30.6788 6.46716
      vertex 17 30.032 6.69858
    endloop
  endfacet
  facet normal 1 0 0
    outer loop
      vertex 17 31.2998 6.17345
      vertex 17 29.8856 3.52768
      vertex 17 30.2223 3.32588
    endloop
  endfacet
  facet normal 1 0 0
    outer loop
      vertex 17 30.6788 6.46716
      vertex 17 29.5307 3.69552
      vertex 17 29.8856 3.52768
    endloop
  endfacet
  facet normal 1 0 0
    outer loop
      vertex 17 29.1611 3.82776
      vertex 17 30.032 6.69858
      vertex 17 29.3656 6.8655
    endloop
  endfacet
  facet normal 1 0 0
    outer loop
      vertex 17 30.032 6.69858
      vertex 17 29.1611 3.82776
      vertex 17 29.5307 3.69552
    endloop
  endfacet
  facet normal 1 0 0
    outer loop
      vertex 17 29.3656 6.8655
      vertex 17 28.7804 3.92314
      vertex 17 29.1611 3.82776
    endloop
  endfacet
  facet normal 1 0 0
    outer loop
      vertex 17 28.6861 6.96629
      vertex 17 28.7804 3.92314
      vertex 17 29.3656 6.8655
    endloop
  endfacet
  facet normal 1 0 0
    outer loop
      vertex 17 28.6861 6.96629
      vertex 17 28.3921 3.98074
      vertex 17 28.7804 3.92314
    endloop
  endfacet
  facet normal 1 0 0
    outer loop
      vertex 17 28 7
      vertex 17 28.3921 3.98074
      vertex 17 28.6861 6.96629
    endloop
  endfacet
  facet normal 1 0 0
    outer loop
      vertex 17 28 7
      vertex 17 28 4
      vertex 17 28.3921 3.98074
    endloop
  endfacet
  facet normal 1 0 0
    outer loop
      vertex 17 28 7
      vertex 17 27.6079 3.98074
      vertex 17 28 4
    endloop
  endfacet
  facet normal 1 -0 0
    outer loop
      vertex 17 27.3139 6.96629
      vertex 17 27.6079 3.98074
      vertex 17 28 7
    endloop
  endfacet
  facet normal 1 0 0
    outer loop
      vertex 17 27.3139 6.96629
      vertex 17 27.2196 3.92314
      vertex 17 27.6079 3.98074
    endloop
  endfacet
  facet normal 1 -0 0
    outer loop
      vertex 17 26.6344 6.8655
      vertex 17 27.2196 3.92314
      vertex 17 27.3139 6.96629
    endloop
  endfacet
  facet normal 1 0 0
    outer loop
      vertex 17 27.2196 3.92314
      vertex 17 26.6344 6.8655
      vertex 17 26.8389 3.82776
    endloop
  endfacet
  facet normal 1 -0 0
    outer loop
      vertex 17 25.968 6.69858
      vertex 17 26.8389 3.82776
      vertex 17 26.6344 6.8655
    endloop
  endfacet
  facet normal 1 0 0
    outer loop
      vertex 17 26.8389 3.82776
      vertex 17 25.968 6.69858
      vertex 17 26.4693 3.69552
    endloop
  endfacet
  facet normal 1 -0 0
    outer loop
      vertex 17 25.3212 6.46716
      vertex 17 26.4693 3.69552
      vertex 17 25.968 6.69858
    endloop
  endfacet
  facet normal 1 0 0
    outer loop
      vertex 17 26.4693 3.69552
      vertex 17 25.3212 6.46716
      vertex 17 26.1144 3.52768
    endloop
  endfacet
  facet normal 1 -0 0
    outer loop
      vertex 17 24.7002 6.17345
      vertex 17 26.1144 3.52768
      vertex 17 25.3212 6.46716
    endloop
  endfacet
  facet normal 1 0 0
    outer loop
      vertex 17 26.1144 3.52768
      vertex 17 24.7002 6.17345
      vertex 17 25.7777 3.32588
    endloop
  endfacet
  facet normal 1 -0 0
    outer loop
      vertex 17 24.111 5.82029
      vertex 17 25.7777 3.32588
      vertex 17 24.7002 6.17345
    endloop
  endfacet
  facet normal 1 0 0
    outer loop
      vertex 17 25.7777 3.32588
      vertex 17 24.111 5.82029
      vertex 17 25.4624 3.09204
    endloop
  endfacet
  facet normal 1 -0 0
    outer loop
      vertex 17 23.5592 5.41107
      vertex 17 25.4624 3.09204
      vertex 17 24.111 5.82029
    endloop
  endfacet
  facet normal 1 0 0
    outer loop
      vertex 17 25.4624 3.09204
      vertex 17 23.5592 5.41107
      vertex 17 25.3609 3
    endloop
  endfacet
  facet normal 1 -0 0
    outer loop
      vertex 17 23.0503 4.94975
      vertex 17 25.3609 3
      vertex 17 23.5592 5.41107
    endloop
  endfacet
  facet normal 1 -0 0
    outer loop
      vertex 17 22.5889 4.44075
      vertex 17 25.3609 3
      vertex 17 23.0503 4.94975
    endloop
  endfacet
  facet normal 1 -0 0
    outer loop
      vertex 17 22.1797 3.88899
      vertex 17 25.3609 3
      vertex 17 22.5889 4.44075
    endloop
  endfacet
  facet normal 1 -0 0
    outer loop
      vertex 17 21.8266 3.29978
      vertex 17 25.3609 3
      vertex 17 22.1797 3.88899
    endloop
  endfacet
  facet normal 1 0 0
    outer loop
      vertex 17 25.3609 3
      vertex 17 21.8266 3.29978
      vertex 17 21.6848 3
    endloop
  endfacet
  facet normal 0 -0.998796 0.0490577
    outer loop
      vertex -16.6269 21 0
      vertex -17 21.0337 0.686119
      vertex -17 21 0
    endloop
  endfacet
  facet normal 0 -0.998796 0.0490577
    outer loop
      vertex -17 21.0337 0.686119
      vertex -16.6269 21 0
      vertex -16.5686 21.0337 0.686119
    endloop
  endfacet
  facet normal -0 0.0490736 0.998795
    outer loop
      vertex -17 28.6861 6.96629
      vertex 17 28 7
      vertex 17 28.6861 6.96629
    endloop
  endfacet
  facet normal 0 0.0490736 0.998795
    outer loop
      vertex 17 28 7
      vertex -17 28.6861 6.96629
      vertex -17 28 7
    endloop
  endfacet
  facet normal 0 -0.941556 0.336857
    outer loop
      vertex -16.1049 21.3014 2.03199
      vertex -17 21.5328 2.67878
      vertex -17 21.3014 2.03199
    endloop
  endfacet
  facet normal 0 -0.941556 0.336857
    outer loop
      vertex -17 21.5328 2.67878
      vertex -16.1049 21.3014 2.03199
      vertex -15.704 21.5328 2.67878
    endloop
  endfacet
  facet normal 0 -0.671623 -0.740893
    outer loop
      vertex -17 23.0503 -4.94975
      vertex 17 23.5592 -5.41107
      vertex 17 23.0503 -4.94975
    endloop
  endfacet
  facet normal -0 -0.671623 -0.740893
    outer loop
      vertex 17 23.5592 -5.41107
      vertex -17 23.0503 -4.94975
      vertex -17 23.5592 -5.41107
    endloop
  endfacet
  facet normal 0 -0.740901 -0.671614
    outer loop
      vertex -17 23.0503 -4.94975
      vertex 17 22.5889 -4.44075
      vertex -17 22.5889 -4.44075
    endloop
  endfacet
  facet normal 0 -0.740901 -0.671614
    outer loop
      vertex 17 22.5889 -4.44075
      vertex -17 23.0503 -4.94975
      vertex 17 23.0503 -4.94975
    endloop
  endfacet
  facet normal -0 0.740977 0.671531
    outer loop
      vertex -17 25.1716 -2.82843
      vertex -9.85815 24.908 -2.53757
      vertex -9.40156 25.1716 -2.82843
    endloop
  endfacet
  facet normal 0 0.740977 0.671531
    outer loop
      vertex -9.85815 24.908 -2.53757
      vertex -17 25.1716 -2.82843
      vertex -17 24.908 -2.53757
    endloop
  endfacet
  facet normal 0 0.904025 -0.42748
    outer loop
      vertex -10.9034 24.3045 1.53073
      vertex -17 24.4723 1.88559
      vertex -10.6127 24.4723 1.88559
    endloop
  endfacet
  facet normal 0 0.904025 -0.42748
    outer loop
      vertex -17 24.4723 1.88559
      vertex -10.9034 24.3045 1.53073
      vertex -17 24.3045 1.53073
    endloop
  endfacet
  facet normal 0 -0.146733 0.989176
    outer loop
      vertex -17 28.7804 -3.92314
      vertex 17 28.3921 -3.98074
      vertex 17 28.7804 -3.92314
    endloop
  endfacet
  facet normal 0 -0.146733 0.989176
    outer loop
      vertex 17 28.3921 -3.98074
      vertex -17 28.7804 -3.92314
      vertex -17 28.3921 -3.98074
    endloop
  endfacet
  facet normal 0 -0.049061 0.998796
    outer loop
      vertex -17 28.3921 -3.98074
      vertex 17 28 -4
      vertex 17 28.3921 -3.98074
    endloop
  endfacet
  facet normal 0 -0.049061 0.998796
    outer loop
      vertex 17 28 -4
      vertex -17 28.3921 -3.98074
      vertex -17 28 -4
    endloop
  endfacet
  facet normal 0 -0.243027 0.970019
    outer loop
      vertex -17 29.1611 -3.82776
      vertex 17 28.7804 -3.92314
      vertex 17 29.1611 -3.82776
    endloop
  endfacet
  facet normal 0 -0.243027 0.970019
    outer loop
      vertex 17 28.7804 -3.92314
      vertex -17 29.1611 -3.82776
      vertex -17 28.7804 -3.92314
    endloop
  endfacet
  facet normal -0 0.904025 0.42748
    outer loop
      vertex -17 24.4723 -1.88559
      vertex -10.9034 24.3045 -1.53073
      vertex -10.6127 24.4723 -1.88559
    endloop
  endfacet
  facet normal 0 0.904025 0.42748
    outer loop
      vertex -10.9034 24.3045 -1.53073
      vertex -17 24.4723 -1.88559
      vertex -17 24.3045 -1.53073
    endloop
  endfacet
  facet normal 0 -0.740977 -0.671531
    outer loop
      vertex -17 31.092 2.53757
      vertex 0.396401 30.8284 2.82843
      vertex -17 30.8284 2.82843
    endloop
  endfacet
  facet normal 0 -0.740977 -0.671531
    outer loop
      vertex 0.396401 30.8284 2.82843
      vertex -17 31.092 2.53757
      vertex 0.852995 31.092 2.53757
    endloop
  endfacet
  facet normal 0 0.243027 -0.970019
    outer loop
      vertex -17 26.8389 3.82776
      vertex 17 27.2196 3.92314
      vertex 17 26.8389 3.82776
    endloop
  endfacet
  facet normal 0 0.243027 -0.970019
    outer loop
      vertex 17 27.2196 3.92314
      vertex -17 26.8389 3.82776
      vertex -17 27.2196 3.92314
    endloop
  endfacet
  facet normal 0 -0.904025 0.42748
    outer loop
      vertex 1.60755 31.5277 -1.88559
      vertex -16.1018 31.6955 -1.53073
      vertex -16.3924 31.5277 -1.88559
    endloop
  endfacet
  facet normal 0 -0.904025 0.42748
    outer loop
      vertex -16.1018 31.6955 -1.53073
      vertex 1.60755 31.5277 -1.88559
      vertex 1.89825 31.6955 -1.53073
    endloop
  endfacet
  facet normal 0 -0.146733 -0.989176
    outer loop
      vertex -17 28.3921 3.98074
      vertex 17 28.7804 3.92314
      vertex 17 28.3921 3.98074
    endloop
  endfacet
  facet normal -0 -0.146733 -0.989176
    outer loop
      vertex 17 28.7804 3.92314
      vertex -17 28.3921 3.98074
      vertex -17 28.7804 3.92314
    endloop
  endfacet
  facet normal 0 0.989176 -0.146736
    outer loop
      vertex -11.3974 24.0193 0.392068
      vertex -17 24.0769 0.780361
      vertex -11.2977 24.0769 0.780361
    endloop
  endfacet
  facet normal 0 0.989176 -0.146736
    outer loop
      vertex -17 24.0769 0.780361
      vertex -11.3974 24.0193 0.392068
      vertex -17 24.0193 0.392068
    endloop
  endfacet
  facet normal 0 -0.970079 0.242788
    outer loop
      vertex 2.1273 31.8278 -1.16114
      vertex -15.7075 31.9231 -0.780361
      vertex -15.8727 31.8278 -1.16114
    endloop
  endfacet
  facet normal 0 -0.970079 0.242788
    outer loop
      vertex -15.7075 31.9231 -0.780361
      vertex 2.1273 31.8278 -1.16114
      vertex 2.2925 31.9231 -0.780361
    endloop
  endfacet
  facet normal 0 -0.671742 -0.740785
    outer loop
      vertex 17 30.5376 3.09204
      vertex 0.06852 30.6391 3
      vertex 17 30.6391 3
    endloop
  endfacet
  facet normal 0 -0.671742 -0.740785
    outer loop
      vertex 0.06852 30.6391 3
      vertex 17 30.5376 3.09204
      vertex -17 30.5376 3.09204
    endloop
  endfacet
  facet normal -1.3161e-06 -0.671621 -0.740895
    outer loop
      vertex -17 30.8284 2.82843
      vertex 0.06852 30.6391 3
      vertex -17 30.5376 3.09204
    endloop
  endfacet
  facet normal 0 -0.671556 -0.740954
    outer loop
      vertex 0.06852 30.6391 3
      vertex -17 30.8284 2.82843
      vertex 0.396401 30.8284 2.82843
    endloop
  endfacet
  facet normal -0 0.857733 0.514095
    outer loop
      vertex -17 24.6741 -2.22228
      vertex -10.6127 24.4723 -1.88559
      vertex -10.2632 24.6741 -2.22228
    endloop
  endfacet
  facet normal 0 0.857733 0.514095
    outer loop
      vertex -10.6127 24.4723 -1.88559
      vertex -17 24.6741 -2.22228
      vertex -17 24.4723 -1.88559
    endloop
  endfacet
  facet normal 0 0.970079 -0.242788
    outer loop
      vertex -11.2977 24.0769 0.780361
      vertex -17 24.1722 1.16114
      vertex -11.1325 24.1722 1.16114
    endloop
  endfacet
  facet normal 0 0.970079 -0.242788
    outer loop
      vertex -17 24.1722 1.16114
      vertex -11.2977 24.0769 0.780361
      vertex -17 24.0769 0.780361
    endloop
  endfacet
  facet normal 0 0.941497 -0.337022
    outer loop
      vertex -11.1325 24.1722 1.16114
      vertex -17 24.3045 1.53073
      vertex -10.9034 24.3045 1.53073
    endloop
  endfacet
  facet normal 0 0.941497 -0.337022
    outer loop
      vertex -17 24.3045 1.53073
      vertex -11.1325 24.1722 1.16114
      vertex -17 24.1722 1.16114
    endloop
  endfacet
  facet normal 0 -0.941497 -0.337022
    outer loop
      vertex -15.8727 31.8278 1.16114
      vertex 1.89825 31.6955 1.53073
      vertex -16.1018 31.6955 1.53073
    endloop
  endfacet
  facet normal 0 -0.941497 -0.337022
    outer loop
      vertex 1.89825 31.6955 1.53073
      vertex -15.8727 31.8278 1.16114
      vertex 2.1273 31.8278 1.16114
    endloop
  endfacet
  facet normal -0 0.998791 0.0491666
    outer loop
      vertex -17 24.0193 -0.392068
      vertex -11.4308 24 0
      vertex -11.3974 24.0193 -0.392068
    endloop
  endfacet
  facet normal 0 0.998791 0.0491666
    outer loop
      vertex -11.4308 24 0
      vertex -17 24.0193 -0.392068
      vertex -17 24 0
    endloop
  endfacet
  facet normal -0 0.989176 0.146736
    outer loop
      vertex -17 24.0769 -0.780361
      vertex -11.3974 24.0193 -0.392068
      vertex -11.2977 24.0769 -0.780361
    endloop
  endfacet
  facet normal 0 0.989176 0.146736
    outer loop
      vertex -11.3974 24.0193 -0.392068
      vertex -17 24.0769 -0.780361
      vertex -17 24.0193 -0.392068
    endloop
  endfacet
  facet normal 0 -0.998791 -0.0491666
    outer loop
      vertex -15.5744 32 0
      vertex 2.39226 31.9807 0.392068
      vertex -15.6077 31.9807 0.392068
    endloop
  endfacet
  facet normal 0 -0.998791 -0.0491666
    outer loop
      vertex 2.39226 31.9807 0.392068
      vertex -15.5744 32 0
      vertex 2.42563 32 0
    endloop
  endfacet
  facet normal 0 0.803128 -0.595806
    outer loop
      vertex -10.2632 24.6741 2.22228
      vertex -17 24.908 2.53757
      vertex -9.85815 24.908 2.53757
    endloop
  endfacet
  facet normal 0 0.803128 -0.595806
    outer loop
      vertex -17 24.908 2.53757
      vertex -10.2632 24.6741 2.22228
      vertex -17 24.6741 2.22228
    endloop
  endfacet
  facet normal 0 0.427523 -0.904004
    outer loop
      vertex -17 26.1144 3.52768
      vertex 17 26.4693 3.69552
      vertex 17 26.1144 3.52768
    endloop
  endfacet
  facet normal 0 0.427523 -0.904004
    outer loop
      vertex 17 26.4693 3.69552
      vertex -17 26.1144 3.52768
      vertex -17 26.4693 3.69552
    endloop
  endfacet
  facet normal 0 -0.989176 -0.146736
    outer loop
      vertex -15.6077 31.9807 0.392068
      vertex 2.2925 31.9231 0.780361
      vertex -15.7075 31.9231 0.780361
    endloop
  endfacet
  facet normal 0 -0.989176 -0.146736
    outer loop
      vertex 2.2925 31.9231 0.780361
      vertex -15.6077 31.9807 0.392068
      vertex 2.39226 31.9807 0.392068
    endloop
  endfacet
  facet normal 0 -0.998791 0.0491666
    outer loop
      vertex 2.39226 31.9807 -0.392068
      vertex -15.5744 32 0
      vertex -15.6077 31.9807 -0.392068
    endloop
  endfacet
  facet normal 0 -0.998791 0.0491666
    outer loop
      vertex -15.5744 32 0
      vertex 2.39226 31.9807 -0.392068
      vertex 2.42563 32 0
    endloop
  endfacet
  facet normal 0 -0.857733 0.514095
    outer loop
      vertex 1.25801 31.3259 -2.22228
      vertex -16.3924 31.5277 -1.88559
      vertex -16.742 31.3259 -2.22228
    endloop
  endfacet
  facet normal 0 -0.857733 0.514095
    outer loop
      vertex -16.3924 31.5277 -1.88559
      vertex 1.25801 31.3259 -2.22228
      vertex 1.60755 31.5277 -1.88559
    endloop
  endfacet
  facet normal 0 0.049061 -0.998796
    outer loop
      vertex -17 27.6079 3.98074
      vertex 17 28 4
      vertex 17 27.6079 3.98074
    endloop
  endfacet
  facet normal 0 0.049061 -0.998796
    outer loop
      vertex 17 28 4
      vertex -17 27.6079 3.98074
      vertex -17 28 4
    endloop
  endfacet
  facet normal -0 0.243027 0.970019
    outer loop
      vertex -17 27.2196 -3.92314
      vertex 17 26.8389 -3.82776
      vertex 17 27.2196 -3.92314
    endloop
  endfacet
  facet normal 0 0.243027 0.970019
    outer loop
      vertex 17 26.8389 -3.82776
      vertex -17 27.2196 -3.92314
      vertex -17 26.8389 -3.82776
    endloop
  endfacet
  facet normal 0 -0.671556 0.740954
    outer loop
      vertex 0.396401 30.8284 -2.82843
      vertex -17 30.8284 -2.82843
      vertex 0.06852 30.6391 -3
    endloop
  endfacet
  facet normal 0 -0.671742 0.740785
    outer loop
      vertex 0.06852 30.6391 -3
      vertex 17 30.5376 -3.09204
      vertex 17 30.6391 -3
    endloop
  endfacet
  facet normal 0 -0.671742 0.740785
    outer loop
      vertex 0.06852 30.6391 -3
      vertex -17 30.5376 -3.09204
      vertex 17 30.5376 -3.09204
    endloop
  endfacet
  facet normal -1.3161e-06 -0.671621 0.740895
    outer loop
      vertex -17 30.5376 -3.09204
      vertex 0.06852 30.6391 -3
      vertex -17 30.8284 -2.82843
    endloop
  endfacet
  facet normal -1.64566e-05 -0.803122 0.595815
    outer loop
      vertex -17 31.092 -2.53757
      vertex -16.742 31.3259 -2.22228
      vertex -17 31.1769 -2.42313
    endloop
  endfacet
  facet normal 0 -0.803128 0.595806
    outer loop
      vertex -16.742 31.3259 -2.22228
      vertex -17 31.092 -2.53757
      vertex 0.852995 31.092 -2.53757
    endloop
  endfacet
  facet normal 0 -0.803128 0.595806
    outer loop
      vertex -16.742 31.3259 -2.22228
      vertex 0.852995 31.092 -2.53757
      vertex 1.25801 31.3259 -2.22228
    endloop
  endfacet
  facet normal -1.64566e-05 -0.803122 -0.595815
    outer loop
      vertex -16.742 31.3259 2.22228
      vertex -17 31.092 2.53757
      vertex -17 31.1769 2.42313
    endloop
  endfacet
  facet normal 0 -0.803128 -0.595806
    outer loop
      vertex -17 31.092 2.53757
      vertex -16.742 31.3259 2.22228
      vertex 0.852995 31.092 2.53757
    endloop
  endfacet
  facet normal 0 -0.803128 -0.595806
    outer loop
      vertex 0.852995 31.092 2.53757
      vertex -16.742 31.3259 2.22228
      vertex 1.25801 31.3259 2.22228
    endloop
  endfacet
  facet normal 0 -0.595695 0.80321
    outer loop
      vertex -17 30.5376 -3.09204
      vertex 17 30.2223 -3.32588
      vertex 17 30.5376 -3.09204
    endloop
  endfacet
  facet normal 0 -0.595695 0.80321
    outer loop
      vertex 17 30.2223 -3.32588
      vertex -17 30.5376 -3.09204
      vertex -17 30.2223 -3.32588
    endloop
  endfacet
  facet normal -0 0.146733 0.989176
    outer loop
      vertex -17 27.6079 -3.98074
      vertex 17 27.2196 -3.92314
      vertex 17 27.6079 -3.98074
    endloop
  endfacet
  facet normal 0 0.146733 0.989176
    outer loop
      vertex 17 27.2196 -3.92314
      vertex -17 27.6079 -3.98074
      vertex -17 27.2196 -3.92314
    endloop
  endfacet
  facet normal 0 -0.336879 -0.941548
    outer loop
      vertex -17 29.1611 3.82776
      vertex 17 29.5307 3.69552
      vertex 17 29.1611 3.82776
    endloop
  endfacet
  facet normal -0 -0.336879 -0.941548
    outer loop
      vertex 17 29.5307 3.69552
      vertex -17 29.1611 3.82776
      vertex -17 29.5307 3.69552
    endloop
  endfacet
  facet normal -0 0.427523 0.904004
    outer loop
      vertex -17 26.4693 -3.69552
      vertex 17 26.1144 -3.52768
      vertex 17 26.4693 -3.69552
    endloop
  endfacet
  facet normal 0 0.427523 0.904004
    outer loop
      vertex 17 26.1144 -3.52768
      vertex -17 26.4693 -3.69552
      vertex -17 26.1144 -3.52768
    endloop
  endfacet
  facet normal 0 -0.941497 0.337022
    outer loop
      vertex 1.89825 31.6955 -1.53073
      vertex -15.8727 31.8278 -1.16114
      vertex -16.1018 31.6955 -1.53073
    endloop
  endfacet
  facet normal 0 -0.941497 0.337022
    outer loop
      vertex -15.8727 31.8278 -1.16114
      vertex 1.89825 31.6955 -1.53073
      vertex 2.1273 31.8278 -1.16114
    endloop
  endfacet
  facet normal -0 0.049061 0.998796
    outer loop
      vertex -17 28 -4
      vertex 17 27.6079 -3.98074
      vertex 17 28 -4
    endloop
  endfacet
  facet normal 0 0.049061 0.998796
    outer loop
      vertex 17 27.6079 -3.98074
      vertex -17 28 -4
      vertex -17 27.6079 -3.98074
    endloop
  endfacet
  facet normal -0 0.941497 0.337022
    outer loop
      vertex -17 24.3045 -1.53073
      vertex -11.1325 24.1722 -1.16114
      vertex -10.9034 24.3045 -1.53073
    endloop
  endfacet
  facet normal 0 0.941497 0.337022
    outer loop
      vertex -11.1325 24.1722 -1.16114
      vertex -17 24.3045 -1.53073
      vertex -17 24.1722 -1.16114
    endloop
  endfacet
  facet normal 0 -0.336879 0.941548
    outer loop
      vertex -17 29.5307 -3.69552
      vertex 17 29.1611 -3.82776
      vertex 17 29.5307 -3.69552
    endloop
  endfacet
  facet normal 0 -0.336879 0.941548
    outer loop
      vertex 17 29.1611 -3.82776
      vertex -17 29.5307 -3.69552
      vertex -17 29.1611 -3.82776
    endloop
  endfacet
  facet normal -0 0.595695 0.80321
    outer loop
      vertex -17 25.7777 -3.32588
      vertex 17 25.4624 -3.09204
      vertex 17 25.7777 -3.32588
    endloop
  endfacet
  facet normal 0 0.595695 0.80321
    outer loop
      vertex 17 25.4624 -3.09204
      vertex -17 25.7777 -3.32588
      vertex -17 25.4624 -3.09204
    endloop
  endfacet
  facet normal -0 0.514084 0.85774
    outer loop
      vertex -17 26.1144 -3.52768
      vertex 17 25.7777 -3.32588
      vertex 17 26.1144 -3.52768
    endloop
  endfacet
  facet normal 0 0.514084 0.85774
    outer loop
      vertex 17 25.7777 -3.32588
      vertex -17 26.1144 -3.52768
      vertex -17 25.7777 -3.32588
    endloop
  endfacet
  facet normal -0 0.336879 0.941548
    outer loop
      vertex -17 26.8389 -3.82776
      vertex 17 26.4693 -3.69552
      vertex 17 26.8389 -3.82776
    endloop
  endfacet
  facet normal 0 0.336879 0.941548
    outer loop
      vertex 17 26.4693 -3.69552
      vertex -17 26.8389 -3.82776
      vertex -17 26.4693 -3.69552
    endloop
  endfacet
  facet normal 0 -0.427523 -0.904004
    outer loop
      vertex -17 29.5307 3.69552
      vertex 17 29.8856 3.52768
      vertex 17 29.5307 3.69552
    endloop
  endfacet
  facet normal -0 -0.427523 -0.904004
    outer loop
      vertex 17 29.8856 3.52768
      vertex -17 29.5307 3.69552
      vertex -17 29.8856 3.52768
    endloop
  endfacet
  facet normal 0 -0.970079 -0.242788
    outer loop
      vertex -15.7075 31.9231 0.780361
      vertex 2.1273 31.8278 1.16114
      vertex -15.8727 31.8278 1.16114
    endloop
  endfacet
  facet normal 0 -0.970079 -0.242788
    outer loop
      vertex 2.1273 31.8278 1.16114
      vertex -15.7075 31.9231 0.780361
      vertex 2.2925 31.9231 0.780361
    endloop
  endfacet
  facet normal 0 -0.427523 0.904004
    outer loop
      vertex -17 29.8856 -3.52768
      vertex 17 29.5307 -3.69552
      vertex 17 29.8856 -3.52768
    endloop
  endfacet
  facet normal 0 -0.427523 0.904004
    outer loop
      vertex 17 29.5307 -3.69552
      vertex -17 29.8856 -3.52768
      vertex -17 29.5307 -3.69552
    endloop
  endfacet
  facet normal 0 -0.989176 0.146736
    outer loop
      vertex 2.2925 31.9231 -0.780361
      vertex -15.6077 31.9807 -0.392068
      vertex -15.7075 31.9231 -0.780361
    endloop
  endfacet
  facet normal 0 -0.989176 0.146736
    outer loop
      vertex -15.6077 31.9807 -0.392068
      vertex 2.2925 31.9231 -0.780361
      vertex 2.39226 31.9807 -0.392068
    endloop
  endfacet
  facet normal 0 0.514084 -0.85774
    outer loop
      vertex -17 25.7777 3.32588
      vertex 17 26.1144 3.52768
      vertex 17 25.7777 3.32588
    endloop
  endfacet
  facet normal 0 0.514084 -0.85774
    outer loop
      vertex 17 26.1144 3.52768
      vertex -17 25.7777 3.32588
      vertex -17 26.1144 3.52768
    endloop
  endfacet
  facet normal 0 -0.514084 0.85774
    outer loop
      vertex -17 30.2223 -3.32588
      vertex 17 29.8856 -3.52768
      vertex 17 30.2223 -3.32588
    endloop
  endfacet
  facet normal 0 -0.514084 0.85774
    outer loop
      vertex 17 29.8856 -3.52768
      vertex -17 30.2223 -3.32588
      vertex -17 29.8856 -3.52768
    endloop
  endfacet
  facet normal 0 0.671742 -0.740785
    outer loop
      vertex -9.07368 25.3609 3
      vertex 17 25.4624 3.09204
      vertex 17 25.3609 3
    endloop
  endfacet
  facet normal 0 0.671621 -0.740895
    outer loop
      vertex -17 25.4624 3.09204
      vertex -9.40156 25.1716 2.82843
      vertex -17 25.1716 2.82843
    endloop
  endfacet
  facet normal 0 0.671742 -0.740785
    outer loop
      vertex -9.07368 25.3609 3
      vertex -17 25.4624 3.09204
      vertex 17 25.4624 3.09204
    endloop
  endfacet
  facet normal -4.25952e-06 0.67156 -0.74095
    outer loop
      vertex -9.40156 25.1716 2.82843
      vertex -17 25.4624 3.09204
      vertex -9.07368 25.3609 3
    endloop
  endfacet
  facet normal -0 0.970079 0.242788
    outer loop
      vertex -17 24.1722 -1.16114
      vertex -11.2977 24.0769 -0.780361
      vertex -11.1325 24.1722 -1.16114
    endloop
  endfacet
  facet normal 0 0.970079 0.242788
    outer loop
      vertex -11.2977 24.0769 -0.780361
      vertex -17 24.1722 -1.16114
      vertex -17 24.0769 -0.780361
    endloop
  endfacet
  facet normal 0 -0.857733 -0.514095
    outer loop
      vertex -16.3924 31.5277 1.88559
      vertex 1.25801 31.3259 2.22228
      vertex -16.742 31.3259 2.22228
    endloop
  endfacet
  facet normal 0 -0.857733 -0.514095
    outer loop
      vertex 1.25801 31.3259 2.22228
      vertex -16.3924 31.5277 1.88559
      vertex 1.60755 31.5277 1.88559
    endloop
  endfacet
  facet normal 0 -0.904025 -0.42748
    outer loop
      vertex -16.1018 31.6955 1.53073
      vertex 1.60755 31.5277 1.88559
      vertex -16.3924 31.5277 1.88559
    endloop
  endfacet
  facet normal 0 -0.904025 -0.42748
    outer loop
      vertex 1.60755 31.5277 1.88559
      vertex -16.1018 31.6955 1.53073
      vertex 1.89825 31.6955 1.53073
    endloop
  endfacet
  facet normal 0 0.336879 -0.941548
    outer loop
      vertex -17 26.4693 3.69552
      vertex 17 26.8389 3.82776
      vertex 17 26.4693 3.69552
    endloop
  endfacet
  facet normal 0 0.336879 -0.941548
    outer loop
      vertex 17 26.8389 3.82776
      vertex -17 26.4693 3.69552
      vertex -17 26.8389 3.82776
    endloop
  endfacet
  facet normal 0 0.857733 -0.514095
    outer loop
      vertex -10.6127 24.4723 1.88559
      vertex -17 24.6741 2.22228
      vertex -10.2632 24.6741 2.22228
    endloop
  endfacet
  facet normal 0 0.857733 -0.514095
    outer loop
      vertex -17 24.6741 2.22228
      vertex -10.6127 24.4723 1.88559
      vertex -17 24.4723 1.88559
    endloop
  endfacet
  facet normal 0 -0.740977 0.671531
    outer loop
      vertex 0.396401 30.8284 -2.82843
      vertex -17 31.092 -2.53757
      vertex -17 30.8284 -2.82843
    endloop
  endfacet
  facet normal 0 -0.740977 0.671531
    outer loop
      vertex -17 31.092 -2.53757
      vertex 0.396401 30.8284 -2.82843
      vertex 0.852995 31.092 -2.53757
    endloop
  endfacet
  facet normal 0 -0.243027 -0.970019
    outer loop
      vertex -17 28.7804 3.92314
      vertex 17 29.1611 3.82776
      vertex 17 28.7804 3.92314
    endloop
  endfacet
  facet normal -0 -0.243027 -0.970019
    outer loop
      vertex 17 29.1611 3.82776
      vertex -17 28.7804 3.92314
      vertex -17 29.1611 3.82776
    endloop
  endfacet
  facet normal 0 0.595695 -0.80321
    outer loop
      vertex -17 25.4624 3.09204
      vertex 17 25.7777 3.32588
      vertex 17 25.4624 3.09204
    endloop
  endfacet
  facet normal 0 0.595695 -0.80321
    outer loop
      vertex 17 25.7777 3.32588
      vertex -17 25.4624 3.09204
      vertex -17 25.7777 3.32588
    endloop
  endfacet
  facet normal 0 0.146733 -0.989176
    outer loop
      vertex -17 27.2196 3.92314
      vertex 17 27.6079 3.98074
      vertex 17 27.2196 3.92314
    endloop
  endfacet
  facet normal 0 0.146733 -0.989176
    outer loop
      vertex 17 27.6079 3.98074
      vertex -17 27.2196 3.92314
      vertex -17 27.6079 3.98074
    endloop
  endfacet
  facet normal -0 0.803128 0.595806
    outer loop
      vertex -17 24.908 -2.53757
      vertex -10.2632 24.6741 -2.22228
      vertex -9.85815 24.908 -2.53757
    endloop
  endfacet
  facet normal 0 0.803128 0.595806
    outer loop
      vertex -10.2632 24.6741 -2.22228
      vertex -17 24.908 -2.53757
      vertex -17 24.6741 -2.22228
    endloop
  endfacet
  facet normal 0 0.740977 -0.671531
    outer loop
      vertex -9.85815 24.908 2.53757
      vertex -17 25.1716 2.82843
      vertex -9.40156 25.1716 2.82843
    endloop
  endfacet
  facet normal 0 0.740977 -0.671531
    outer loop
      vertex -17 25.1716 2.82843
      vertex -9.85815 24.908 2.53757
      vertex -17 24.908 2.53757
    endloop
  endfacet
  facet normal 0 -0.595695 -0.80321
    outer loop
      vertex -17 30.2223 3.32588
      vertex 17 30.5376 3.09204
      vertex 17 30.2223 3.32588
    endloop
  endfacet
  facet normal -0 -0.595695 -0.80321
    outer loop
      vertex 17 30.5376 3.09204
      vertex -17 30.2223 3.32588
      vertex -17 30.5376 3.09204
    endloop
  endfacet
  facet normal 0 -0.514084 -0.85774
    outer loop
      vertex -17 29.8856 3.52768
      vertex 17 30.2223 3.32588
      vertex 17 29.8856 3.52768
    endloop
  endfacet
  facet normal -0 -0.514084 -0.85774
    outer loop
      vertex 17 30.2223 3.32588
      vertex -17 29.8856 3.52768
      vertex -17 30.2223 3.32588
    endloop
  endfacet
  facet normal 0 0.998791 -0.0491666
    outer loop
      vertex -11.4308 24 0
      vertex -17 24.0193 0.392068
      vertex -11.3974 24.0193 0.392068
    endloop
  endfacet
  facet normal 0 0.998791 -0.0491666
    outer loop
      vertex -17 24.0193 0.392068
      vertex -11.4308 24 0
      vertex -17 24 0
    endloop
  endfacet
  facet normal 0 -0.049061 -0.998796
    outer loop
      vertex -17 28 4
      vertex 17 28.3921 3.98074
      vertex 17 28 4
    endloop
  endfacet
  facet normal -0 -0.049061 -0.998796
    outer loop
      vertex 17 28.3921 3.98074
      vertex -17 28 4
      vertex -17 28.3921 3.98074
    endloop
  endfacet
  facet normal 0 0.671742 0.740785
    outer loop
      vertex 17 25.4624 -3.09204
      vertex -9.07368 25.3609 -3
      vertex 17 25.3609 -3
    endloop
  endfacet
  facet normal -0 0.671742 0.740785
    outer loop
      vertex -17 25.4624 -3.09204
      vertex -9.07368 25.3609 -3
      vertex 17 25.4624 -3.09204
    endloop
  endfacet
  facet normal -4.25952e-06 0.67156 0.74095
    outer loop
      vertex -17 25.4624 -3.09204
      vertex -9.40156 25.1716 -2.82843
      vertex -9.07368 25.3609 -3
    endloop
  endfacet
  facet normal 0 0.671621 0.740895
    outer loop
      vertex -9.40156 25.1716 -2.82843
      vertex -17 25.4624 -3.09204
      vertex -17 25.1716 -2.82843
    endloop
  endfacet
  facet normal 0.178706 -0.983903 0
    outer loop
      vertex -14.3962 -53.2131 -3
      vertex -14.2514 -53.1868 3
      vertex -14.3962 -53.2131 3
    endloop
  endfacet
  facet normal 0.178706 -0.983903 0
    outer loop
      vertex -14.2514 -53.1868 3
      vertex -14.3962 -53.2131 -3
      vertex -14.2514 -53.1868 -3
    endloop
  endfacet
  facet normal 0 0 -1
    outer loop
      vertex -37.6033 19.2816 -3
      vertex -17 34.3152 -3
      vertex -17 31.1769 -3
    endloop
  endfacet
  facet normal 0 0 -1
    outer loop
      vertex -17 34.3152 -3
      vertex -17.271 82.4016 -3
      vertex -17.0895 82.6639 -3
    endloop
  endfacet
  facet normal 0 0 -1
    outer loop
      vertex -17 34.3152 -3
      vertex -17.4773 82.1584 -3
      vertex -17.271 82.4016 -3
    endloop
  endfacet
  facet normal 0 0 -1
    outer loop
      vertex -17 34.3152 -3
      vertex -17.7065 81.9366 -3
      vertex -17.4773 82.1584 -3
    endloop
  endfacet
  facet normal 0 0 -1
    outer loop
      vertex -17 34.3152 -3
      vertex -17.9563 81.7384 -3
      vertex -17.7065 81.9366 -3
    endloop
  endfacet
  facet normal 0 0 -1
    outer loop
      vertex -17 34.3152 -3
      vertex -18.2244 81.5655 -3
      vertex -17.9563 81.7384 -3
    endloop
  endfacet
  facet normal 0 0 -1
    outer loop
      vertex -17 34.3152 -3
      vertex -18.5081 81.4198 -3
      vertex -18.2244 81.5655 -3
    endloop
  endfacet
  facet normal 0 0 -1
    outer loop
      vertex -17 34.3152 -3
      vertex -18.8047 81.3026 -3
      vertex -18.5081 81.4198 -3
    endloop
  endfacet
  facet normal 0 0 -1
    outer loop
      vertex -17 34.3152 -3
      vertex -19.1114 81.215 -3
      vertex -18.8047 81.3026 -3
    endloop
  endfacet
  facet normal 0 0 -1
    outer loop
      vertex -17 34.3152 -3
      vertex -19.4252 81.1579 -3
      vertex -19.1114 81.215 -3
    endloop
  endfacet
  facet normal 0 0 -1
    outer loop
      vertex -17 34.3152 -3
      vertex -19.743 81.1319 -3
      vertex -19.4252 81.1579 -3
    endloop
  endfacet
  facet normal 0 0 -1
    outer loop
      vertex -17 34.3152 -3
      vertex -20.0619 81.1371 -3
      vertex -19.743 81.1319 -3
    endloop
  endfacet
  facet normal 0 0 -1
    outer loop
      vertex -17 34.3152 -3
      vertex -20.3788 81.1735 -3
      vertex -20.0619 81.1371 -3
    endloop
  endfacet
  facet normal 0 0 -1
    outer loop
      vertex -17 34.3152 -3
      vertex -20.6905 81.2409 -3
      vertex -20.3788 81.1735 -3
    endloop
  endfacet
  facet normal 0 0 -1
    outer loop
      vertex -17 34.3152 -3
      vertex -20.9942 81.3384 -3
      vertex -20.6905 81.2409 -3
    endloop
  endfacet
  facet normal 0 -0 -1
    outer loop
      vertex -21.2868 81.4653 -3
      vertex -17 34.3152 -3
      vertex -59.9024 59.4864 -3
    endloop
  endfacet
  facet normal 0 0 -1
    outer loop
      vertex -17 34.3152 -3
      vertex -21.2868 81.4653 -3
      vertex -20.9942 81.3384 -3
    endloop
  endfacet
  facet normal -0 0 -1
    outer loop
      vertex -21.2868 81.4653 -3
      vertex -59.9024 59.4864 -3
      vertex -21.5656 81.6202 -3
    endloop
  endfacet
  facet normal -0 0 -1
    outer loop
      vertex -21.5656 81.6202 -3
      vertex -59.9024 59.4864 -3
      vertex -21.8278 81.8017 -3
    endloop
  endfacet
  facet normal 0 0 -1
    outer loop
      vertex -59.9284 59.8043 -3
      vertex -21.8278 81.8017 -3
      vertex -59.9024 59.4864 -3
    endloop
  endfacet
  facet normal -0 0 -1
    outer loop
      vertex -21.8278 81.8017 -3
      vertex -59.9284 59.8043 -3
      vertex -22.071 82.008 -3
    endloop
  endfacet
  facet normal 0 0 -1
    outer loop
      vertex -59.9855 60.1181 -3
      vertex -22.071 82.008 -3
      vertex -59.9284 59.8043 -3
    endloop
  endfacet
  facet normal -0 0 -1
    outer loop
      vertex -22.071 82.008 -3
      vertex -59.9855 60.1181 -3
      vertex -22.2928 82.2372 -3
    endloop
  endfacet
  facet normal 0 0 -1
    outer loop
      vertex -60.0731 60.4248 -3
      vertex -22.2928 82.2372 -3
      vertex -59.9855 60.1181 -3
    endloop
  endfacet
  facet normal -0 0 -1
    outer loop
      vertex -22.2928 82.2372 -3
      vertex -60.0731 60.4248 -3
      vertex -22.4911 82.4871 -3
    endloop
  endfacet
  facet normal 0 0 -1
    outer loop
      vertex -60.1903 60.7214 -3
      vertex -22.4911 82.4871 -3
      vertex -60.0731 60.4248 -3
    endloop
  endfacet
  facet normal -0 0 -1
    outer loop
      vertex -22.4911 82.4871 -3
      vertex -60.1903 60.7214 -3
      vertex -22.6639 82.7551 -3
    endloop
  endfacet
  facet normal 0 0 -1
    outer loop
      vertex -37.6212 19.2854 -3
      vertex -17 34.3152 -3
      vertex -37.6033 19.2816 -3
    endloop
  endfacet
  facet normal 0 0 -1
    outer loop
      vertex -15.891 -52.476 -3
      vertex -13.842 -53.025 -3
      vertex -13.9729 -53.0922 -3
    endloop
  endfacet
  facet normal 0 0 -1
    outer loop
      vertex -15.891 -52.476 -3
      vertex -13.9729 -53.0922 -3
      vertex -14.1098 -53.1463 -3
    endloop
  endfacet
  facet normal 0 0 -1
    outer loop
      vertex -15.891 -52.476 -3
      vertex -14.1098 -53.1463 -3
      vertex -14.2514 -53.1868 -3
    endloop
  endfacet
  facet normal 0 0 -1
    outer loop
      vertex -15.891 -52.476 -3
      vertex -14.2514 -53.1868 -3
      vertex -14.3962 -53.2131 -3
    endloop
  endfacet
  facet normal 0 0 -1
    outer loop
      vertex -15.891 -52.476 -3
      vertex -14.3962 -53.2131 -3
      vertex -14.5429 -53.2251 -3
    endloop
  endfacet
  facet normal 0 0 -1
    outer loop
      vertex -15.891 -52.476 -3
      vertex -14.5429 -53.2251 -3
      vertex -14.6901 -53.2227 -3
    endloop
  endfacet
  facet normal 0 0 -1
    outer loop
      vertex -15.891 -52.476 -3
      vertex -14.6901 -53.2227 -3
      vertex -14.8363 -53.2059 -3
    endloop
  endfacet
  facet normal 0 0 -1
    outer loop
      vertex -15.891 -52.476 -3
      vertex -14.8363 -53.2059 -3
      vertex -14.9802 -53.1748 -3
    endloop
  endfacet
  facet normal 0 0 -1
    outer loop
      vertex -15.891 -52.476 -3
      vertex -14.9802 -53.1748 -3
      vertex -15.1204 -53.1298 -3
    endloop
  endfacet
  facet normal 0 0 -1
    outer loop
      vertex -15.891 -52.476 -3
      vertex -15.1204 -53.1298 -3
      vertex -15.2554 -53.0713 -3
    endloop
  endfacet
  facet normal 0 0 -1
    outer loop
      vertex -15.891 -52.476 -3
      vertex -15.2554 -53.0713 -3
      vertex -15.3841 -52.9998 -3
    endloop
  endfacet
  facet normal 0 0 -1
    outer loop
      vertex -15.891 -52.476 -3
      vertex -15.3841 -52.9998 -3
      vertex -15.5051 -52.916 -3
    endloop
  endfacet
  facet normal 0 0 -1
    outer loop
      vertex -15.891 -52.476 -3
      vertex -15.5051 -52.916 -3
      vertex -15.6174 -52.8207 -3
    endloop
  endfacet
  facet normal 0 0 -1
    outer loop
      vertex -15.891 -52.476 -3
      vertex -15.6174 -52.8207 -3
      vertex -15.7197 -52.715 -3
    endloop
  endfacet
  facet normal 0 0 -1
    outer loop
      vertex -15.891 -52.476 -3
      vertex -15.7197 -52.715 -3
      vertex -15.8112 -52.5997 -3
    endloop
  endfacet
  facet normal 0 0 -1
    outer loop
      vertex -13.842 -53.025 -3
      vertex -15.891 -52.476 -3
      vertex -9.94486 -50.775 -3
    endloop
  endfacet
  facet normal 0 0 -1
    outer loop
      vertex -15.891 -52.476 -3
      vertex -15.9449 -40.3827 -3
      vertex -9.94486 -50.775 -3
    endloop
  endfacet
  facet normal 0 0 -1
    outer loop
      vertex -44.2202 8.2767 -3
      vertex -15.9449 -40.3827 -3
      vertex -15.891 -52.476 -3
    endloop
  endfacet
  facet normal 0 0 -1
    outer loop
      vertex -15.9449 -40.3827 -3
      vertex -18.5999 7.31176 -3
      vertex -16.6294 11.1114 -3
    endloop
  endfacet
  facet normal 0 0 -1
    outer loop
      vertex -16.6294 11.1114 -3
      vertex -18.5999 7.31176 -3
      vertex -17.6384 9.42793 -3
    endloop
  endfacet
  facet normal 0 0 -1
    outer loop
      vertex -17.6384 9.42793 -3
      vertex -18.5999 7.31176 -3
      vertex -18.4776 7.65367 -3
    endloop
  endfacet
  facet normal 0 0 -1
    outer loop
      vertex -15.9449 -40.3827 -3
      vertex -23.9012 2.01046 -3
      vertex -18.5999 7.31176 -3
    endloop
  endfacet
  facet normal -0 -0 -1
    outer loop
      vertex -41.3335 7.3492 -3
      vertex -15.9449 -40.3827 -3
      vertex -41.7751 7.35642 -3
    endloop
  endfacet
  facet normal 0 0 -1
    outer loop
      vertex -23.9012 2.01046 -3
      vertex -39.6236 7.7479 -3
      vertex -39.2308 7.94967 -3
    endloop
  endfacet
  facet normal 0 0 -1
    outer loop
      vertex -23.9012 2.01046 -3
      vertex -40.0343 7.5856 -3
      vertex -39.6236 7.7479 -3
    endloop
  endfacet
  facet normal 0 0 -1
    outer loop
      vertex -23.9012 2.01046 -3
      vertex -40.4589 7.46434 -3
      vertex -40.0343 7.5856 -3
    endloop
  endfacet
  facet normal 0 0 -1
    outer loop
      vertex -23.9012 2.01046 -3
      vertex -40.8934 7.38529 -3
      vertex -40.4589 7.46434 -3
    endloop
  endfacet
  facet normal 0 0 -1
    outer loop
      vertex -23.9012 2.01046 -3
      vertex -41.3335 7.3492 -3
      vertex -40.8934 7.38529 -3
    endloop
  endfacet
  facet normal 0 0 -1
    outer loop
      vertex -15.9449 -40.3827 -3
      vertex -41.3335 7.3492 -3
      vertex -23.9012 2.01046 -3
    endloop
  endfacet
  facet normal 0 0 -1
    outer loop
      vertex -15.9449 -40.3827 -3
      vertex -42.2138 7.40689 -3
      vertex -41.7751 7.35642 -3
    endloop
  endfacet
  facet normal 0 0 -1
    outer loop
      vertex -15.9449 -40.3827 -3
      vertex -42.6454 7.50012 -3
      vertex -42.2138 7.40689 -3
    endloop
  endfacet
  facet normal 0 0 -1
    outer loop
      vertex -15.9449 -40.3827 -3
      vertex -43.0659 7.63521 -3
      vertex -42.6454 7.50012 -3
    endloop
  endfacet
  facet normal 0 0 -1
    outer loop
      vertex -15.9449 -40.3827 -3
      vertex -43.4711 7.81086 -3
      vertex -43.0659 7.63521 -3
    endloop
  endfacet
  facet normal 0 0 -1
    outer loop
      vertex -15.9449 -40.3827 -3
      vertex -43.8571 8.02538 -3
      vertex -43.4711 7.81086 -3
    endloop
  endfacet
  facet normal 0 0 -1
    outer loop
      vertex -15.9449 -40.3827 -3
      vertex -44.2202 8.2767 -3
      vertex -43.8571 8.02538 -3
    endloop
  endfacet
  facet normal 0 0 -1
    outer loop
      vertex -15.891 -52.476 -3
      vertex -44.5569 8.5624 -3
      vertex -44.2202 8.2767 -3
    endloop
  endfacet
  facet normal 0 0 -1
    outer loop
      vertex -15.891 -52.476 -3
      vertex -44.864 8.87973 -3
      vertex -44.5569 8.5624 -3
    endloop
  endfacet
  facet normal 0 0 -1
    outer loop
      vertex -15.891 -52.476 -3
      vertex -45.1386 9.22564 -3
      vertex -44.864 8.87973 -3
    endloop
  endfacet
  facet normal 0 0 -1
    outer loop
      vertex -15.891 -52.476 -3
      vertex -45.3779 9.59679 -3
      vertex -45.1386 9.22564 -3
    endloop
  endfacet
  facet normal 0 0 -1
    outer loop
      vertex -84.391 66.1695 -3
      vertex -45.3779 9.59679 -3
      vertex -15.891 -52.476 -3
    endloop
  endfacet
  facet normal 0 0 -1
    outer loop
      vertex -84.391 66.1695 -3
      vertex -45.9784 11.6996 -3
      vertex -45.9423 11.2594 -3
    endloop
  endfacet
  facet normal 0 0 -1
    outer loop
      vertex -84.391 66.1695 -3
      vertex -45.9423 11.2594 -3
      vertex -45.8632 10.8249 -3
    endloop
  endfacet
  facet normal 0 0 -1
    outer loop
      vertex -84.391 66.1695 -3
      vertex -45.8632 10.8249 -3
      vertex -45.7419 10.4003 -3
    endloop
  endfacet
  facet normal 0 0 -1
    outer loop
      vertex -45.9784 11.6996 -3
      vertex -59.9076 59.1675 -3
      vertex -59.9024 59.4864 -3
    endloop
  endfacet
  facet normal 0 0 -1
    outer loop
      vertex -45.9784 11.6996 -3
      vertex -59.944 58.8507 -3
      vertex -59.9076 59.1675 -3
    endloop
  endfacet
  facet normal 0 0 -1
    outer loop
      vertex -45.9784 11.6996 -3
      vertex -60.0114 58.5389 -3
      vertex -59.944 58.8507 -3
    endloop
  endfacet
  facet normal 0 0 -1
    outer loop
      vertex -45.9784 11.6996 -3
      vertex -60.1089 58.2353 -3
      vertex -60.0114 58.5389 -3
    endloop
  endfacet
  facet normal 0 0 -1
    outer loop
      vertex -45.9784 11.6996 -3
      vertex -60.2358 57.9427 -3
      vertex -60.1089 58.2353 -3
    endloop
  endfacet
  facet normal 0 0 -1
    outer loop
      vertex -45.9784 11.6996 -3
      vertex -60.3907 57.6639 -3
      vertex -60.2358 57.9427 -3
    endloop
  endfacet
  facet normal 0 0 -1
    outer loop
      vertex -45.9784 11.6996 -3
      vertex -60.5722 57.4016 -3
      vertex -60.3907 57.6639 -3
    endloop
  endfacet
  facet normal 0 0 -1
    outer loop
      vertex -45.9784 11.6996 -3
      vertex -60.7786 57.1584 -3
      vertex -60.5722 57.4016 -3
    endloop
  endfacet
  facet normal 0 0 -1
    outer loop
      vertex -45.9784 11.6996 -3
      vertex -61.0078 56.9366 -3
      vertex -60.7786 57.1584 -3
    endloop
  endfacet
  facet normal 0 0 -1
    outer loop
      vertex -45.9784 11.6996 -3
      vertex -61.2576 56.7384 -3
      vertex -61.0078 56.9366 -3
    endloop
  endfacet
  facet normal 0 0 -1
    outer loop
      vertex -45.9784 11.6996 -3
      vertex -61.5256 56.5655 -3
      vertex -61.2576 56.7384 -3
    endloop
  endfacet
  facet normal 0 0 -1
    outer loop
      vertex -45.9784 11.6996 -3
      vertex -61.8093 56.4198 -3
      vertex -61.5256 56.5655 -3
    endloop
  endfacet
  facet normal 0 0 -1
    outer loop
      vertex -45.9784 11.6996 -3
      vertex -62.106 56.3026 -3
      vertex -61.8093 56.4198 -3
    endloop
  endfacet
  facet normal 0 0 -1
    outer loop
      vertex -45.9784 11.6996 -3
      vertex -62.4126 56.215 -3
      vertex -62.106 56.3026 -3
    endloop
  endfacet
  facet normal 0 0 -1
    outer loop
      vertex -45.9784 11.6996 -3
      vertex -62.7264 56.1579 -3
      vertex -62.4126 56.215 -3
    endloop
  endfacet
  facet normal 0 0 -1
    outer loop
      vertex -45.9784 11.6996 -3
      vertex -63.0443 56.1318 -3
      vertex -62.7264 56.1579 -3
    endloop
  endfacet
  facet normal 0 0 -1
    outer loop
      vertex -45.9784 11.6996 -3
      vertex -63.3632 56.1371 -3
      vertex -63.0443 56.1318 -3
    endloop
  endfacet
  facet normal 0 0 -1
    outer loop
      vertex -45.9784 11.6996 -3
      vertex -63.68 56.1735 -3
      vertex -63.3632 56.1371 -3
    endloop
  endfacet
  facet normal 0 0 -1
    outer loop
      vertex -45.9784 11.6996 -3
      vertex -63.9918 56.2408 -3
      vertex -63.68 56.1735 -3
    endloop
  endfacet
  facet normal 0 0 -1
    outer loop
      vertex -84.391 66.1695 -3
      vertex -45.7419 10.4003 -3
      vertex -45.5796 9.98961 -3
    endloop
  endfacet
  facet normal 0 0 -1
    outer loop
      vertex -45.9784 11.6996 -3
      vertex -64.2954 56.3384 -3
      vertex -63.9918 56.2408 -3
    endloop
  endfacet
  facet normal 0 0 -1
    outer loop
      vertex -45.9784 11.6996 -3
      vertex -64.5881 56.4653 -3
      vertex -64.2954 56.3384 -3
    endloop
  endfacet
  facet normal 0 0 -1
    outer loop
      vertex -45.9784 11.6996 -3
      vertex -64.8669 56.6202 -3
      vertex -64.5881 56.4653 -3
    endloop
  endfacet
  facet normal 0 0 -1
    outer loop
      vertex -45.9784 11.6996 -3
      vertex -65.1291 56.8017 -3
      vertex -64.8669 56.6202 -3
    endloop
  endfacet
  facet normal 0 0 -1
    outer loop
      vertex -45.9784 11.6996 -3
      vertex -84.391 66.1695 -3
      vertex -65.1291 56.8017 -3
    endloop
  endfacet
  facet normal 0 0 -1
    outer loop
      vertex -65.1291 56.8017 -3
      vertex -84.391 66.1695 -3
      vertex -65.3723 57.008 -3
    endloop
  endfacet
  facet normal 0 0 -1
    outer loop
      vertex -65.3723 57.008 -3
      vertex -84.391 66.1695 -3
      vertex -65.5941 57.2372 -3
    endloop
  endfacet
  facet normal 0 0 -1
    outer loop
      vertex -65.5941 57.2372 -3
      vertex -84.391 66.1695 -3
      vertex -65.7924 57.4871 -3
    endloop
  endfacet
  facet normal 0 0 -1
    outer loop
      vertex -65.7924 57.4871 -3
      vertex -84.391 66.1695 -3
      vertex -65.9652 57.7551 -3
    endloop
  endfacet
  facet normal 0 0 -1
    outer loop
      vertex -84.391 66.1695 -3
      vertex -66.3989 59.2738 -3
      vertex -66.3728 58.9559 -3
    endloop
  endfacet
  facet normal 0 0 -1
    outer loop
      vertex -84.391 66.1695 -3
      vertex -66.3728 58.9559 -3
      vertex -66.3157 58.6421 -3
    endloop
  endfacet
  facet normal 0 0 -1
    outer loop
      vertex -84.391 66.1695 -3
      vertex -66.3157 58.6421 -3
      vertex -66.2282 58.3354 -3
    endloop
  endfacet
  facet normal 0 0 -1
    outer loop
      vertex -84.391 66.1695 -3
      vertex -66.2282 58.3354 -3
      vertex -66.1109 58.0388 -3
    endloop
  endfacet
  facet normal 0 0 -1
    outer loop
      vertex -65.9652 57.7551 -3
      vertex -84.391 66.1695 -3
      vertex -66.1109 58.0388 -3
    endloop
  endfacet
  facet normal 0 0 -1
    outer loop
      vertex -45.3779 9.59679 -3
      vertex -84.391 66.1695 -3
      vertex -45.5796 9.98961 -3
    endloop
  endfacet
  facet normal 0 0 -1
    outer loop
      vertex -66.3989 59.2738 -3
      vertex -84.391 66.1695 -3
      vertex -83.842 68.2186 -3
    endloop
  endfacet
  facet normal 0 0 -1
    outer loop
      vertex -83.842 68.2186 -3
      vertex -84.391 66.1695 -3
      vertex -83.9657 68.1388 -3
    endloop
  endfacet
  facet normal 0 0 -1
    outer loop
      vertex -83.9657 68.1388 -3
      vertex -84.391 66.1695 -3
      vertex -84.081 68.0473 -3
    endloop
  endfacet
  facet normal 0 0 -1
    outer loop
      vertex -84.081 68.0473 -3
      vertex -84.391 66.1695 -3
      vertex -84.1868 67.9449 -3
    endloop
  endfacet
  facet normal 0 0 -1
    outer loop
      vertex -84.1868 67.9449 -3
      vertex -84.391 66.1695 -3
      vertex -84.282 67.8327 -3
    endloop
  endfacet
  facet normal 0 0 -1
    outer loop
      vertex -84.282 67.8327 -3
      vertex -84.391 66.1695 -3
      vertex -84.3658 67.7116 -3
    endloop
  endfacet
  facet normal 0 0 -1
    outer loop
      vertex -84.391 66.1695 -3
      vertex -84.4373 67.583 -3
      vertex -84.3658 67.7116 -3
    endloop
  endfacet
  facet normal 0 0 -1
    outer loop
      vertex -84.4583 66.3005 -3
      vertex -84.4373 67.583 -3
      vertex -84.391 66.1695 -3
    endloop
  endfacet
  facet normal 0 0 -1
    outer loop
      vertex -84.4583 66.3005 -3
      vertex -84.4958 67.4479 -3
      vertex -84.4373 67.583 -3
    endloop
  endfacet
  facet normal 0 0 -1
    outer loop
      vertex -84.5124 66.4374 -3
      vertex -84.4958 67.4479 -3
      vertex -84.4583 66.3005 -3
    endloop
  endfacet
  facet normal 0 0 -1
    outer loop
      vertex -84.5124 66.4374 -3
      vertex -84.5409 67.3078 -3
      vertex -84.4958 67.4479 -3
    endloop
  endfacet
  facet normal 0 0 -1
    outer loop
      vertex -84.5528 66.5789 -3
      vertex -84.5409 67.3078 -3
      vertex -84.5124 66.4374 -3
    endloop
  endfacet
  facet normal 0 0 -1
    outer loop
      vertex -84.5528 66.5789 -3
      vertex -84.5719 67.1639 -3
      vertex -84.5409 67.3078 -3
    endloop
  endfacet
  facet normal 0 0 -1
    outer loop
      vertex -84.5791 66.7237 -3
      vertex -84.5719 67.1639 -3
      vertex -84.5528 66.5789 -3
    endloop
  endfacet
  facet normal 0 0 -1
    outer loop
      vertex -84.5791 66.7237 -3
      vertex -84.5888 67.0176 -3
      vertex -84.5719 67.1639 -3
    endloop
  endfacet
  facet normal 0 -0 -1
    outer loop
      vertex -84.5888 67.0176 -3
      vertex -84.5791 66.7237 -3
      vertex -84.5912 66.8704 -3
    endloop
  endfacet
  facet normal 0 0 -1
    outer loop
      vertex 20.7043 44.1391 -3
      vertex 14.9711 41.5525 -3
      vertex 14.9784 41.994 -3
    endloop
  endfacet
  facet normal 0 0 -1
    outer loop
      vertex 20.7043 44.1391 -3
      vertex 14.9207 41.1138 -3
      vertex 14.9711 41.5525 -3
    endloop
  endfacet
  facet normal 0 0 -1
    outer loop
      vertex 20.7043 44.1391 -3
      vertex 14.8274 40.6821 -3
      vertex 14.9207 41.1138 -3
    endloop
  endfacet
  facet normal 0 0 -1
    outer loop
      vertex 17 34.3152 -3
      vertex 14.6923 40.2617 -3
      vertex 14.8274 40.6821 -3
    endloop
  endfacet
  facet normal 0 0 -1
    outer loop
      vertex 17 34.3152 -3
      vertex 14.5167 39.8565 -3
      vertex 14.6923 40.2617 -3
    endloop
  endfacet
  facet normal 0 0 -1
    outer loop
      vertex 17 34.3152 -3
      vertex 14.3022 39.4705 -3
      vertex 14.5167 39.8565 -3
    endloop
  endfacet
  facet normal 0 0 -1
    outer loop
      vertex 17 34.3152 -3
      vertex 14.0509 39.1074 -3
      vertex 14.3022 39.4705 -3
    endloop
  endfacet
  facet normal 0 0 -1
    outer loop
      vertex 17 34.3152 -3
      vertex 13.8417 38.8609 -3
      vertex 14.0509 39.1074 -3
    endloop
  endfacet
  facet normal 0 0 -1
    outer loop
      vertex 17 34.3152 -3
      vertex -3.69099 38.8609 -3
      vertex 13.8417 38.8609 -3
    endloop
  endfacet
  facet normal 0 0 -1
    outer loop
      vertex -16.6272 84.8043 -3
      vertex 17.6092 49.5 -3
      vertex -16.6011 84.4864 -3
    endloop
  endfacet
  facet normal 0 0 -1
    outer loop
      vertex 17.6092 49.5 -3
      vertex -16.6272 84.8043 -3
      vertex -15.109 106.17 -3
    endloop
  endfacet
  facet normal 0 0 -1
    outer loop
      vertex -16.6843 85.1181 -3
      vertex -15.109 106.17 -3
      vertex -16.6272 84.8043 -3
    endloop
  endfacet
  facet normal 0 0 -1
    outer loop
      vertex -16.7718 85.4248 -3
      vertex -15.109 106.17 -3
      vertex -16.6843 85.1181 -3
    endloop
  endfacet
  facet normal 0 0 -1
    outer loop
      vertex -16.8891 85.7214 -3
      vertex -15.109 106.17 -3
      vertex -16.7718 85.4248 -3
    endloop
  endfacet
  facet normal 0 0 -1
    outer loop
      vertex -17.0348 86.0051 -3
      vertex -15.109 106.17 -3
      vertex -16.8891 85.7214 -3
    endloop
  endfacet
  facet normal 0 0 -1
    outer loop
      vertex -17.2076 86.2732 -3
      vertex -15.109 106.17 -3
      vertex -17.0348 86.0051 -3
    endloop
  endfacet
  facet normal 0 0 -1
    outer loop
      vertex -17.4059 86.523 -3
      vertex -15.109 106.17 -3
      vertex -17.2076 86.2732 -3
    endloop
  endfacet
  facet normal 0 0 -1
    outer loop
      vertex -17.6277 86.7522 -3
      vertex -15.109 106.17 -3
      vertex -17.4059 86.523 -3
    endloop
  endfacet
  facet normal 0 0 -1
    outer loop
      vertex -17.8709 86.9585 -3
      vertex -15.109 106.17 -3
      vertex -17.6277 86.7522 -3
    endloop
  endfacet
  facet normal 0 0 -1
    outer loop
      vertex -18.1331 87.14 -3
      vertex -15.109 106.17 -3
      vertex -17.8709 86.9585 -3
    endloop
  endfacet
  facet normal 0 0 -1
    outer loop
      vertex -18.4119 87.2949 -3
      vertex -15.109 106.17 -3
      vertex -18.1331 87.14 -3
    endloop
  endfacet
  facet normal 0 0 -1
    outer loop
      vertex -3.69099 38.8609 -3
      vertex -16.6063 84.1675 -3
      vertex -16.6011 84.4864 -3
    endloop
  endfacet
  facet normal 0 0 -1
    outer loop
      vertex -3.69099 38.8609 -3
      vertex -16.6428 83.8507 -3
      vertex -16.6063 84.1675 -3
    endloop
  endfacet
  facet normal 0 0 -1
    outer loop
      vertex -3.69099 38.8609 -3
      vertex -16.7101 83.5389 -3
      vertex -16.6428 83.8507 -3
    endloop
  endfacet
  facet normal 0 0 -1
    outer loop
      vertex -3.69099 38.8609 -3
      vertex -16.8077 83.2353 -3
      vertex -16.7101 83.5389 -3
    endloop
  endfacet
  facet normal 0 0 -1
    outer loop
      vertex -3.69099 38.8609 -3
      vertex -16.9345 82.9427 -3
      vertex -16.8077 83.2353 -3
    endloop
  endfacet
  facet normal 0 0 -1
    outer loop
      vertex -17 34.3152 -3
      vertex -3.69099 38.8609 -3
      vertex 17 34.3152 -3
    endloop
  endfacet
  facet normal 0 0 -1
    outer loop
      vertex -17.0895 82.6639 -3
      vertex -3.69099 38.8609 -3
      vertex -17 34.3152 -3
    endloop
  endfacet
  facet normal 0 0 -1
    outer loop
      vertex -3.69099 38.8609 -3
      vertex -17.0895 82.6639 -3
      vertex -16.9345 82.9427 -3
    endloop
  endfacet
  facet normal 0 0 -1
    outer loop
      vertex 17 25.3609 -3
      vertex 0.06852 30.6391 -3
      vertex 17 30.6391 -3
    endloop
  endfacet
  facet normal 0 -0 -1
    outer loop
      vertex 0.06852 30.6391 -3
      vertex 17 25.3609 -3
      vertex -9.07368 25.3609 -3
    endloop
  endfacet
  facet normal 0 0 -1
    outer loop
      vertex 18.5999 7.31176 -3
      vertex 17.6384 9.42793 -3
      vertex 18.4776 7.65367 -3
    endloop
  endfacet
  facet normal 0 0 -1
    outer loop
      vertex 18.5999 7.31176 -3
      vertex 16.6294 11.1114 -3
      vertex 17.6384 9.42793 -3
    endloop
  endfacet
  facet normal 0 0 -1
    outer loop
      vertex 18.5999 7.31176 -3
      vertex 15.4602 12.6879 -3
      vertex 16.6294 11.1114 -3
    endloop
  endfacet
  facet normal 0 0 -1
    outer loop
      vertex 18.5999 7.31176 -3
      vertex 14.1421 14.1421 -3
      vertex 15.4602 12.6879 -3
    endloop
  endfacet
  facet normal 0 0 -1
    outer loop
      vertex 18.5999 7.31176 -3
      vertex 13 15.1773 -3
      vertex 14.1421 14.1421 -3
    endloop
  endfacet
  facet normal 0 0 -1
    outer loop
      vertex 13 15.1773 -3
      vertex -13 15.1773 -3
      vertex 13 20.1553 -3
    endloop
  endfacet
  facet normal 0 0 -1
    outer loop
      vertex 18.5999 7.31176 -3
      vertex -13 15.1773 -3
      vertex 13 15.1773 -3
    endloop
  endfacet
  facet normal 0 0 -1
    outer loop
      vertex -15.9449 -40.3827 -3
      vertex 18.5999 7.31176 -3
      vertex 23.9012 2.01046 -3
    endloop
  endfacet
  facet normal 0 0 -1
    outer loop
      vertex -15.9449 -40.3827 -3
      vertex 23.9012 2.01046 -3
      vertex 42.9449 -6.38269 -3
    endloop
  endfacet
  facet normal 0 0 -1
    outer loop
      vertex 18.5999 7.31176 -3
      vertex -16.6294 11.1114 -3
      vertex -13 15.1773 -3
    endloop
  endfacet
  facet normal 0 0 -1
    outer loop
      vertex -13 15.1773 -3
      vertex -16.6294 11.1114 -3
      vertex -14.1421 14.1421 -3
    endloop
  endfacet
  facet normal -0 0 -1
    outer loop
      vertex 18.5999 7.31176 -3
      vertex -15.9449 -40.3827 -3
      vertex -16.6294 11.1114 -3
    endloop
  endfacet
  facet normal 0 0 -1
    outer loop
      vertex -14.1421 14.1421 -3
      vertex -16.6294 11.1114 -3
      vertex -15.4602 12.6879 -3
    endloop
  endfacet
  facet normal 0 0 -1
    outer loop
      vertex 53.5888 -13.3241 -3
      vertex 53.5791 -13.0302 -3
      vertex 53.5912 -13.1769 -3
    endloop
  endfacet
  facet normal 0 0 -1
    outer loop
      vertex 53.5719 -13.4703 -3
      vertex 53.5791 -13.0302 -3
      vertex 53.5888 -13.3241 -3
    endloop
  endfacet
  facet normal 0 0 -1
    outer loop
      vertex 53.5719 -13.4703 -3
      vertex 53.5528 -12.8853 -3
      vertex 53.5791 -13.0302 -3
    endloop
  endfacet
  facet normal 0 0 -1
    outer loop
      vertex 53.5409 -13.6142 -3
      vertex 53.5528 -12.8853 -3
      vertex 53.5719 -13.4703 -3
    endloop
  endfacet
  facet normal 0 0 -1
    outer loop
      vertex 53.5409 -13.6142 -3
      vertex 53.5124 -12.7438 -3
      vertex 53.5528 -12.8853 -3
    endloop
  endfacet
  facet normal 0 0 -1
    outer loop
      vertex 53.4958 -13.7543 -3
      vertex 53.5124 -12.7438 -3
      vertex 53.5409 -13.6142 -3
    endloop
  endfacet
  facet normal 0 0 -1
    outer loop
      vertex 53.4958 -13.7543 -3
      vertex 53.4583 -12.6069 -3
      vertex 53.5124 -12.7438 -3
    endloop
  endfacet
  facet normal 0 0 -1
    outer loop
      vertex 53.4373 -13.8894 -3
      vertex 53.4583 -12.6069 -3
      vertex 53.4958 -13.7543 -3
    endloop
  endfacet
  facet normal 0 0 -1
    outer loop
      vertex 53.4373 -13.8894 -3
      vertex 53.391 -12.476 -3
      vertex 53.4583 -12.6069 -3
    endloop
  endfacet
  facet normal 0 0 -1
    outer loop
      vertex 53.3658 -14.0181 -3
      vertex 53.391 -12.476 -3
      vertex 53.4373 -13.8894 -3
    endloop
  endfacet
  facet normal 0 0 -1
    outer loop
      vertex 53.282 -14.1391 -3
      vertex 53.391 -12.476 -3
      vertex 53.3658 -14.0181 -3
    endloop
  endfacet
  facet normal 0 0 -1
    outer loop
      vertex 53.1868 -14.2513 -3
      vertex 53.391 -12.476 -3
      vertex 53.282 -14.1391 -3
    endloop
  endfacet
  facet normal 0 0 -1
    outer loop
      vertex 53.081 -14.3537 -3
      vertex 53.391 -12.476 -3
      vertex 53.1868 -14.2513 -3
    endloop
  endfacet
  facet normal 0 0 -1
    outer loop
      vertex 52.9657 -14.4452 -3
      vertex 53.391 -12.476 -3
      vertex 53.081 -14.3537 -3
    endloop
  endfacet
  facet normal 0 0 -1
    outer loop
      vertex 52.842 -14.525 -3
      vertex 53.391 -12.476 -3
      vertex 52.9657 -14.4452 -3
    endloop
  endfacet
  facet normal 0 0 -1
    outer loop
      vertex 48.9449 -16.775 -3
      vertex 53.391 -12.476 -3
      vertex 52.842 -14.525 -3
    endloop
  endfacet
  facet normal 0 0 -1
    outer loop
      vertex 42.9449 -6.38269 -3
      vertex 53.391 -12.476 -3
      vertex 48.9449 -16.775 -3
    endloop
  endfacet
  facet normal 0 0 -1
    outer loop
      vertex 23.8844 2.35241 -3
      vertex 42.9449 -6.38269 -3
      vertex 23.9012 2.01046 -3
    endloop
  endfacet
  facet normal 0 0 -1
    outer loop
      vertex 23.5388 4.68217 -3
      vertex 42.9449 -6.38269 -3
      vertex 23.8844 2.35241 -3
    endloop
  endfacet
  facet normal 0 0 -1
    outer loop
      vertex 22.9666 6.96683 -3
      vertex 42.9449 -6.38269 -3
      vertex 23.5388 4.68217 -3
    endloop
  endfacet
  facet normal 0 0 -1
    outer loop
      vertex 22.1731 9.1844 -3
      vertex 42.9449 -6.38269 -3
      vertex 22.9666 6.96683 -3
    endloop
  endfacet
  facet normal 0 0 -1
    outer loop
      vertex 21.1661 11.3135 -3
      vertex 42.9449 -6.38269 -3
      vertex 22.1731 9.1844 -3
    endloop
  endfacet
  facet normal 0 0 -1
    outer loop
      vertex 20.7043 44.1391 -3
      vertex 42.9449 -6.38269 -3
      vertex 21.1661 11.3135 -3
    endloop
  endfacet
  facet normal 0 0 -1
    outer loop
      vertex 42.9449 -6.38269 -3
      vertex 20.7043 44.1391 -3
      vertex 53.391 -12.476 -3
    endloop
  endfacet
  facet normal 0 0 -1
    outer loop
      vertex 22 48 -3
      vertex 20.5 49.5 -3
      vertex 20.647 49.4928 -3
    endloop
  endfacet
  facet normal 0 0 -1
    outer loop
      vertex 17 30.6391 -3
      vertex 20.7043 44.1391 -3
      vertex 21.1661 11.3135 -3
    endloop
  endfacet
  facet normal 0 0 -1
    outer loop
      vertex 17 25.3609 -3
      vertex 21.1661 11.3135 -3
      vertex 19.9553 13.3337 -3
    endloop
  endfacet
  facet normal 0 0 -1
    outer loop
      vertex 17 21.6848 -3
      vertex 19.9553 13.3337 -3
      vertex 18.5522 15.2254 -3
    endloop
  endfacet
  facet normal 0 0 -1
    outer loop
      vertex 17 34.3152 -3
      vertex 20.7043 44.1391 -3
      vertex 17 30.6391 -3
    endloop
  endfacet
  facet normal 0 0 -1
    outer loop
      vertex 19.9553 13.3337 -3
      vertex 17 21.6848 -3
      vertex 17 25.3609 -3
    endloop
  endfacet
  facet normal 0 0 -1
    outer loop
      vertex 16.9706 16.9706 -3
      vertex 17 21.6848 -3
      vertex 18.5522 15.2254 -3
    endloop
  endfacet
  facet normal 0 0 -1
    outer loop
      vertex 15.2254 18.5522 -3
      vertex 17 21.6848 -3
      vertex 16.9706 16.9706 -3
    endloop
  endfacet
  facet normal 0 0 -1
    outer loop
      vertex 13.3337 19.9553 -3
      vertex 17 21.6848 -3
      vertex 15.2254 18.5522 -3
    endloop
  endfacet
  facet normal 0 0 -1
    outer loop
      vertex 13 20.1553 -3
      vertex 17 21.6848 -3
      vertex 13.3337 19.9553 -3
    endloop
  endfacet
  facet normal 0 0 -1
    outer loop
      vertex -13 20.1553 -3
      vertex 13 20.1553 -3
      vertex -13 15.1773 -3
    endloop
  endfacet
  facet normal 0 0 -1
    outer loop
      vertex -15.4409 21.6848 -3
      vertex 13 20.1553 -3
      vertex -13 20.1553 -3
    endloop
  endfacet
  facet normal 0 0 -1
    outer loop
      vertex 13 20.1553 -3
      vertex -15.4409 21.6848 -3
      vertex 17 21.6848 -3
    endloop
  endfacet
  facet normal 0 0 -1
    outer loop
      vertex -13.3337 19.9553 -3
      vertex -15.4409 21.6848 -3
      vertex -13 20.1553 -3
    endloop
  endfacet
  facet normal 0 0 -1
    outer loop
      vertex -15.2254 18.5522 -3
      vertex -15.4409 21.6848 -3
      vertex -13.3337 19.9553 -3
    endloop
  endfacet
  facet normal 0 0 -1
    outer loop
      vertex -16.9706 16.9706 -3
      vertex -15.4409 21.6848 -3
      vertex -15.2254 18.5522 -3
    endloop
  endfacet
  facet normal 0 0 -1
    outer loop
      vertex -18.5522 15.2254 -3
      vertex -15.4409 21.6848 -3
      vertex -16.9706 16.9706 -3
    endloop
  endfacet
  facet normal 0 0 -1
    outer loop
      vertex -39.2308 7.94967 -3
      vertex -18.5522 15.2254 -3
      vertex -19.9553 13.3337 -3
    endloop
  endfacet
  facet normal 0 0 -1
    outer loop
      vertex -39.2308 7.94967 -3
      vertex -19.9553 13.3337 -3
      vertex -21.1661 11.3135 -3
    endloop
  endfacet
  facet normal -0 0 -1
    outer loop
      vertex -18.5522 15.2254 -3
      vertex -39.2308 7.94967 -3
      vertex -15.4409 21.6848 -3
    endloop
  endfacet
  facet normal -0 0 -1
    outer loop
      vertex -22.1731 9.1844 -3
      vertex -39.2308 7.94967 -3
      vertex -21.1661 11.3135 -3
    endloop
  endfacet
  facet normal 0 0 -1
    outer loop
      vertex -22.9666 6.96683 -3
      vertex -39.2308 7.94967 -3
      vertex -22.1731 9.1844 -3
    endloop
  endfacet
  facet normal 0 0 -1
    outer loop
      vertex -23.5388 4.68217 -3
      vertex -39.2308 7.94967 -3
      vertex -22.9666 6.96683 -3
    endloop
  endfacet
  facet normal 0 0 -1
    outer loop
      vertex -23.8844 2.35241 -3
      vertex -39.2308 7.94967 -3
      vertex -23.5388 4.68217 -3
    endloop
  endfacet
  facet normal 0 0 -1
    outer loop
      vertex -39.2308 7.94967 -3
      vertex -23.8844 2.35241 -3
      vertex -23.9012 2.01046 -3
    endloop
  endfacet
  facet normal 0 0 -1
    outer loop
      vertex 20.7043 44.1391 -3
      vertex 22 48 -3
      vertex 22 44.1391 -3
    endloop
  endfacet
  facet normal 0 0 -1
    outer loop
      vertex 20.5 49.5 -3
      vertex 22 48 -3
      vertex 20.7043 44.1391 -3
    endloop
  endfacet
  facet normal 0 0 -1
    outer loop
      vertex 22 48 -3
      vertex 20.647 49.4928 -3
      vertex 21.9928 48.147 -3
    endloop
  endfacet
  facet normal 0 0 -1
    outer loop
      vertex 21.9928 48.147 -3
      vertex 20.647 49.4928 -3
      vertex 21.9712 48.2926 -3
    endloop
  endfacet
  facet normal 0 0 -1
    outer loop
      vertex 21.9712 48.2926 -3
      vertex 20.647 49.4928 -3
      vertex 21.9354 48.4354 -3
    endloop
  endfacet
  facet normal 0 0 -1
    outer loop
      vertex 21.9354 48.4354 -3
      vertex 20.647 49.4928 -3
      vertex 21.8858 48.574 -3
    endloop
  endfacet
  facet normal 0 0 -1
    outer loop
      vertex 21.8858 48.574 -3
      vertex 20.647 49.4928 -3
      vertex 21.8229 48.7071 -3
    endloop
  endfacet
  facet normal 0 0 -1
    outer loop
      vertex 21.8229 48.7071 -3
      vertex 20.647 49.4928 -3
      vertex 21.7472 48.8334 -3
    endloop
  endfacet
  facet normal 0 0 -1
    outer loop
      vertex 21.7472 48.8334 -3
      vertex 20.647 49.4928 -3
      vertex 21.6595 48.9516 -3
    endloop
  endfacet
  facet normal 0 0 -1
    outer loop
      vertex 21.6595 48.9516 -3
      vertex 20.647 49.4928 -3
      vertex 21.5607 49.0607 -3
    endloop
  endfacet
  facet normal 0 0 -1
    outer loop
      vertex 21.5607 49.0607 -3
      vertex 20.647 49.4928 -3
      vertex 21.4516 49.1595 -3
    endloop
  endfacet
  facet normal 0 0 -1
    outer loop
      vertex 21.4516 49.1595 -3
      vertex 20.647 49.4928 -3
      vertex 21.3334 49.2472 -3
    endloop
  endfacet
  facet normal 0 0 -1
    outer loop
      vertex 21.3334 49.2472 -3
      vertex 20.647 49.4928 -3
      vertex 21.2071 49.3229 -3
    endloop
  endfacet
  facet normal 0 0 -1
    outer loop
      vertex 21.2071 49.3229 -3
      vertex 20.647 49.4928 -3
      vertex 21.074 49.3858 -3
    endloop
  endfacet
  facet normal 0 0 -1
    outer loop
      vertex 21.074 49.3858 -3
      vertex 20.647 49.4928 -3
      vertex 20.9354 49.4354 -3
    endloop
  endfacet
  facet normal 0 0 -1
    outer loop
      vertex 20.9354 49.4354 -3
      vertex 20.647 49.4928 -3
      vertex 20.7926 49.4712 -3
    endloop
  endfacet
  facet normal 0 0 -1
    outer loop
      vertex 21.1661 11.3135 -3
      vertex 17 25.3609 -3
      vertex 17 30.6391 -3
    endloop
  endfacet
  facet normal 0 0 -1
    outer loop
      vertex 14.8274 40.6821 -3
      vertex 20.7043 44.1391 -3
      vertex 17 34.3152 -3
    endloop
  endfacet
  facet normal 0 0 -1
    outer loop
      vertex 14.9423 42.4342 -3
      vertex 20.7043 44.1391 -3
      vertex 14.9784 41.994 -3
    endloop
  endfacet
  facet normal 0 0 -1
    outer loop
      vertex 14.8632 42.8686 -3
      vertex 20.7043 44.1391 -3
      vertex 14.9423 42.4342 -3
    endloop
  endfacet
  facet normal 0 0 -1
    outer loop
      vertex 14.7419 43.2933 -3
      vertex 20.7043 44.1391 -3
      vertex 14.8632 42.8686 -3
    endloop
  endfacet
  facet normal 0 0 -1
    outer loop
      vertex 14.5796 43.704 -3
      vertex 20.7043 44.1391 -3
      vertex 14.7419 43.2933 -3
    endloop
  endfacet
  facet normal 0 0 -1
    outer loop
      vertex 20.7043 44.1391 -3
      vertex 17.6092 49.5 -3
      vertex 20.5 49.5 -3
    endloop
  endfacet
  facet normal 0 0 -1
    outer loop
      vertex 14.3779 44.0968 -3
      vertex 20.7043 44.1391 -3
      vertex 14.5796 43.704 -3
    endloop
  endfacet
  facet normal -0 0 -1
    outer loop
      vertex 20.7043 44.1391 -3
      vertex 14.3779 44.0968 -3
      vertex 17.6092 49.5 -3
    endloop
  endfacet
  facet normal 0 0 -1
    outer loop
      vertex 14.3506 44.1391 -3
      vertex 17.6092 49.5 -3
      vertex 14.3779 44.0968 -3
    endloop
  endfacet
  facet normal 0 0 -1
    outer loop
      vertex 4.06234 44.1391 -3
      vertex 17.6092 49.5 -3
      vertex 14.3506 44.1391 -3
    endloop
  endfacet
  facet normal 0 0 -1
    outer loop
      vertex -16.6011 84.4864 -3
      vertex 4.06234 44.1391 -3
      vertex 3.80934 44.0391 -3
    endloop
  endfacet
  facet normal 0 0 -1
    outer loop
      vertex -3.69099 38.8609 -3
      vertex 2.10894 42.2237 -3
      vertex 2.10335 42.2062 -3
    endloop
  endfacet
  facet normal 0 0 -1
    outer loop
      vertex -3.69099 38.8609 -3
      vertex 2.2358 42.5163 -3
      vertex 2.10894 42.2237 -3
    endloop
  endfacet
  facet normal 0 0 -1
    outer loop
      vertex -3.69099 38.8609 -3
      vertex 2.39073 42.7951 -3
      vertex 2.2358 42.5163 -3
    endloop
  endfacet
  facet normal 0 0 -1
    outer loop
      vertex -3.69099 38.8609 -3
      vertex 2.57224 43.0573 -3
      vertex 2.39073 42.7951 -3
    endloop
  endfacet
  facet normal 0 0 -1
    outer loop
      vertex -3.69099 38.8609 -3
      vertex 2.77858 43.3005 -3
      vertex 2.57224 43.0573 -3
    endloop
  endfacet
  facet normal 0 0 -1
    outer loop
      vertex -3.69099 38.8609 -3
      vertex 3.00776 43.5223 -3
      vertex 2.77858 43.3005 -3
    endloop
  endfacet
  facet normal 0 0 -1
    outer loop
      vertex -16.6011 84.4864 -3
      vertex 3.00776 43.5223 -3
      vertex -3.69099 38.8609 -3
    endloop
  endfacet
  facet normal 0 0 -1
    outer loop
      vertex -16.6011 84.4864 -3
      vertex 17.6092 49.5 -3
      vertex 4.06234 44.1391 -3
    endloop
  endfacet
  facet normal 0 0 -1
    outer loop
      vertex -16.6011 84.4864 -3
      vertex 3.80934 44.0391 -3
      vertex 3.52564 43.8934 -3
    endloop
  endfacet
  facet normal 0 0 -1
    outer loop
      vertex -16.6011 84.4864 -3
      vertex 3.52564 43.8934 -3
      vertex 3.25758 43.7206 -3
    endloop
  endfacet
  facet normal 0 0 -1
    outer loop
      vertex -16.6011 84.4864 -3
      vertex 3.25758 43.7206 -3
      vertex 3.00776 43.5223 -3
    endloop
  endfacet
  facet normal 0 0 -1
    outer loop
      vertex -18.7046 87.4218 -3
      vertex -15.109 106.17 -3
      vertex -18.4119 87.2949 -3
    endloop
  endfacet
  facet normal 0 0 -1
    outer loop
      vertex -19.0082 87.5194 -3
      vertex -15.109 106.17 -3
      vertex -18.7046 87.4218 -3
    endloop
  endfacet
  facet normal 0 0 -1
    outer loop
      vertex -19.32 87.5867 -3
      vertex -15.109 106.17 -3
      vertex -19.0082 87.5194 -3
    endloop
  endfacet
  facet normal 0 0 -1
    outer loop
      vertex -19.6368 87.6232 -3
      vertex -15.109 106.17 -3
      vertex -19.32 87.5867 -3
    endloop
  endfacet
  facet normal 0 0 -1
    outer loop
      vertex -15.109 106.17 -3
      vertex -17.158 106.719 -3
      vertex -15.1888 106.293 -3
    endloop
  endfacet
  facet normal 0 0 -1
    outer loop
      vertex -15.1888 106.293 -3
      vertex -17.158 106.719 -3
      vertex -15.2803 106.409 -3
    endloop
  endfacet
  facet normal 0 0 -1
    outer loop
      vertex -15.3826 106.514 -3
      vertex -17.158 106.719 -3
      vertex -15.4949 106.61 -3
    endloop
  endfacet
  facet normal 0 0 -1
    outer loop
      vertex -15.4949 106.61 -3
      vertex -17.158 106.719 -3
      vertex -15.6159 106.693 -3
    endloop
  endfacet
  facet normal -0 0 -1
    outer loop
      vertex -15.7446 106.765 -3
      vertex -17.158 106.719 -3
      vertex -15.8796 106.823 -3
    endloop
  endfacet
  facet normal -0 0 -1
    outer loop
      vertex -15.8796 106.823 -3
      vertex -17.158 106.719 -3
      vertex -16.0198 106.868 -3
    endloop
  endfacet
  facet normal -0 0 -1
    outer loop
      vertex -16.1637 106.899 -3
      vertex -17.158 106.719 -3
      vertex -16.3099 106.916 -3
    endloop
  endfacet
  facet normal -0 0 -1
    outer loop
      vertex -16.3099 106.916 -3
      vertex -17.158 106.719 -3
      vertex -16.4571 106.919 -3
    endloop
  endfacet
  facet normal 0 0 -1
    outer loop
      vertex -16.6038 106.907 -3
      vertex -17.158 106.719 -3
      vertex -16.7486 106.88 -3
    endloop
  endfacet
  facet normal 0 0 -1
    outer loop
      vertex -16.7486 106.88 -3
      vertex -17.158 106.719 -3
      vertex -16.8902 106.84 -3
    endloop
  endfacet
  facet normal 0 0 -1
    outer loop
      vertex -16.8902 106.84 -3
      vertex -17.158 106.719 -3
      vertex -17.0271 106.786 -3
    endloop
  endfacet
  facet normal 0 0 -1
    outer loop
      vertex -16.4571 106.919 -3
      vertex -17.158 106.719 -3
      vertex -16.6038 106.907 -3
    endloop
  endfacet
  facet normal -0 0 -1
    outer loop
      vertex -16.0198 106.868 -3
      vertex -17.158 106.719 -3
      vertex -16.1637 106.899 -3
    endloop
  endfacet
  facet normal 0 0 -1
    outer loop
      vertex -15.6159 106.693 -3
      vertex -17.158 106.719 -3
      vertex -15.7446 106.765 -3
    endloop
  endfacet
  facet normal 0 0 -1
    outer loop
      vertex -15.2803 106.409 -3
      vertex -17.158 106.719 -3
      vertex -15.3826 106.514 -3
    endloop
  endfacet
  facet normal -0 0 -1
    outer loop
      vertex -15.109 106.17 -3
      vertex -19.6368 87.6232 -3
      vertex -17.158 106.719 -3
    endloop
  endfacet
  facet normal 0 0 -1
    outer loop
      vertex -19.9557 87.6284 -3
      vertex -17.158 106.719 -3
      vertex -19.6368 87.6232 -3
    endloop
  endfacet
  facet normal 0 0 -1
    outer loop
      vertex -20.2736 87.6023 -3
      vertex -17.158 106.719 -3
      vertex -19.9557 87.6284 -3
    endloop
  endfacet
  facet normal 0 0 -1
    outer loop
      vertex -20.5874 87.5452 -3
      vertex -17.158 106.719 -3
      vertex -20.2736 87.6023 -3
    endloop
  endfacet
  facet normal 0 0 -1
    outer loop
      vertex -20.894 87.4576 -3
      vertex -17.158 106.719 -3
      vertex -20.5874 87.5452 -3
    endloop
  endfacet
  facet normal 0 0 -1
    outer loop
      vertex -21.1907 87.3404 -3
      vertex -17.158 106.719 -3
      vertex -20.894 87.4576 -3
    endloop
  endfacet
  facet normal 0 0 -1
    outer loop
      vertex -21.4744 87.1947 -3
      vertex -17.158 106.719 -3
      vertex -21.1907 87.3404 -3
    endloop
  endfacet
  facet normal 0 0 -1
    outer loop
      vertex -21.7424 87.0219 -3
      vertex -17.158 106.719 -3
      vertex -21.4744 87.1947 -3
    endloop
  endfacet
  facet normal 0 0 -1
    outer loop
      vertex -21.9922 86.8236 -3
      vertex -17.158 106.719 -3
      vertex -21.7424 87.0219 -3
    endloop
  endfacet
  facet normal 0 0 -1
    outer loop
      vertex -22.2214 86.6018 -3
      vertex -17.158 106.719 -3
      vertex -21.9922 86.8236 -3
    endloop
  endfacet
  facet normal 0 0 -1
    outer loop
      vertex -22.4278 86.3586 -3
      vertex -17.158 106.719 -3
      vertex -22.2214 86.6018 -3
    endloop
  endfacet
  facet normal 0 0 -1
    outer loop
      vertex -22.6093 86.0963 -3
      vertex -17.158 106.719 -3
      vertex -22.4278 86.3586 -3
    endloop
  endfacet
  facet normal 0 0 -1
    outer loop
      vertex -22.7642 85.8175 -3
      vertex -17.158 106.719 -3
      vertex -22.6093 86.0963 -3
    endloop
  endfacet
  facet normal 0 0 -1
    outer loop
      vertex -62.9381 62.6231 -3
      vertex -22.7642 85.8175 -3
      vertex -22.8911 85.5249 -3
    endloop
  endfacet
  facet normal 0 0 -1
    outer loop
      vertex -62.6212 62.5867 -3
      vertex -22.8911 85.5249 -3
      vertex -22.9886 85.2213 -3
    endloop
  endfacet
  facet normal 0 0 -1
    outer loop
      vertex -60.3361 61.0051 -3
      vertex -22.6639 82.7551 -3
      vertex -60.1903 60.7214 -3
    endloop
  endfacet
  facet normal -0 0 -1
    outer loop
      vertex -22.6639 82.7551 -3
      vertex -60.3361 61.0051 -3
      vertex -22.8097 83.0388 -3
    endloop
  endfacet
  facet normal 0 0 -1
    outer loop
      vertex -60.5089 61.2732 -3
      vertex -22.8097 83.0388 -3
      vertex -60.3361 61.0051 -3
    endloop
  endfacet
  facet normal 0 0 -1
    outer loop
      vertex -37.9381 19.3219 -3
      vertex -17 34.3152 -3
      vertex -37.6212 19.2854 -3
    endloop
  endfacet
  facet normal 0 0 -1
    outer loop
      vertex -38.257 19.3271 -3
      vertex -17 34.3152 -3
      vertex -37.9381 19.3219 -3
    endloop
  endfacet
  facet normal -0 0 -1
    outer loop
      vertex -17 34.3152 -3
      vertex -38.257 19.3271 -3
      vertex -59.9024 59.4864 -3
    endloop
  endfacet
  facet normal 0 0 -1
    outer loop
      vertex -59.9024 59.4864 -3
      vertex -38.257 19.3271 -3
      vertex -38.5748 19.301 -3
    endloop
  endfacet
  facet normal 0 0 -1
    outer loop
      vertex -59.9024 59.4864 -3
      vertex -38.5748 19.301 -3
      vertex -38.8886 19.2439 -3
    endloop
  endfacet
  facet normal 0 0 -1
    outer loop
      vertex -59.9024 59.4864 -3
      vertex -38.8886 19.2439 -3
      vertex -39.1953 19.1564 -3
    endloop
  endfacet
  facet normal 0 0 -1
    outer loop
      vertex -59.9024 59.4864 -3
      vertex -39.1953 19.1564 -3
      vertex -39.4919 19.0391 -3
    endloop
  endfacet
  facet normal 0 0 -1
    outer loop
      vertex -59.9024 59.4864 -3
      vertex -39.4919 19.0391 -3
      vertex -39.7756 18.8934 -3
    endloop
  endfacet
  facet normal 0 0 -1
    outer loop
      vertex -59.9024 59.4864 -3
      vertex -39.7756 18.8934 -3
      vertex -40.0437 18.7206 -3
    endloop
  endfacet
  facet normal 0 0 -1
    outer loop
      vertex -59.9024 59.4864 -3
      vertex -40.0437 18.7206 -3
      vertex -40.2935 18.5223 -3
    endloop
  endfacet
  facet normal 0 0 -1
    outer loop
      vertex -59.9024 59.4864 -3
      vertex -40.2935 18.5223 -3
      vertex -40.5227 18.3005 -3
    endloop
  endfacet
  facet normal 0 0 -1
    outer loop
      vertex -43.7308 15.7439 -3
      vertex -40.5227 18.3005 -3
      vertex -40.729 18.0573 -3
    endloop
  endfacet
  facet normal 0 0 -1
    outer loop
      vertex -43.7308 15.7439 -3
      vertex -40.729 18.0573 -3
      vertex -40.9105 17.7951 -3
    endloop
  endfacet
  facet normal 0 0 -1
    outer loop
      vertex -43.7308 15.7439 -3
      vertex -40.9105 17.7951 -3
      vertex -41.0655 17.5163 -3
    endloop
  endfacet
  facet normal 0 0 -1
    outer loop
      vertex -43.7308 15.7439 -3
      vertex -41.0655 17.5163 -3
      vertex -41.1923 17.2236 -3
    endloop
  endfacet
  facet normal 0 0 -1
    outer loop
      vertex -43.7308 15.7439 -3
      vertex -41.1923 17.2236 -3
      vertex -41.1979 17.2062 -3
    endloop
  endfacet
  facet normal -0 0 -1
    outer loop
      vertex -40.5227 18.3005 -3
      vertex -43.7308 15.7439 -3
      vertex -59.9024 59.4864 -3
    endloop
  endfacet
  facet normal -0 0 -1
    outer loop
      vertex -22.8097 83.0388 -3
      vertex -60.5089 61.2732 -3
      vertex -22.9269 83.3354 -3
    endloop
  endfacet
  facet normal 0 0 -1
    outer loop
      vertex -59.9024 59.4864 -3
      vertex -43.7308 15.7439 -3
      vertex -44.1019 15.5046 -3
    endloop
  endfacet
  facet normal 0 0 -1
    outer loop
      vertex -59.9024 59.4864 -3
      vertex -44.1019 15.5046 -3
      vertex -44.4478 15.2301 -3
    endloop
  endfacet
  facet normal 0 0 -1
    outer loop
      vertex -59.9024 59.4864 -3
      vertex -44.4478 15.2301 -3
      vertex -44.7651 14.923 -3
    endloop
  endfacet
  facet normal 0 0 -1
    outer loop
      vertex -59.9024 59.4864 -3
      vertex -44.7651 14.923 -3
      vertex -45.0508 14.5862 -3
    endloop
  endfacet
  facet normal 0 0 -1
    outer loop
      vertex -59.9024 59.4864 -3
      vertex -45.0508 14.5862 -3
      vertex -45.3022 14.2231 -3
    endloop
  endfacet
  facet normal 0 0 -1
    outer loop
      vertex -59.9024 59.4864 -3
      vertex -45.3022 14.2231 -3
      vertex -45.5167 13.8371 -3
    endloop
  endfacet
  facet normal 0 0 -1
    outer loop
      vertex -59.9024 59.4864 -3
      vertex -45.5167 13.8371 -3
      vertex -45.6923 13.4319 -3
    endloop
  endfacet
  facet normal 0 0 -1
    outer loop
      vertex -59.9024 59.4864 -3
      vertex -45.6923 13.4319 -3
      vertex -45.8274 13.0115 -3
    endloop
  endfacet
  facet normal 0 0 -1
    outer loop
      vertex -59.9024 59.4864 -3
      vertex -45.9711 12.1411 -3
      vertex -45.9784 11.6996 -3
    endloop
  endfacet
  facet normal 0 0 -1
    outer loop
      vertex -59.9024 59.4864 -3
      vertex -45.9207 12.5798 -3
      vertex -45.9711 12.1411 -3
    endloop
  endfacet
  facet normal 0 0 -1
    outer loop
      vertex -59.9024 59.4864 -3
      vertex -45.8274 13.0115 -3
      vertex -45.9207 12.5798 -3
    endloop
  endfacet
  facet normal 0 0 -1
    outer loop
      vertex -60.7072 61.523 -3
      vertex -22.9269 83.3354 -3
      vertex -60.5089 61.2732 -3
    endloop
  endfacet
  facet normal -0 0 -1
    outer loop
      vertex -22.9269 83.3354 -3
      vertex -60.7072 61.523 -3
      vertex -23.0145 83.6421 -3
    endloop
  endfacet
  facet normal 0 0 -1
    outer loop
      vertex -60.929 61.7522 -3
      vertex -23.0145 83.6421 -3
      vertex -60.7072 61.523 -3
    endloop
  endfacet
  facet normal -0 0 -1
    outer loop
      vertex -23.0145 83.6421 -3
      vertex -60.929 61.7522 -3
      vertex -23.0716 83.9559 -3
    endloop
  endfacet
  facet normal 0 0 -1
    outer loop
      vertex -61.1722 61.9585 -3
      vertex -23.0716 83.9559 -3
      vertex -60.929 61.7522 -3
    endloop
  endfacet
  facet normal -0 0 -1
    outer loop
      vertex -23.0716 83.9559 -3
      vertex -61.1722 61.9585 -3
      vertex -23.0976 84.2738 -3
    endloop
  endfacet
  facet normal 0 0 -1
    outer loop
      vertex -61.4344 62.14 -3
      vertex -23.0976 84.2738 -3
      vertex -61.1722 61.9585 -3
    endloop
  endfacet
  facet normal -0 0 -1
    outer loop
      vertex -23.0976 84.2738 -3
      vertex -61.4344 62.14 -3
      vertex -23.0924 84.5927 -3
    endloop
  endfacet
  facet normal 0 0 -1
    outer loop
      vertex -61.7132 62.2949 -3
      vertex -23.0924 84.5927 -3
      vertex -61.4344 62.14 -3
    endloop
  endfacet
  facet normal -0 0 -1
    outer loop
      vertex -23.0924 84.5927 -3
      vertex -61.7132 62.2949 -3
      vertex -23.056 84.9095 -3
    endloop
  endfacet
  facet normal 0 0 -1
    outer loop
      vertex -62.0058 62.4218 -3
      vertex -23.056 84.9095 -3
      vertex -61.7132 62.2949 -3
    endloop
  endfacet
  facet normal -0 0 -1
    outer loop
      vertex -23.056 84.9095 -3
      vertex -62.0058 62.4218 -3
      vertex -22.9886 85.2213 -3
    endloop
  endfacet
  facet normal 0 0 -1
    outer loop
      vertex -62.3095 62.5194 -3
      vertex -22.9886 85.2213 -3
      vertex -62.0058 62.4218 -3
    endloop
  endfacet
  facet normal 0 0 -1
    outer loop
      vertex -62.6212 62.5867 -3
      vertex -22.9886 85.2213 -3
      vertex -62.3095 62.5194 -3
    endloop
  endfacet
  facet normal 0 0 -1
    outer loop
      vertex -22.8911 85.5249 -3
      vertex -62.6212 62.5867 -3
      vertex -62.9381 62.6231 -3
    endloop
  endfacet
  facet normal -0 0 -1
    outer loop
      vertex -22.7642 85.8175 -3
      vertex -62.9381 62.6231 -3
      vertex -17.158 106.719 -3
    endloop
  endfacet
  facet normal 0 0 -1
    outer loop
      vertex -63.257 62.6284 -3
      vertex -17.158 106.719 -3
      vertex -62.9381 62.6231 -3
    endloop
  endfacet
  facet normal 0 0 -1
    outer loop
      vertex -83.842 68.2186 -3
      vertex -63.257 62.6284 -3
      vertex -63.5748 62.6023 -3
    endloop
  endfacet
  facet normal 0 0 -1
    outer loop
      vertex -83.842 68.2186 -3
      vertex -63.5748 62.6023 -3
      vertex -63.8886 62.5452 -3
    endloop
  endfacet
  facet normal 0 0 -1
    outer loop
      vertex -83.842 68.2186 -3
      vertex -63.8886 62.5452 -3
      vertex -64.1953 62.4576 -3
    endloop
  endfacet
  facet normal 0 0 -1
    outer loop
      vertex -83.842 68.2186 -3
      vertex -64.1953 62.4576 -3
      vertex -64.4919 62.3404 -3
    endloop
  endfacet
  facet normal 0 0 -1
    outer loop
      vertex -83.842 68.2186 -3
      vertex -64.4919 62.3404 -3
      vertex -64.7756 62.1947 -3
    endloop
  endfacet
  facet normal 0 0 -1
    outer loop
      vertex -83.842 68.2186 -3
      vertex -64.7756 62.1947 -3
      vertex -65.0437 62.0219 -3
    endloop
  endfacet
  facet normal 0 0 -1
    outer loop
      vertex -83.842 68.2186 -3
      vertex -65.0437 62.0219 -3
      vertex -65.2935 61.8236 -3
    endloop
  endfacet
  facet normal 0 0 -1
    outer loop
      vertex -63.257 62.6284 -3
      vertex -83.842 68.2186 -3
      vertex -17.158 106.719 -3
    endloop
  endfacet
  facet normal 0 0 -1
    outer loop
      vertex -65.5227 61.6018 -3
      vertex -83.842 68.2186 -3
      vertex -65.2935 61.8236 -3
    endloop
  endfacet
  facet normal 0 0 -1
    outer loop
      vertex -65.729 61.3586 -3
      vertex -83.842 68.2186 -3
      vertex -65.5227 61.6018 -3
    endloop
  endfacet
  facet normal 0 0 -1
    outer loop
      vertex -65.9105 61.0963 -3
      vertex -83.842 68.2186 -3
      vertex -65.729 61.3586 -3
    endloop
  endfacet
  facet normal 0 0 -1
    outer loop
      vertex -66.0655 60.8175 -3
      vertex -83.842 68.2186 -3
      vertex -65.9105 61.0963 -3
    endloop
  endfacet
  facet normal 0 0 -1
    outer loop
      vertex -66.1923 60.5249 -3
      vertex -83.842 68.2186 -3
      vertex -66.0655 60.8175 -3
    endloop
  endfacet
  facet normal 0 0 -1
    outer loop
      vertex -66.2899 60.2213 -3
      vertex -83.842 68.2186 -3
      vertex -66.1923 60.5249 -3
    endloop
  endfacet
  facet normal 0 0 -1
    outer loop
      vertex -66.3572 59.9095 -3
      vertex -83.842 68.2186 -3
      vertex -66.2899 60.2213 -3
    endloop
  endfacet
  facet normal 0 0 -1
    outer loop
      vertex -66.3937 59.5927 -3
      vertex -83.842 68.2186 -3
      vertex -66.3572 59.9095 -3
    endloop
  endfacet
  facet normal 0 0 -1
    outer loop
      vertex -83.842 68.2186 -3
      vertex -66.3937 59.5927 -3
      vertex -66.3989 59.2738 -3
    endloop
  endfacet
  facet normal 0.961575 0.274542 0
    outer loop
      vertex 53.5528 -12.8853 3
      vertex 53.5124 -12.7438 -3
      vertex 53.5124 -12.7438 3
    endloop
  endfacet
  facet normal 0.961575 0.274542 0
    outer loop
      vertex 53.5124 -12.7438 -3
      vertex 53.5528 -12.8853 3
      vertex 53.5528 -12.8853 -3
    endloop
  endfacet
  facet normal 0.456703 -0.889619 0
    outer loop
      vertex -13.9729 -53.0922 -3
      vertex -13.842 -53.025 3
      vertex -13.9729 -53.0922 3
    endloop
  endfacet
  facet normal 0.456703 -0.889619 0
    outer loop
      vertex -13.842 -53.025 3
      vertex -13.9729 -53.0922 -3
      vertex -13.842 -53.025 -3
    endloop
  endfacet
  facet normal 0.394741 0.918793 -0
    outer loop
      vertex -15.7446 106.765 -3
      vertex -15.8796 106.823 3
      vertex -15.7446 106.765 3
    endloop
  endfacet
  facet normal 0.394741 0.918793 0
    outer loop
      vertex -15.8796 106.823 3
      vertex -15.7446 106.765 -3
      vertex -15.8796 106.823 -3
    endloop
  endfacet
  facet normal -0.500004 0.866023 0
    outer loop
      vertex -17.158 106.719 -3
      vertex -83.842 68.2186 3
      vertex -17.158 106.719 3
    endloop
  endfacet
  facet normal -0.500004 0.866023 0
    outer loop
      vertex -83.842 68.2186 3
      vertex -17.158 106.719 -3
      vertex -83.842 68.2186 -3
    endloop
  endfacet
  facet normal -0.455626 0.890171 0
    outer loop
      vertex -17.0271 106.786 -3
      vertex -17.158 106.719 3
      vertex -17.0271 106.786 3
    endloop
  endfacet
  facet normal -0.455626 0.890171 0
    outer loop
      vertex -17.158 106.719 3
      vertex -17.0271 106.786 -3
      vertex -17.158 106.719 -3
    endloop
  endfacet
  facet normal 0.866027 0.499997 0
    outer loop
      vertex 17.6092 49.5 3
      vertex -15.109 106.17 -3
      vertex -15.109 106.17 3
    endloop
  endfacet
  facet normal 0.866027 0.499997 0
    outer loop
      vertex -15.109 106.17 -3
      vertex 17.6092 49.5 3
      vertex 17.6092 49.5 -3
    endloop
  endfacet
  facet normal 0.866858 0.498556 0
    outer loop
      vertex 19.9297 45.4807 0.392068
      vertex 19.9297 45.4807 -0.392068
      vertex 19.9186 45.5 0
    endloop
  endfacet
  facet normal 0.865735 0.500503 0
    outer loop
      vertex 19.963 45.4231 0.780361
      vertex 19.9297 45.4807 -0.392068
      vertex 19.9297 45.4807 0.392068
    endloop
  endfacet
  facet normal 0.865735 0.500503 0
    outer loop
      vertex 19.963 45.4231 0.780361
      vertex 19.963 45.4231 -0.780361
      vertex 19.9297 45.4807 -0.392068
    endloop
  endfacet
  facet normal 0.86611 0.499854 0
    outer loop
      vertex 20.018 45.3278 1.16114
      vertex 19.963 45.4231 -0.780361
      vertex 19.963 45.4231 0.780361
    endloop
  endfacet
  facet normal 0.86611 0.499854 0
    outer loop
      vertex 20.018 45.3278 1.16114
      vertex 20.018 45.3278 -1.16114
      vertex 19.963 45.4231 -0.780361
    endloop
  endfacet
  facet normal 0.865978 0.500081 0
    outer loop
      vertex 20.0944 45.1955 1.53073
      vertex 20.018 45.3278 -1.16114
      vertex 20.018 45.3278 1.16114
    endloop
  endfacet
  facet normal 0.865978 0.500081 0
    outer loop
      vertex 20.0944 45.1955 1.53073
      vertex 20.0944 45.1955 -1.53073
      vertex 20.018 45.3278 -1.16114
    endloop
  endfacet
  facet normal 0.865979 0.50008 0
    outer loop
      vertex 20.1913 45.0277 1.88559
      vertex 20.0944 45.1955 -1.53073
      vertex 20.0944 45.1955 1.53073
    endloop
  endfacet
  facet normal 0.865979 0.50008 0
    outer loop
      vertex 20.1913 45.0277 1.88559
      vertex 20.1913 45.0277 -1.88559
      vertex 20.0944 45.1955 -1.53073
    endloop
  endfacet
  facet normal 0.866043 0.49997 0
    outer loop
      vertex 20.3078 44.8259 2.22228
      vertex 20.1913 45.0277 -1.88559
      vertex 20.1913 45.0277 1.88559
    endloop
  endfacet
  facet normal 0.866043 0.49997 0
    outer loop
      vertex 20.3078 44.8259 2.22228
      vertex 20.3078 44.8259 -2.22228
      vertex 20.1913 45.0277 -1.88559
    endloop
  endfacet
  facet normal 0.866093 0.499883 0
    outer loop
      vertex 20.4428 44.592 2.53757
      vertex 20.3078 44.8259 -2.22228
      vertex 20.3078 44.8259 2.22228
    endloop
  endfacet
  facet normal 0.866093 0.499883 0
    outer loop
      vertex 20.4428 44.592 2.53757
      vertex 20.4428 44.592 -2.53757
      vertex 20.3078 44.8259 -2.22228
    endloop
  endfacet
  facet normal 0.86601 0.500027 1.76127e-06
    outer loop
      vertex 20.7043 44.1391 3
      vertex 20.4428 44.592 2.53757
      vertex 20.595 44.3284 2.82843
    endloop
  endfacet
  facet normal 0.86601 0.500026 0
    outer loop
      vertex 20.4428 44.592 2.53757
      vertex 20.7043 44.1391 3
      vertex 20.4428 44.592 -2.53757
    endloop
  endfacet
  facet normal 0.86601 0.500026 -0
    outer loop
      vertex 20.7043 44.1391 -3
      vertex 20.4428 44.592 -2.53757
      vertex 20.7043 44.1391 3
    endloop
  endfacet
  facet normal 0.86601 0.500027 -1.76127e-06
    outer loop
      vertex 20.4428 44.592 -2.53757
      vertex 20.7043 44.1391 -3
      vertex 20.595 44.3284 -2.82843
    endloop
  endfacet
  facet normal 0.866026 0.5 0
    outer loop
      vertex 53.391 -12.476 3
      vertex 20.7043 44.1391 -3
      vertex 20.7043 44.1391 3
    endloop
  endfacet
  facet normal 0.866026 0.5 0
    outer loop
      vertex 20.7043 44.1391 -3
      vertex 53.391 -12.476 3
      vertex 53.391 -12.476 -3
    endloop
  endfacet
  facet normal -0.762509 0.646977 0
    outer loop
      vertex -84.282 67.8327 -3
      vertex -84.1868 67.9449 3
      vertex -84.1868 67.9449 -3
    endloop
  endfacet
  facet normal -0.762509 0.646977 0
    outer loop
      vertex -84.1868 67.9449 3
      vertex -84.282 67.8327 -3
      vertex -84.282 67.8327 3
    endloop
  endfacet
  facet normal -0.485643 -0.874157 0
    outer loop
      vertex -15.3841 -52.9998 -3
      vertex -15.2554 -53.0713 3
      vertex -15.3841 -52.9998 3
    endloop
  endfacet
  facet normal -0.485643 -0.874157 -0
    outer loop
      vertex -15.2554 -53.0713 3
      vertex -15.3841 -52.9998 -3
      vertex -15.2554 -53.0713 -3
    endloop
  endfacet
  facet normal -0.999867 0.0163022 0
    outer loop
      vertex -84.5912 66.8704 -3
      vertex -84.5888 67.0176 3
      vertex -84.5888 67.0176 -3
    endloop
  endfacet
  facet normal -0.999867 0.0163022 0
    outer loop
      vertex -84.5888 67.0176 3
      vertex -84.5912 66.8704 -3
      vertex -84.5912 66.8704 3
    endloop
  endfacet
  facet normal -0.917663 0.39736 0
    outer loop
      vertex -84.4958 67.4479 -3
      vertex -84.4373 67.583 3
      vertex -84.4373 67.583 -3
    endloop
  endfacet
  facet normal -0.917663 0.39736 0
    outer loop
      vertex -84.4373 67.583 3
      vertex -84.4958 67.4479 -3
      vertex -84.4958 67.4479 3
    endloop
  endfacet
  facet normal 0.5 -0.866026 0
    outer loop
      vertex -9.94486 -50.775 -4.5
      vertex 48.9449 -16.775 -3
      vertex -9.94486 -50.775 -3
    endloop
  endfacet
  facet normal 0.5 -0.866026 0
    outer loop
      vertex 48.9449 -16.775 -3
      vertex -9.94486 -50.775 -4.5
      vertex 48.9449 -16.775 -4.5
    endloop
  endfacet
  facet normal 0.499998 -0.866027 0
    outer loop
      vertex -9.94486 -50.775 -3
      vertex -9.94486 -50.775 3
      vertex -13.842 -53.025 3
    endloop
  endfacet
  facet normal 0.5 -0.866026 0
    outer loop
      vertex -9.94486 -50.775 3
      vertex -9.94486 -50.775 -3
      vertex 48.9449 -16.775 3
    endloop
  endfacet
  facet normal 0.499998 -0.866027 0
    outer loop
      vertex -9.94486 -50.775 -3
      vertex -13.842 -53.025 3
      vertex -13.842 -53.025 -3
    endloop
  endfacet
  facet normal 0.5 -0.866026 0
    outer loop
      vertex 48.9449 -16.775 -3
      vertex 48.9449 -16.775 3
      vertex -9.94486 -50.775 -3
    endloop
  endfacet
  facet normal 0.500001 -0.866025 0
    outer loop
      vertex 48.9449 -16.775 3
      vertex 48.9449 -16.775 -3
      vertex 52.842 -14.525 3
    endloop
  endfacet
  facet normal 0.500001 -0.866025 0
    outer loop
      vertex 52.842 -14.525 3
      vertex 48.9449 -16.775 -3
      vertex 52.842 -14.525 -3
    endloop
  endfacet
  facet normal 0.5 -0.866026 0
    outer loop
      vertex -9.94486 -50.775 3
      vertex 48.9449 -16.775 4.5
      vertex -9.94486 -50.775 4.5
    endloop
  endfacet
  facet normal 0.5 -0.866026 0
    outer loop
      vertex 48.9449 -16.775 4.5
      vertex -9.94486 -50.775 3
      vertex 48.9449 -16.775 3
    endloop
  endfacet
  facet normal -0.0815273 0.996671 0
    outer loop
      vertex -16.4571 106.919 -3
      vertex -16.6038 106.907 3
      vertex -16.4571 106.919 3
    endloop
  endfacet
  facet normal -0.0815273 0.996671 0
    outer loop
      vertex -16.6038 106.907 3
      vertex -16.4571 106.919 -3
      vertex -16.6038 106.907 -3
    endloop
  endfacet
  facet normal -0.866025 -0.5 0
    outer loop
      vertex -15.891 -52.476 -3
      vertex -84.391 66.1695 3
      vertex -84.391 66.1695 -3
    endloop
  endfacet
  facet normal -0.866025 -0.5 0
    outer loop
      vertex -84.391 66.1695 3
      vertex -15.891 -52.476 -3
      vertex -15.891 -52.476 3
    endloop
  endfacet
  facet normal 0.822094 -0.569351 0
    outer loop
      vertex 53.282 -14.1391 3
      vertex 53.3658 -14.0181 -3
      vertex 53.3658 -14.0181 3
    endloop
  endfacet
  facet normal 0.822094 -0.569351 0
    outer loop
      vertex 53.3658 -14.0181 -3
      vertex 53.282 -14.1391 3
      vertex 53.282 -14.1391 -3
    endloop
  endfacet
  facet normal -0.271848 0.96234 0
    outer loop
      vertex -16.7486 106.88 -3
      vertex -16.8902 106.84 3
      vertex -16.7486 106.88 3
    endloop
  endfacet
  facet normal -0.271848 0.96234 0
    outer loop
      vertex -16.8902 106.84 3
      vertex -16.7486 106.88 -3
      vertex -16.8902 106.84 -3
    endloop
  endfacet
  facet normal 0.488232 0.872714 -0
    outer loop
      vertex -15.6159 106.693 -3
      vertex -15.7446 106.765 3
      vertex -15.6159 106.693 3
    endloop
  endfacet
  facet normal 0.488232 0.872714 0
    outer loop
      vertex -15.7446 106.765 3
      vertex -15.6159 106.693 -3
      vertex -15.7446 106.765 -3
    endloop
  endfacet
  facet normal -0.366934 0.930247 0
    outer loop
      vertex -16.8902 106.84 -3
      vertex -17.0271 106.786 3
      vertex -16.8902 106.84 3
    endloop
  endfacet
  facet normal -0.366934 0.930247 0
    outer loop
      vertex -17.0271 106.786 3
      vertex -16.8902 106.84 -3
      vertex -17.0271 106.786 -3
    endloop
  endfacet
  facet normal 0.0203762 0.999792 -0
    outer loop
      vertex -16.3099 106.916 -3
      vertex -16.4571 106.919 3
      vertex -16.3099 106.916 3
    endloop
  endfacet
  facet normal 0.0203762 0.999792 0
    outer loop
      vertex -16.4571 106.919 3
      vertex -16.3099 106.916 -3
      vertex -16.4571 106.919 -3
    endloop
  endfacet
  facet normal 0.115501 0.993307 -0
    outer loop
      vertex -16.1637 106.899 -3
      vertex -16.3099 106.916 3
      vertex -16.1637 106.899 3
    endloop
  endfacet
  facet normal 0.115501 0.993307 0
    outer loop
      vertex -16.3099 106.916 3
      vertex -16.1637 106.899 -3
      vertex -16.3099 106.916 -3
    endloop
  endfacet
  facet normal -0.993394 0.114753 0
    outer loop
      vertex -84.5888 67.0176 -3
      vertex -84.5719 67.1639 3
      vertex -84.5719 67.1639 -3
    endloop
  endfacet
  facet normal -0.993394 0.114753 0
    outer loop
      vertex -84.5719 67.1639 3
      vertex -84.5888 67.0176 -3
      vertex -84.5888 67.0176 3
    endloop
  endfacet
  facet normal -0.11416 -0.993462 0
    outer loop
      vertex -14.8363 -53.2059 -3
      vertex -14.6901 -53.2227 3
      vertex -14.8363 -53.2059 3
    endloop
  endfacet
  facet normal -0.11416 -0.993462 -0
    outer loop
      vertex -14.6901 -53.2227 3
      vertex -14.8363 -53.2059 -3
      vertex -14.6901 -53.2227 -3
    endloop
  endfacet
  facet normal -0.930015 -0.367522 0
    outer loop
      vertex -84.4583 66.3005 -3
      vertex -84.5124 66.4374 3
      vertex -84.5124 66.4374 -3
    endloop
  endfacet
  facet normal -0.930015 -0.367522 0
    outer loop
      vertex -84.5124 66.4374 3
      vertex -84.4583 66.3005 -3
      vertex -84.4583 66.3005 3
    endloop
  endfacet
  facet normal -0.822314 0.569033 0
    outer loop
      vertex -84.3658 67.7116 -3
      vertex -84.282 67.8327 3
      vertex -84.282 67.8327 -3
    endloop
  endfacet
  facet normal -0.822314 0.569033 0
    outer loop
      vertex -84.282 67.8327 3
      vertex -84.3658 67.7116 -3
      vertex -84.3658 67.7116 3
    endloop
  endfacet
  facet normal 0.649787 0.760116 -0
    outer loop
      vertex -15.3826 106.514 -3
      vertex -15.4949 106.61 3
      vertex -15.3826 106.514 3
    endloop
  endfacet
  facet normal 0.649787 0.760116 0
    outer loop
      vertex -15.4949 106.61 3
      vertex -15.3826 106.514 -3
      vertex -15.4949 106.61 -3
    endloop
  endfacet
  facet normal -0.647037 -0.762458 0
    outer loop
      vertex -15.6174 -52.8207 -3
      vertex -15.5051 -52.916 3
      vertex -15.6174 -52.8207 3
    endloop
  endfacet
  facet normal -0.647037 -0.762458 -0
    outer loop
      vertex -15.5051 -52.916 3
      vertex -15.6174 -52.8207 -3
      vertex -15.5051 -52.916 -3
    endloop
  endfacet
  facet normal 0.999867 -0.0163022 0
    outer loop
      vertex 53.5888 -13.3241 3
      vertex 53.5912 -13.1769 -3
      vertex 53.5912 -13.1769 3
    endloop
  endfacet
  facet normal 0.999867 -0.0163022 0
    outer loop
      vertex 53.5912 -13.1769 -3
      vertex 53.5888 -13.3241 3
      vertex 53.5888 -13.3241 -3
    endloop
  endfacet
  facet normal -0.873997 0.485931 0
    outer loop
      vertex -84.4373 67.583 -3
      vertex -84.3658 67.7116 3
      vertex -84.3658 67.7116 -3
    endloop
  endfacet
  facet normal -0.873997 0.485931 0
    outer loop
      vertex -84.3658 67.7116 3
      vertex -84.4373 67.583 -3
      vertex -84.4373 67.583 3
    endloop
  endfacet
  facet normal 0.785143 0.619315 0
    outer loop
      vertex -15.1888 106.293 3
      vertex -15.2803 106.409 -3
      vertex -15.2803 106.409 3
    endloop
  endfacet
  facet normal 0.785143 0.619315 0
    outer loop
      vertex -15.2803 106.409 -3
      vertex -15.1888 106.293 3
      vertex -15.1888 106.293 -3
    endloop
  endfacet
  facet normal -0.783315 -0.621625 0
    outer loop
      vertex -15.7197 -52.715 -3
      vertex -15.8112 -52.5997 3
      vertex -15.8112 -52.5997 -3
    endloop
  endfacet
  facet normal -0.783315 -0.621625 0
    outer loop
      vertex -15.8112 -52.5997 3
      vertex -15.7197 -52.715 -3
      vertex -15.7197 -52.715 3
    endloop
  endfacet
  facet normal 0.367522 -0.930015 0
    outer loop
      vertex -14.1098 -53.1463 -3
      vertex -13.9729 -53.0922 3
      vertex -14.1098 -53.1463 3
    endloop
  endfacet
  facet normal 0.367522 -0.930015 0
    outer loop
      vertex -13.9729 -53.0922 3
      vertex -14.1098 -53.1463 -3
      vertex -13.9729 -53.0922 -3
    endloop
  endfacet
  facet normal -0.542096 0.840317 0
    outer loop
      vertex -83.842 68.2186 -3
      vertex -83.9657 68.1388 3
      vertex -83.842 68.2186 3
    endloop
  endfacet
  facet normal -0.542096 0.840317 0
    outer loop
      vertex -83.9657 68.1388 3
      vertex -83.842 68.2186 -3
      vertex -83.9657 68.1388 -3
    endloop
  endfacet
  facet normal 0.762509 -0.646977 0
    outer loop
      vertex 53.1868 -14.2513 3
      vertex 53.282 -14.1391 -3
      vertex 53.282 -14.1391 3
    endloop
  endfacet
  facet normal 0.762509 -0.646977 0
    outer loop
      vertex 53.282 -14.1391 -3
      vertex 53.1868 -14.2513 3
      vertex 53.1868 -14.2513 -3
    endloop
  endfacet
  facet normal 0.838911 0.544269 0
    outer loop
      vertex -15.109 106.17 3
      vertex -15.1888 106.293 -3
      vertex -15.1888 106.293 3
    endloop
  endfacet
  facet normal 0.838911 0.544269 0
    outer loop
      vertex -15.1888 106.293 -3
      vertex -15.109 106.17 3
      vertex -15.109 106.17 -3
    endloop
  endfacet
  facet normal -0.840317 -0.542096 0
    outer loop
      vertex -15.8112 -52.5997 -3
      vertex -15.891 -52.476 3
      vertex -15.891 -52.476 -3
    endloop
  endfacet
  facet normal -0.840317 -0.542096 0
    outer loop
      vertex -15.891 -52.476 3
      vertex -15.8112 -52.5997 -3
      vertex -15.8112 -52.5997 3
    endloop
  endfacet
  facet normal -0.889485 -0.456964 0
    outer loop
      vertex -84.391 66.1695 -3
      vertex -84.4583 66.3005 3
      vertex -84.4583 66.3005 -3
    endloop
  endfacet
  facet normal -0.889485 -0.456964 0
    outer loop
      vertex -84.4583 66.3005 3
      vertex -84.391 66.1695 -3
      vertex -84.391 66.1695 3
    endloop
  endfacet
  facet normal -0.961575 -0.274542 0
    outer loop
      vertex -84.5124 66.4374 -3
      vertex -84.5528 66.5789 3
      vertex -84.5528 66.5789 -3
    endloop
  endfacet
  facet normal -0.961575 -0.274542 0
    outer loop
      vertex -84.5528 66.5789 3
      vertex -84.5124 66.4374 -3
      vertex -84.5124 66.4374 3
    endloop
  endfacet
  facet normal 0.542096 -0.840317 0
    outer loop
      vertex 52.842 -14.525 -3
      vertex 52.9657 -14.4452 3
      vertex 52.842 -14.525 3
    endloop
  endfacet
  facet normal 0.542096 -0.840317 0
    outer loop
      vertex 52.9657 -14.4452 3
      vertex 52.842 -14.525 -3
      vertex 52.9657 -14.4452 -3
    endloop
  endfacet
  facet normal -0.621625 0.783315 0
    outer loop
      vertex -83.9657 68.1388 -3
      vertex -84.081 68.0473 3
      vertex -83.9657 68.1388 3
    endloop
  endfacet
  facet normal -0.621625 0.783315 0
    outer loop
      vertex -84.081 68.0473 3
      vertex -83.9657 68.1388 -3
      vertex -84.081 68.0473 -3
    endloop
  endfacet
  facet normal -0.569351 -0.822094 0
    outer loop
      vertex -15.5051 -52.916 -3
      vertex -15.3841 -52.9998 3
      vertex -15.5051 -52.916 3
    endloop
  endfacet
  facet normal -0.569351 -0.822094 -0
    outer loop
      vertex -15.3841 -52.9998 3
      vertex -15.5051 -52.916 -3
      vertex -15.3841 -52.9998 -3
    endloop
  endfacet
  facet normal 0.716256 0.697838 0
    outer loop
      vertex -15.2803 106.409 3
      vertex -15.3826 106.514 -3
      vertex -15.3826 106.514 3
    endloop
  endfacet
  facet normal 0.716256 0.697838 0
    outer loop
      vertex -15.3826 106.514 -3
      vertex -15.2803 106.409 3
      vertex -15.2803 106.409 -3
    endloop
  endfacet
  facet normal -0.695467 0.718558 0
    outer loop
      vertex -84.081 68.0473 -3
      vertex -84.1868 67.9449 3
      vertex -84.081 68.0473 3
    endloop
  endfacet
  facet normal -0.695467 0.718558 0
    outer loop
      vertex -84.1868 67.9449 3
      vertex -84.081 68.0473 -3
      vertex -84.1868 67.9449 -3
    endloop
  endfacet
  facet normal 0.917663 -0.39736 0
    outer loop
      vertex 53.4373 -13.8894 3
      vertex 53.4958 -13.7543 -3
      vertex 53.4958 -13.7543 3
    endloop
  endfacet
  facet normal 0.917663 -0.39736 0
    outer loop
      vertex 53.4958 -13.7543 -3
      vertex 53.4373 -13.8894 3
      vertex 53.4373 -13.8894 -3
    endloop
  endfacet
  facet normal 0.996616 0.0822021 0
    outer loop
      vertex 53.5912 -13.1769 3
      vertex 53.5791 -13.0302 -3
      vertex 53.5791 -13.0302 3
    endloop
  endfacet
  facet normal 0.996616 0.0822021 0
    outer loop
      vertex 53.5791 -13.0302 -3
      vertex 53.5912 -13.1769 3
      vertex 53.5912 -13.1769 -3
    endloop
  endfacet
  facet normal -0.0163022 -0.999867 0
    outer loop
      vertex -14.6901 -53.2227 -3
      vertex -14.5429 -53.2251 3
      vertex -14.6901 -53.2227 3
    endloop
  endfacet
  facet normal -0.0163022 -0.999867 -0
    outer loop
      vertex -14.5429 -53.2251 3
      vertex -14.6901 -53.2227 -3
      vertex -14.5429 -53.2251 -3
    endloop
  endfacet
  facet normal 0.305613 0.952156 -0
    outer loop
      vertex -15.8796 106.823 -3
      vertex -16.0198 106.868 3
      vertex -15.8796 106.823 3
    endloop
  endfacet
  facet normal 0.305613 0.952156 0
    outer loop
      vertex -16.0198 106.868 3
      vertex -15.8796 106.823 -3
      vertex -16.0198 106.868 -3
    endloop
  endfacet
  facet normal -0.305613 -0.952156 0
    outer loop
      vertex -15.1204 -53.1298 -3
      vertex -14.9802 -53.1748 3
      vertex -15.1204 -53.1298 3
    endloop
  endfacet
  facet normal -0.305613 -0.952156 -0
    outer loop
      vertex -14.9802 -53.1748 3
      vertex -15.1204 -53.1298 -3
      vertex -14.9802 -53.1748 -3
    endloop
  endfacet
  facet normal 0.930015 0.367522 0
    outer loop
      vertex 53.5124 -12.7438 3
      vertex 53.4583 -12.6069 -3
      vertex 53.4583 -12.6069 3
    endloop
  endfacet
  facet normal 0.930015 0.367522 0
    outer loop
      vertex 53.4583 -12.6069 -3
      vertex 53.5124 -12.7438 3
      vertex 53.5124 -12.7438 -3
    endloop
  endfacet
  facet normal 0.565661 0.824638 -0
    outer loop
      vertex -15.4949 106.61 -3
      vertex -15.6159 106.693 3
      vertex -15.4949 106.61 3
    endloop
  endfacet
  facet normal 0.565661 0.824638 0
    outer loop
      vertex -15.6159 106.693 3
      vertex -15.4949 106.61 -3
      vertex -15.6159 106.693 -3
    endloop
  endfacet
  facet normal 0.27499 -0.961447 0
    outer loop
      vertex -14.2514 -53.1868 -3
      vertex -14.1098 -53.1463 3
      vertex -14.2514 -53.1868 3
    endloop
  endfacet
  facet normal 0.27499 -0.961447 0
    outer loop
      vertex -14.1098 -53.1463 3
      vertex -14.2514 -53.1868 -3
      vertex -14.1098 -53.1463 -3
    endloop
  endfacet
  facet normal -0.983903 -0.178706 0
    outer loop
      vertex -84.5528 66.5789 -3
      vertex -84.5791 66.7237 3
      vertex -84.5791 66.7237 -3
    endloop
  endfacet
  facet normal -0.983903 -0.178706 0
    outer loop
      vertex -84.5791 66.7237 3
      vertex -84.5528 66.5789 -3
      vertex -84.5528 66.5789 3
    endloop
  endfacet
  facet normal -0.996616 -0.0822021 0
    outer loop
      vertex -84.5791 66.7237 -3
      vertex -84.5912 66.8704 3
      vertex -84.5912 66.8704 -3
    endloop
  endfacet
  facet normal -0.996616 -0.0822021 0
    outer loop
      vertex -84.5912 66.8704 3
      vertex -84.5791 66.7237 -3
      vertex -84.5791 66.7237 3
    endloop
  endfacet
  facet normal -0.211245 -0.977433 0
    outer loop
      vertex -14.9802 -53.1748 -3
      vertex -14.8363 -53.2059 3
      vertex -14.9802 -53.1748 3
    endloop
  endfacet
  facet normal -0.211245 -0.977433 -0
    outer loop
      vertex -14.8363 -53.2059 3
      vertex -14.9802 -53.1748 -3
      vertex -14.8363 -53.2059 -3
    endloop
  endfacet
  facet normal 0.977573 -0.210596 0
    outer loop
      vertex 53.5409 -13.6142 3
      vertex 53.5719 -13.4703 -3
      vertex 53.5719 -13.4703 3
    endloop
  endfacet
  facet normal 0.977573 -0.210596 0
    outer loop
      vertex 53.5719 -13.4703 -3
      vertex 53.5409 -13.6142 3
      vertex 53.5409 -13.6142 -3
    endloop
  endfacet
  facet normal 0.993385 -0.11483 0
    outer loop
      vertex 53.5719 -13.4703 3
      vertex 53.5888 -13.3241 -3
      vertex 53.5888 -13.3241 3
    endloop
  endfacet
  facet normal 0.993385 -0.11483 0
    outer loop
      vertex 53.5888 -13.3241 -3
      vertex 53.5719 -13.4703 3
      vertex 53.5719 -13.4703 -3
    endloop
  endfacet
  facet normal 0.0815273 -0.996671 0
    outer loop
      vertex -14.5429 -53.2251 -3
      vertex -14.3962 -53.2131 3
      vertex -14.5429 -53.2251 3
    endloop
  endfacet
  facet normal 0.0815273 -0.996671 0
    outer loop
      vertex -14.3962 -53.2131 3
      vertex -14.5429 -53.2251 -3
      vertex -14.3962 -53.2131 -3
    endloop
  endfacet
  facet normal 0.983924 0.178587 0
    outer loop
      vertex 53.5791 -13.0302 3
      vertex 53.5528 -12.8853 -3
      vertex 53.5528 -12.8853 3
    endloop
  endfacet
  facet normal 0.983924 0.178587 0
    outer loop
      vertex 53.5528 -12.8853 -3
      vertex 53.5791 -13.0302 3
      vertex 53.5791 -13.0302 -3
    endloop
  endfacet
  facet normal 0.874157 -0.485643 0
    outer loop
      vertex 53.3658 -14.0181 3
      vertex 53.4373 -13.8894 -3
      vertex 53.4373 -13.8894 3
    endloop
  endfacet
  facet normal 0.874157 -0.485643 0
    outer loop
      vertex 53.4373 -13.8894 -3
      vertex 53.3658 -14.0181 3
      vertex 53.3658 -14.0181 -3
    endloop
  endfacet
  facet normal 0.889343 0.457241 0
    outer loop
      vertex 53.4583 -12.6069 3
      vertex 53.391 -12.476 -3
      vertex 53.391 -12.476 3
    endloop
  endfacet
  facet normal 0.889343 0.457241 0
    outer loop
      vertex 53.391 -12.476 -3
      vertex 53.4583 -12.6069 3
      vertex 53.4583 -12.6069 -3
    endloop
  endfacet
  facet normal 0.951894 -0.306427 0
    outer loop
      vertex 53.4958 -13.7543 3
      vertex 53.5409 -13.6142 -3
      vertex 53.5409 -13.6142 3
    endloop
  endfacet
  facet normal 0.951894 -0.306427 0
    outer loop
      vertex 53.5409 -13.6142 -3
      vertex 53.4958 -13.7543 3
      vertex 53.4958 -13.7543 -3
    endloop
  endfacet
  facet normal -0.718569 -0.695455 0
    outer loop
      vertex -15.6174 -52.8207 -3
      vertex -15.7197 -52.715 3
      vertex -15.7197 -52.715 -3
    endloop
  endfacet
  facet normal -0.718569 -0.695455 0
    outer loop
      vertex -15.7197 -52.715 3
      vertex -15.6174 -52.8207 -3
      vertex -15.6174 -52.8207 3
    endloop
  endfacet
  facet normal -0.951894 0.306427 0
    outer loop
      vertex -84.5409 67.3078 -3
      vertex -84.4958 67.4479 3
      vertex -84.4958 67.4479 -3
    endloop
  endfacet
  facet normal -0.951894 0.306427 0
    outer loop
      vertex -84.4958 67.4479 3
      vertex -84.5409 67.3078 -3
      vertex -84.5409 67.3078 3
    endloop
  endfacet
  facet normal -0.977573 0.210596 0
    outer loop
      vertex -84.5719 67.1639 -3
      vertex -84.5409 67.3078 3
      vertex -84.5409 67.3078 -3
    endloop
  endfacet
  facet normal -0.977573 0.210596 0
    outer loop
      vertex -84.5409 67.3078 3
      vertex -84.5719 67.1639 -3
      vertex -84.5719 67.1639 3
    endloop
  endfacet
  facet normal -0.183305 0.983056 0
    outer loop
      vertex -16.6038 106.907 -3
      vertex -16.7486 106.88 3
      vertex -16.6038 106.907 3
    endloop
  endfacet
  facet normal -0.183305 0.983056 0
    outer loop
      vertex -16.7486 106.88 3
      vertex -16.6038 106.907 -3
      vertex -16.7486 106.88 -3
    endloop
  endfacet
  facet normal 0.210596 0.977573 -0
    outer loop
      vertex -16.0198 106.868 -3
      vertex -16.1637 106.899 3
      vertex -16.0198 106.868 3
    endloop
  endfacet
  facet normal 0.210596 0.977573 0
    outer loop
      vertex -16.1637 106.899 3
      vertex -16.0198 106.868 -3
      vertex -16.1637 106.899 -3
    endloop
  endfacet
  facet normal 0.695467 -0.718558 0
    outer loop
      vertex 53.081 -14.3537 -3
      vertex 53.1868 -14.2513 3
      vertex 53.081 -14.3537 3
    endloop
  endfacet
  facet normal 0.695467 -0.718558 0
    outer loop
      vertex 53.1868 -14.2513 3
      vertex 53.081 -14.3537 -3
      vertex 53.1868 -14.2513 -3
    endloop
  endfacet
  facet normal 0.621625 -0.783315 0
    outer loop
      vertex 52.9657 -14.4452 -3
      vertex 53.081 -14.3537 3
      vertex 52.9657 -14.4452 3
    endloop
  endfacet
  facet normal 0.621625 -0.783315 0
    outer loop
      vertex 53.081 -14.3537 3
      vertex 52.9657 -14.4452 -3
      vertex 53.081 -14.3537 -3
    endloop
  endfacet
  facet normal -0 0 1
    outer loop
      vertex 0.06852 30.6391 3
      vertex 17 25.3609 3
      vertex 17 30.6391 3
    endloop
  endfacet
  facet normal 0 0 1
    outer loop
      vertex 17 25.3609 3
      vertex 0.06852 30.6391 3
      vertex -9.07368 25.3609 3
    endloop
  endfacet
  facet normal 0 0 1
    outer loop
      vertex 14.9711 41.5525 3
      vertex 20.7043 44.1391 3
      vertex 14.9784 41.994 3
    endloop
  endfacet
  facet normal 0 0 1
    outer loop
      vertex 20.7043 44.1391 3
      vertex 14.9423 42.4342 3
      vertex 14.9784 41.994 3
    endloop
  endfacet
  facet normal 0 0 1
    outer loop
      vertex 20.7043 44.1391 3
      vertex 14.8632 42.8686 3
      vertex 14.9423 42.4342 3
    endloop
  endfacet
  facet normal 0 0 1
    outer loop
      vertex 20.7043 44.1391 3
      vertex 14.7419 43.2933 3
      vertex 14.8632 42.8686 3
    endloop
  endfacet
  facet normal 0 0 1
    outer loop
      vertex 20.7043 44.1391 3
      vertex 14.5796 43.704 3
      vertex 14.7419 43.2933 3
    endloop
  endfacet
  facet normal 0 0 1
    outer loop
      vertex 20.7043 44.1391 3
      vertex 14.3779 44.0968 3
      vertex 14.5796 43.704 3
    endloop
  endfacet
  facet normal 0 0 1
    outer loop
      vertex 17.6092 49.5 3
      vertex 14.3506 44.1391 3
      vertex 14.3779 44.0968 3
    endloop
  endfacet
  facet normal 0 0 1
    outer loop
      vertex 17.6092 49.5 3
      vertex 4.06234 44.1391 3
      vertex 14.3506 44.1391 3
    endloop
  endfacet
  facet normal 0 0 1
    outer loop
      vertex -17.271 82.4016 3
      vertex 4.06234 44.1391 3
      vertex 17.6092 49.5 3
    endloop
  endfacet
  facet normal 0 0 1
    outer loop
      vertex 2.10894 42.2237 3
      vertex -3.69099 38.8609 3
      vertex 2.10335 42.2062 3
    endloop
  endfacet
  facet normal 0 0 1
    outer loop
      vertex 2.2358 42.5163 3
      vertex -3.69099 38.8609 3
      vertex 2.10894 42.2237 3
    endloop
  endfacet
  facet normal 0 0 1
    outer loop
      vertex 2.39073 42.7951 3
      vertex -3.69099 38.8609 3
      vertex 2.2358 42.5163 3
    endloop
  endfacet
  facet normal 0 0 1
    outer loop
      vertex 2.57224 43.0573 3
      vertex -3.69099 38.8609 3
      vertex 2.39073 42.7951 3
    endloop
  endfacet
  facet normal 0 0 1
    outer loop
      vertex 2.77858 43.3005 3
      vertex -3.69099 38.8609 3
      vertex 2.57224 43.0573 3
    endloop
  endfacet
  facet normal 0 0 1
    outer loop
      vertex -19.1114 81.215 3
      vertex 2.77858 43.3005 3
      vertex 3.00776 43.5223 3
    endloop
  endfacet
  facet normal 0 0 1
    outer loop
      vertex -18.8047 81.3026 3
      vertex 3.00776 43.5223 3
      vertex 3.25758 43.7206 3
    endloop
  endfacet
  facet normal -0 0 1
    outer loop
      vertex -16.6428 83.8507 3
      vertex 17.6092 49.5 3
      vertex -16.6063 84.1675 3
    endloop
  endfacet
  facet normal -0 0 1
    outer loop
      vertex -16.6063 84.1675 3
      vertex 17.6092 49.5 3
      vertex -16.6011 84.4864 3
    endloop
  endfacet
  facet normal -0 -0 1
    outer loop
      vertex -16.6011 84.4864 3
      vertex 17.6092 49.5 3
      vertex -16.6272 84.8043 3
    endloop
  endfacet
  facet normal -0 0 1
    outer loop
      vertex -16.6272 84.8043 3
      vertex 17.6092 49.5 3
      vertex -15.109 106.17 3
    endloop
  endfacet
  facet normal 0 0 1
    outer loop
      vertex 14.9207 41.1138 3
      vertex 20.7043 44.1391 3
      vertex 14.9711 41.5525 3
    endloop
  endfacet
  facet normal 0 0 1
    outer loop
      vertex 14.8274 40.6821 3
      vertex 20.7043 44.1391 3
      vertex 14.9207 41.1138 3
    endloop
  endfacet
  facet normal 0 0 1
    outer loop
      vertex 20.7043 44.1391 3
      vertex 14.8274 40.6821 3
      vertex 17 34.3152 3
    endloop
  endfacet
  facet normal -0 0 1
    outer loop
      vertex 14.6923 40.2617 3
      vertex 17 34.3152 3
      vertex 14.8274 40.6821 3
    endloop
  endfacet
  facet normal -0 0 1
    outer loop
      vertex 14.5167 39.8565 3
      vertex 17 34.3152 3
      vertex 14.6923 40.2617 3
    endloop
  endfacet
  facet normal -0 0 1
    outer loop
      vertex 14.3022 39.4705 3
      vertex 17 34.3152 3
      vertex 14.5167 39.8565 3
    endloop
  endfacet
  facet normal -0 0 1
    outer loop
      vertex 14.0509 39.1074 3
      vertex 17 34.3152 3
      vertex 14.3022 39.4705 3
    endloop
  endfacet
  facet normal -0 0 1
    outer loop
      vertex 13.8417 38.8609 3
      vertex 17 34.3152 3
      vertex 14.0509 39.1074 3
    endloop
  endfacet
  facet normal -0 0 1
    outer loop
      vertex -3.69099 38.8609 3
      vertex 17 34.3152 3
      vertex 13.8417 38.8609 3
    endloop
  endfacet
  facet normal 0 0 1
    outer loop
      vertex -17.158 106.719 3
      vertex -15.109 106.17 3
      vertex -15.1888 106.293 3
    endloop
  endfacet
  facet normal 0 0 1
    outer loop
      vertex -17.158 106.719 3
      vertex -15.1888 106.293 3
      vertex -15.2803 106.409 3
    endloop
  endfacet
  facet normal 0 0 1
    outer loop
      vertex -17.158 106.719 3
      vertex -15.2803 106.409 3
      vertex -15.3826 106.514 3
    endloop
  endfacet
  facet normal 0 0 1
    outer loop
      vertex -17.158 106.719 3
      vertex -15.3826 106.514 3
      vertex -15.4949 106.61 3
    endloop
  endfacet
  facet normal 0 0 1
    outer loop
      vertex -17.158 106.719 3
      vertex -15.4949 106.61 3
      vertex -15.6159 106.693 3
    endloop
  endfacet
  facet normal -0 0 1
    outer loop
      vertex -17.158 106.719 3
      vertex -15.6159 106.693 3
      vertex -15.7446 106.765 3
    endloop
  endfacet
  facet normal 0 0 1
    outer loop
      vertex -17.158 106.719 3
      vertex -15.7446 106.765 3
      vertex -15.8796 106.823 3
    endloop
  endfacet
  facet normal 0 0 1
    outer loop
      vertex -17.158 106.719 3
      vertex -15.8796 106.823 3
      vertex -16.0198 106.868 3
    endloop
  endfacet
  facet normal 0 0 1
    outer loop
      vertex -17.158 106.719 3
      vertex -16.0198 106.868 3
      vertex -16.1637 106.899 3
    endloop
  endfacet
  facet normal 0 0 1
    outer loop
      vertex -17.158 106.719 3
      vertex -16.1637 106.899 3
      vertex -16.3099 106.916 3
    endloop
  endfacet
  facet normal 0 0 1
    outer loop
      vertex -17.158 106.719 3
      vertex -16.3099 106.916 3
      vertex -16.4571 106.919 3
    endloop
  endfacet
  facet normal -0 0 1
    outer loop
      vertex -16.8077 83.2353 3
      vertex 17.6092 49.5 3
      vertex -16.7101 83.5389 3
    endloop
  endfacet
  facet normal -0 0 1
    outer loop
      vertex -16.9345 82.9427 3
      vertex 17.6092 49.5 3
      vertex -16.8077 83.2353 3
    endloop
  endfacet
  facet normal -0 0 1
    outer loop
      vertex -17.0895 82.6639 3
      vertex 17.6092 49.5 3
      vertex -16.9345 82.9427 3
    endloop
  endfacet
  facet normal -0 0 1
    outer loop
      vertex -17.271 82.4016 3
      vertex 17.6092 49.5 3
      vertex -17.0895 82.6639 3
    endloop
  endfacet
  facet normal -0 0 1
    outer loop
      vertex -17.4773 82.1584 3
      vertex 4.06234 44.1391 3
      vertex -17.271 82.4016 3
    endloop
  endfacet
  facet normal -0 0 1
    outer loop
      vertex -17.7065 81.9366 3
      vertex 4.06234 44.1391 3
      vertex -17.4773 82.1584 3
    endloop
  endfacet
  facet normal 0 0 1
    outer loop
      vertex -3.69099 38.8609 3
      vertex -17 34.3152 3
      vertex 17 34.3152 3
    endloop
  endfacet
  facet normal 0 0 1
    outer loop
      vertex 4.06234 44.1391 3
      vertex -17.7065 81.9366 3
      vertex 3.80934 44.0391 3
    endloop
  endfacet
  facet normal -0 0 1
    outer loop
      vertex -17.9563 81.7384 3
      vertex 3.80934 44.0391 3
      vertex -17.7065 81.9366 3
    endloop
  endfacet
  facet normal 0 0 1
    outer loop
      vertex 3.80934 44.0391 3
      vertex -17.9563 81.7384 3
      vertex 3.52564 43.8934 3
    endloop
  endfacet
  facet normal -0 0 1
    outer loop
      vertex -18.2244 81.5655 3
      vertex 3.52564 43.8934 3
      vertex -17.9563 81.7384 3
    endloop
  endfacet
  facet normal 0 0 1
    outer loop
      vertex 3.52564 43.8934 3
      vertex -18.2244 81.5655 3
      vertex 3.25758 43.7206 3
    endloop
  endfacet
  facet normal -0 0 1
    outer loop
      vertex -18.5081 81.4198 3
      vertex 3.25758 43.7206 3
      vertex -18.2244 81.5655 3
    endloop
  endfacet
  facet normal -0 0 1
    outer loop
      vertex -18.8047 81.3026 3
      vertex 3.25758 43.7206 3
      vertex -18.5081 81.4198 3
    endloop
  endfacet
  facet normal -0 0 1
    outer loop
      vertex -19.1114 81.215 3
      vertex 3.00776 43.5223 3
      vertex -18.8047 81.3026 3
    endloop
  endfacet
  facet normal 0 0 1
    outer loop
      vertex 2.77858 43.3005 3
      vertex -19.1114 81.215 3
      vertex -3.69099 38.8609 3
    endloop
  endfacet
  facet normal -0 0 1
    outer loop
      vertex -19.4252 81.1579 3
      vertex -3.69099 38.8609 3
      vertex -19.1114 81.215 3
    endloop
  endfacet
  facet normal 0 0 1
    outer loop
      vertex -3.69099 38.8609 3
      vertex -19.4252 81.1579 3
      vertex -17 34.3152 3
    endloop
  endfacet
  facet normal -0 0 1
    outer loop
      vertex -19.743 81.1319 3
      vertex -17 34.3152 3
      vertex -19.4252 81.1579 3
    endloop
  endfacet
  facet normal 0 0 1
    outer loop
      vertex -20.0619 81.1371 3
      vertex -17 34.3152 3
      vertex -19.743 81.1319 3
    endloop
  endfacet
  facet normal 0 0 1
    outer loop
      vertex -20.3788 81.1735 3
      vertex -17 34.3152 3
      vertex -20.0619 81.1371 3
    endloop
  endfacet
  facet normal 0 0 1
    outer loop
      vertex -20.6905 81.2409 3
      vertex -17 34.3152 3
      vertex -20.3788 81.1735 3
    endloop
  endfacet
  facet normal 0 0 1
    outer loop
      vertex -20.9942 81.3384 3
      vertex -17 34.3152 3
      vertex -20.6905 81.2409 3
    endloop
  endfacet
  facet normal 0 0 1
    outer loop
      vertex -21.2868 81.4653 3
      vertex -17 34.3152 3
      vertex -20.9942 81.3384 3
    endloop
  endfacet
  facet normal -0 0 1
    outer loop
      vertex -59.9076 59.1675 3
      vertex -17 34.3152 3
      vertex -21.2868 81.4653 3
    endloop
  endfacet
  facet normal 0 0 1
    outer loop
      vertex -59.9076 59.1675 3
      vertex -21.2868 81.4653 3
      vertex -21.5656 81.6202 3
    endloop
  endfacet
  facet normal 0 0 1
    outer loop
      vertex -59.9024 59.4864 3
      vertex -21.5656 81.6202 3
      vertex -21.8278 81.8017 3
    endloop
  endfacet
  facet normal 0 0 1
    outer loop
      vertex -59.9284 59.8043 3
      vertex -21.8278 81.8017 3
      vertex -22.071 82.008 3
    endloop
  endfacet
  facet normal 0 0 1
    outer loop
      vertex -59.9855 60.1181 3
      vertex -22.071 82.008 3
      vertex -22.2928 82.2372 3
    endloop
  endfacet
  facet normal 0 0 1
    outer loop
      vertex -60.0731 60.4248 3
      vertex -22.2928 82.2372 3
      vertex -22.4911 82.4871 3
    endloop
  endfacet
  facet normal 0 0 1
    outer loop
      vertex -60.1903 60.7214 3
      vertex -22.4911 82.4871 3
      vertex -22.6639 82.7551 3
    endloop
  endfacet
  facet normal 0 0 1
    outer loop
      vertex -60.3361 61.0051 3
      vertex -22.6639 82.7551 3
      vertex -22.8097 83.0388 3
    endloop
  endfacet
  facet normal 0 0 1
    outer loop
      vertex -60.5089 61.2732 3
      vertex -22.8097 83.0388 3
      vertex -22.9269 83.3354 3
    endloop
  endfacet
  facet normal 0 0 1
    outer loop
      vertex -60.7072 61.523 3
      vertex -22.9269 83.3354 3
      vertex -23.0145 83.6421 3
    endloop
  endfacet
  facet normal 0 0 1
    outer loop
      vertex -60.929 61.7522 3
      vertex -23.0145 83.6421 3
      vertex -23.0716 83.9559 3
    endloop
  endfacet
  facet normal 0 0 1
    outer loop
      vertex -17 34.3152 3
      vertex -59.9076 59.1675 3
      vertex -59.944 58.8507 3
    endloop
  endfacet
  facet normal 0 0 1
    outer loop
      vertex -61.1722 61.9585 3
      vertex -23.0716 83.9559 3
      vertex -23.0976 84.2738 3
    endloop
  endfacet
  facet normal 0 0 1
    outer loop
      vertex 20.5 49.5 3
      vertex 22 48 3
      vertex 21.9928 48.147 3
    endloop
  endfacet
  facet normal 0 0 1
    outer loop
      vertex 20.5 49.5 3
      vertex 21.9928 48.147 3
      vertex 21.9712 48.2926 3
    endloop
  endfacet
  facet normal 0 0 1
    outer loop
      vertex 20.5 49.5 3
      vertex 21.9712 48.2926 3
      vertex 21.9354 48.4354 3
    endloop
  endfacet
  facet normal 0 0 1
    outer loop
      vertex 20.5 49.5 3
      vertex 21.9354 48.4354 3
      vertex 21.8858 48.574 3
    endloop
  endfacet
  facet normal 0 0 1
    outer loop
      vertex 20.5 49.5 3
      vertex 21.8858 48.574 3
      vertex 21.8229 48.7071 3
    endloop
  endfacet
  facet normal 0 0 1
    outer loop
      vertex 20.5 49.5 3
      vertex 21.8229 48.7071 3
      vertex 21.7472 48.8334 3
    endloop
  endfacet
  facet normal 0 0 1
    outer loop
      vertex 20.5 49.5 3
      vertex 21.7472 48.8334 3
      vertex 21.6595 48.9516 3
    endloop
  endfacet
  facet normal 0 0 1
    outer loop
      vertex 20.5 49.5 3
      vertex 21.6595 48.9516 3
      vertex 21.5607 49.0607 3
    endloop
  endfacet
  facet normal 0 0 1
    outer loop
      vertex 20.5 49.5 3
      vertex 21.5607 49.0607 3
      vertex 21.4516 49.1595 3
    endloop
  endfacet
  facet normal 0 0 1
    outer loop
      vertex 20.5 49.5 3
      vertex 21.4516 49.1595 3
      vertex 21.3334 49.2472 3
    endloop
  endfacet
  facet normal 0 0 1
    outer loop
      vertex 20.5 49.5 3
      vertex 21.3334 49.2472 3
      vertex 21.2071 49.3229 3
    endloop
  endfacet
  facet normal 0 0 1
    outer loop
      vertex 20.5 49.5 3
      vertex 21.2071 49.3229 3
      vertex 21.074 49.3858 3
    endloop
  endfacet
  facet normal 0 0 1
    outer loop
      vertex 20.5 49.5 3
      vertex 21.074 49.3858 3
      vertex 20.9354 49.4354 3
    endloop
  endfacet
  facet normal 0 0 1
    outer loop
      vertex 20.5 49.5 3
      vertex 20.9354 49.4354 3
      vertex 20.7926 49.4712 3
    endloop
  endfacet
  facet normal 0 0 1
    outer loop
      vertex 22 48 3
      vertex 20.7043 44.1391 3
      vertex 22 44.1391 3
    endloop
  endfacet
  facet normal 0 0 1
    outer loop
      vertex 20.5 49.5 3
      vertex 20.7926 49.4712 3
      vertex 20.647 49.4928 3
    endloop
  endfacet
  facet normal 0 0 1
    outer loop
      vertex 53.5791 -13.0302 3
      vertex 53.5888 -13.3241 3
      vertex 53.5912 -13.1769 3
    endloop
  endfacet
  facet normal 0 0 1
    outer loop
      vertex 53.5791 -13.0302 3
      vertex 53.5719 -13.4703 3
      vertex 53.5888 -13.3241 3
    endloop
  endfacet
  facet normal 0 0 1
    outer loop
      vertex 53.5528 -12.8853 3
      vertex 53.5719 -13.4703 3
      vertex 53.5791 -13.0302 3
    endloop
  endfacet
  facet normal 0 0 1
    outer loop
      vertex 53.5528 -12.8853 3
      vertex 53.5409 -13.6142 3
      vertex 53.5719 -13.4703 3
    endloop
  endfacet
  facet normal 0 0 1
    outer loop
      vertex 53.5124 -12.7438 3
      vertex 53.5409 -13.6142 3
      vertex 53.5528 -12.8853 3
    endloop
  endfacet
  facet normal 0 0 1
    outer loop
      vertex 53.5124 -12.7438 3
      vertex 53.4958 -13.7543 3
      vertex 53.5409 -13.6142 3
    endloop
  endfacet
  facet normal 0 0 1
    outer loop
      vertex 53.4583 -12.6069 3
      vertex 53.4958 -13.7543 3
      vertex 53.5124 -12.7438 3
    endloop
  endfacet
  facet normal 0 0 1
    outer loop
      vertex 53.4583 -12.6069 3
      vertex 53.4373 -13.8894 3
      vertex 53.4958 -13.7543 3
    endloop
  endfacet
  facet normal 0 0 1
    outer loop
      vertex 53.391 -12.476 3
      vertex 53.4373 -13.8894 3
      vertex 53.4583 -12.6069 3
    endloop
  endfacet
  facet normal 0 0 1
    outer loop
      vertex 53.391 -12.476 3
      vertex 53.3658 -14.0181 3
      vertex 53.4373 -13.8894 3
    endloop
  endfacet
  facet normal 0 0 1
    outer loop
      vertex 53.391 -12.476 3
      vertex 53.282 -14.1391 3
      vertex 53.3658 -14.0181 3
    endloop
  endfacet
  facet normal 0 0 1
    outer loop
      vertex 53.391 -12.476 3
      vertex 53.1868 -14.2513 3
      vertex 53.282 -14.1391 3
    endloop
  endfacet
  facet normal 0 0 1
    outer loop
      vertex 53.391 -12.476 3
      vertex 53.081 -14.3537 3
      vertex 53.1868 -14.2513 3
    endloop
  endfacet
  facet normal 0 0 1
    outer loop
      vertex 53.391 -12.476 3
      vertex 52.9657 -14.4452 3
      vertex 53.081 -14.3537 3
    endloop
  endfacet
  facet normal 0 0 1
    outer loop
      vertex 53.391 -12.476 3
      vertex 52.842 -14.525 3
      vertex 52.9657 -14.4452 3
    endloop
  endfacet
  facet normal 0 0 1
    outer loop
      vertex 53.391 -12.476 3
      vertex 48.9449 -16.775 3
      vertex 52.842 -14.525 3
    endloop
  endfacet
  facet normal 0 0 1
    outer loop
      vertex 53.391 -12.476 3
      vertex 42.9449 -6.38269 3
      vertex 48.9449 -16.775 3
    endloop
  endfacet
  facet normal 0 0 1
    outer loop
      vertex 42.9449 -6.38269 3
      vertex 23.8844 2.35241 3
      vertex 23.9012 2.01046 3
    endloop
  endfacet
  facet normal 0 0 1
    outer loop
      vertex 42.9449 -6.38269 3
      vertex 23.5388 4.68217 3
      vertex 23.8844 2.35241 3
    endloop
  endfacet
  facet normal 0 0 1
    outer loop
      vertex 42.9449 -6.38269 3
      vertex 22.9666 6.96683 3
      vertex 23.5388 4.68217 3
    endloop
  endfacet
  facet normal 0 0 1
    outer loop
      vertex 20.7043 44.1391 3
      vertex 42.9449 -6.38269 3
      vertex 53.391 -12.476 3
    endloop
  endfacet
  facet normal 0 0 1
    outer loop
      vertex 42.9449 -6.38269 3
      vertex 22.1731 9.1844 3
      vertex 22.9666 6.96683 3
    endloop
  endfacet
  facet normal 0 0 1
    outer loop
      vertex 42.9449 -6.38269 3
      vertex 21.1661 11.3135 3
      vertex 22.1731 9.1844 3
    endloop
  endfacet
  facet normal 0 0 1
    outer loop
      vertex 42.9449 -6.38269 3
      vertex 20.7043 44.1391 3
      vertex 21.1661 11.3135 3
    endloop
  endfacet
  facet normal 0 0 1
    outer loop
      vertex 22 48 3
      vertex 20.5 49.5 3
      vertex 20.7043 44.1391 3
    endloop
  endfacet
  facet normal -0 0 1
    outer loop
      vertex 17.6092 49.5 3
      vertex 20.7043 44.1391 3
      vertex 20.5 49.5 3
    endloop
  endfacet
  facet normal 0 0 1
    outer loop
      vertex 20.7043 44.1391 3
      vertex 17 30.6391 3
      vertex 21.1661 11.3135 3
    endloop
  endfacet
  facet normal -0 0 1
    outer loop
      vertex 17 25.3609 3
      vertex 21.1661 11.3135 3
      vertex 17 30.6391 3
    endloop
  endfacet
  facet normal 0 0 1
    outer loop
      vertex 14.3779 44.0968 3
      vertex 20.7043 44.1391 3
      vertex 17.6092 49.5 3
    endloop
  endfacet
  facet normal 0 0 1
    outer loop
      vertex 20.7043 44.1391 3
      vertex 17 34.3152 3
      vertex 17 30.6391 3
    endloop
  endfacet
  facet normal 0 0 1
    outer loop
      vertex 21.1661 11.3135 3
      vertex 17 25.3609 3
      vertex 19.9553 13.3337 3
    endloop
  endfacet
  facet normal -0 0 1
    outer loop
      vertex 17 21.6848 3
      vertex 19.9553 13.3337 3
      vertex 17 25.3609 3
    endloop
  endfacet
  facet normal 0 0 1
    outer loop
      vertex 19.9553 13.3337 3
      vertex 17 21.6848 3
      vertex 18.5522 15.2254 3
    endloop
  endfacet
  facet normal 0 0 1
    outer loop
      vertex 17 21.6848 3
      vertex 16.9706 16.9706 3
      vertex 18.5522 15.2254 3
    endloop
  endfacet
  facet normal 0 0 1
    outer loop
      vertex 17 21.6848 3
      vertex 15.2254 18.5522 3
      vertex 16.9706 16.9706 3
    endloop
  endfacet
  facet normal 0 0 1
    outer loop
      vertex 17 21.6848 3
      vertex 13.3337 19.9553 3
      vertex 15.2254 18.5522 3
    endloop
  endfacet
  facet normal 0 0 1
    outer loop
      vertex 17 21.6848 3
      vertex 13 20.1553 3
      vertex 13.3337 19.9553 3
    endloop
  endfacet
  facet normal 0 0 1
    outer loop
      vertex 13 20.1553 3
      vertex -13 20.1553 3
      vertex 13 15.1773 3
    endloop
  endfacet
  facet normal -0 0 1
    outer loop
      vertex -15.4409 21.6848 3
      vertex 13 20.1553 3
      vertex 17 21.6848 3
    endloop
  endfacet
  facet normal 0 0 1
    outer loop
      vertex 13 20.1553 3
      vertex -15.4409 21.6848 3
      vertex -13 20.1553 3
    endloop
  endfacet
  facet normal 0 0 1
    outer loop
      vertex -15.4409 21.6848 3
      vertex -13.3337 19.9553 3
      vertex -13 20.1553 3
    endloop
  endfacet
  facet normal 0 0 1
    outer loop
      vertex -15.4409 21.6848 3
      vertex -15.2254 18.5522 3
      vertex -13.3337 19.9553 3
    endloop
  endfacet
  facet normal 0 0 1
    outer loop
      vertex -15.4409 21.6848 3
      vertex -16.9706 16.9706 3
      vertex -15.2254 18.5522 3
    endloop
  endfacet
  facet normal 0 0 1
    outer loop
      vertex -15.4409 21.6848 3
      vertex -18.5522 15.2254 3
      vertex -16.9706 16.9706 3
    endloop
  endfacet
  facet normal 0 0 1
    outer loop
      vertex -39.2308 7.94967 3
      vertex -18.5522 15.2254 3
      vertex -15.4409 21.6848 3
    endloop
  endfacet
  facet normal 0 0 1
    outer loop
      vertex -18.5522 15.2254 3
      vertex -39.2308 7.94967 3
      vertex -19.9553 13.3337 3
    endloop
  endfacet
  facet normal 0 0 1
    outer loop
      vertex -23.8844 2.35241 3
      vertex -39.2308 7.94967 3
      vertex -23.9012 2.01046 3
    endloop
  endfacet
  facet normal 0 0 1
    outer loop
      vertex -23.5388 4.68217 3
      vertex -39.2308 7.94967 3
      vertex -23.8844 2.35241 3
    endloop
  endfacet
  facet normal 0 0 1
    outer loop
      vertex -22.9666 6.96683 3
      vertex -39.2308 7.94967 3
      vertex -23.5388 4.68217 3
    endloop
  endfacet
  facet normal 0 0 1
    outer loop
      vertex -22.1731 9.1844 3
      vertex -39.2308 7.94967 3
      vertex -22.9666 6.96683 3
    endloop
  endfacet
  facet normal 0 0 1
    outer loop
      vertex -21.1661 11.3135 3
      vertex -39.2308 7.94967 3
      vertex -22.1731 9.1844 3
    endloop
  endfacet
  facet normal 0 0 1
    outer loop
      vertex -19.9553 13.3337 3
      vertex -39.2308 7.94967 3
      vertex -21.1661 11.3135 3
    endloop
  endfacet
  facet normal 0 0 1
    outer loop
      vertex 17.6384 9.42793 3
      vertex 18.5999 7.31176 3
      vertex 18.4776 7.65367 3
    endloop
  endfacet
  facet normal 0 0 1
    outer loop
      vertex 16.6294 11.1114 3
      vertex 18.5999 7.31176 3
      vertex 17.6384 9.42793 3
    endloop
  endfacet
  facet normal 0 0 1
    outer loop
      vertex 15.4602 12.6879 3
      vertex 18.5999 7.31176 3
      vertex 16.6294 11.1114 3
    endloop
  endfacet
  facet normal 0 0 1
    outer loop
      vertex 14.1421 14.1421 3
      vertex 18.5999 7.31176 3
      vertex 15.4602 12.6879 3
    endloop
  endfacet
  facet normal 0 0 1
    outer loop
      vertex 13 15.1773 3
      vertex 18.5999 7.31176 3
      vertex 14.1421 14.1421 3
    endloop
  endfacet
  facet normal 0 0 1
    outer loop
      vertex -13 15.1773 3
      vertex 13 15.1773 3
      vertex -13 20.1553 3
    endloop
  endfacet
  facet normal 0 0 1
    outer loop
      vertex 13 15.1773 3
      vertex -13 15.1773 3
      vertex 18.5999 7.31176 3
    endloop
  endfacet
  facet normal 0 0 1
    outer loop
      vertex -18.5999 7.31176 3
      vertex 18.5999 7.31176 3
      vertex -13 15.1773 3
    endloop
  endfacet
  facet normal 0 -0 1
    outer loop
      vertex -15.9449 -40.3827 3
      vertex 18.5999 7.31176 3
      vertex -18.5999 7.31176 3
    endloop
  endfacet
  facet normal 0 0 1
    outer loop
      vertex -18.5999 7.31176 3
      vertex -13 15.1773 3
      vertex -14.1421 14.1421 3
    endloop
  endfacet
  facet normal 0 0 1
    outer loop
      vertex -18.5999 7.31176 3
      vertex -14.1421 14.1421 3
      vertex -15.4602 12.6879 3
    endloop
  endfacet
  facet normal 0 0 1
    outer loop
      vertex 18.5999 7.31176 3
      vertex -15.9449 -40.3827 3
      vertex 23.9012 2.01046 3
    endloop
  endfacet
  facet normal 0 0 1
    outer loop
      vertex -18.5999 7.31176 3
      vertex -15.4602 12.6879 3
      vertex -16.6294 11.1114 3
    endloop
  endfacet
  facet normal -0 0 1
    outer loop
      vertex -15.891 -52.476 3
      vertex -13.842 -53.025 3
      vertex -9.94486 -50.775 3
    endloop
  endfacet
  facet normal 0 0 1
    outer loop
      vertex -13.842 -53.025 3
      vertex -15.891 -52.476 3
      vertex -13.9729 -53.0922 3
    endloop
  endfacet
  facet normal 0 0 1
    outer loop
      vertex -13.9729 -53.0922 3
      vertex -15.891 -52.476 3
      vertex -14.1098 -53.1463 3
    endloop
  endfacet
  facet normal 0 0 1
    outer loop
      vertex -14.1098 -53.1463 3
      vertex -15.891 -52.476 3
      vertex -14.2514 -53.1868 3
    endloop
  endfacet
  facet normal 0 0 1
    outer loop
      vertex -14.2514 -53.1868 3
      vertex -15.891 -52.476 3
      vertex -14.3962 -53.2131 3
    endloop
  endfacet
  facet normal 0 0 1
    outer loop
      vertex -14.3962 -53.2131 3
      vertex -15.891 -52.476 3
      vertex -14.5429 -53.2251 3
    endloop
  endfacet
  facet normal 0 0 1
    outer loop
      vertex -14.5429 -53.2251 3
      vertex -15.891 -52.476 3
      vertex -14.6901 -53.2227 3
    endloop
  endfacet
  facet normal 0 0 1
    outer loop
      vertex -14.6901 -53.2227 3
      vertex -15.891 -52.476 3
      vertex -14.8363 -53.2059 3
    endloop
  endfacet
  facet normal 0 0 1
    outer loop
      vertex -14.8363 -53.2059 3
      vertex -15.891 -52.476 3
      vertex -14.9802 -53.1748 3
    endloop
  endfacet
  facet normal 0 0 1
    outer loop
      vertex -14.9802 -53.1748 3
      vertex -15.891 -52.476 3
      vertex -15.1204 -53.1298 3
    endloop
  endfacet
  facet normal 0 0 1
    outer loop
      vertex -15.1204 -53.1298 3
      vertex -15.891 -52.476 3
      vertex -15.2554 -53.0713 3
    endloop
  endfacet
  facet normal 0 0 1
    outer loop
      vertex -15.2554 -53.0713 3
      vertex -15.891 -52.476 3
      vertex -15.3841 -52.9998 3
    endloop
  endfacet
  facet normal 0 0 1
    outer loop
      vertex -15.3841 -52.9998 3
      vertex -15.891 -52.476 3
      vertex -15.5051 -52.916 3
    endloop
  endfacet
  facet normal 0 0 1
    outer loop
      vertex -15.5051 -52.916 3
      vertex -15.891 -52.476 3
      vertex -15.6174 -52.8207 3
    endloop
  endfacet
  facet normal 0 0 1
    outer loop
      vertex -15.6174 -52.8207 3
      vertex -15.891 -52.476 3
      vertex -15.7197 -52.715 3
    endloop
  endfacet
  facet normal 0 0 1
    outer loop
      vertex -15.7197 -52.715 3
      vertex -15.891 -52.476 3
      vertex -15.8112 -52.5997 3
    endloop
  endfacet
  facet normal 0 0 1
    outer loop
      vertex -15.9449 -40.3827 3
      vertex -15.891 -52.476 3
      vertex -9.94486 -50.775 3
    endloop
  endfacet
  facet normal 0 0 1
    outer loop
      vertex 23.9012 2.01046 3
      vertex -15.9449 -40.3827 3
      vertex 42.9449 -6.38269 3
    endloop
  endfacet
  facet normal 0 0 1
    outer loop
      vertex -18.5999 7.31176 3
      vertex -16.6294 11.1114 3
      vertex -17.6384 9.42793 3
    endloop
  endfacet
  facet normal 0 0 1
    outer loop
      vertex -18.5999 7.31176 3
      vertex -17.6384 9.42793 3
      vertex -18.4776 7.65367 3
    endloop
  endfacet
  facet normal -0 0 1
    outer loop
      vertex -23.9012 2.01046 3
      vertex -15.9449 -40.3827 3
      vertex -18.5999 7.31176 3
    endloop
  endfacet
  facet normal 0 0 1
    outer loop
      vertex -41.3335 7.3492 3
      vertex -15.9449 -40.3827 3
      vertex -23.9012 2.01046 3
    endloop
  endfacet
  facet normal -0 0 1
    outer loop
      vertex -39.6236 7.7479 3
      vertex -23.9012 2.01046 3
      vertex -39.2308 7.94967 3
    endloop
  endfacet
  facet normal -0 0 1
    outer loop
      vertex -40.0343 7.5856 3
      vertex -23.9012 2.01046 3
      vertex -39.6236 7.7479 3
    endloop
  endfacet
  facet normal -0 0 1
    outer loop
      vertex -40.4589 7.46434 3
      vertex -23.9012 2.01046 3
      vertex -40.0343 7.5856 3
    endloop
  endfacet
  facet normal -0 0 1
    outer loop
      vertex -40.8934 7.38529 3
      vertex -23.9012 2.01046 3
      vertex -40.4589 7.46434 3
    endloop
  endfacet
  facet normal -0 0 1
    outer loop
      vertex -41.3335 7.3492 3
      vertex -23.9012 2.01046 3
      vertex -40.8934 7.38529 3
    endloop
  endfacet
  facet normal 0 0 1
    outer loop
      vertex -15.9449 -40.3827 3
      vertex -41.3335 7.3492 3
      vertex -41.7751 7.35642 3
    endloop
  endfacet
  facet normal 0 0 1
    outer loop
      vertex -42.2138 7.40689 3
      vertex -15.9449 -40.3827 3
      vertex -41.7751 7.35642 3
    endloop
  endfacet
  facet normal 0 0 1
    outer loop
      vertex -42.6454 7.50012 3
      vertex -15.9449 -40.3827 3
      vertex -42.2138 7.40689 3
    endloop
  endfacet
  facet normal 0 0 1
    outer loop
      vertex -43.0659 7.63521 3
      vertex -15.9449 -40.3827 3
      vertex -42.6454 7.50012 3
    endloop
  endfacet
  facet normal 0 0 1
    outer loop
      vertex -43.4711 7.81086 3
      vertex -15.9449 -40.3827 3
      vertex -43.0659 7.63521 3
    endloop
  endfacet
  facet normal 0 0 1
    outer loop
      vertex -43.8571 8.02538 3
      vertex -15.9449 -40.3827 3
      vertex -43.4711 7.81086 3
    endloop
  endfacet
  facet normal 0 0 1
    outer loop
      vertex -44.2202 8.2767 3
      vertex -15.9449 -40.3827 3
      vertex -43.8571 8.02538 3
    endloop
  endfacet
  facet normal 0 0 1
    outer loop
      vertex -15.9449 -40.3827 3
      vertex -44.2202 8.2767 3
      vertex -15.891 -52.476 3
    endloop
  endfacet
  facet normal 0 0 1
    outer loop
      vertex -44.5569 8.5624 3
      vertex -15.891 -52.476 3
      vertex -44.2202 8.2767 3
    endloop
  endfacet
  facet normal 0 0 1
    outer loop
      vertex -44.864 8.87973 3
      vertex -15.891 -52.476 3
      vertex -44.5569 8.5624 3
    endloop
  endfacet
  facet normal 0 0 1
    outer loop
      vertex -45.1386 9.22564 3
      vertex -15.891 -52.476 3
      vertex -44.864 8.87973 3
    endloop
  endfacet
  facet normal 0 0 1
    outer loop
      vertex -45.3779 9.59679 3
      vertex -15.891 -52.476 3
      vertex -45.1386 9.22564 3
    endloop
  endfacet
  facet normal 0 0 1
    outer loop
      vertex -84.391 66.1695 3
      vertex -45.3779 9.59679 3
      vertex -45.5796 9.98961 3
    endloop
  endfacet
  facet normal 0 0 1
    outer loop
      vertex -40.2935 18.5223 3
      vertex -62.106 56.3026 3
      vertex -40.5227 18.3005 3
    endloop
  endfacet
  facet normal 0 0 1
    outer loop
      vertex -40.5227 18.3005 3
      vertex -62.106 56.3026 3
      vertex -43.7308 15.7439 3
    endloop
  endfacet
  facet normal 0 0 1
    outer loop
      vertex -43.7308 15.7439 3
      vertex -62.106 56.3026 3
      vertex -44.1019 15.5046 3
    endloop
  endfacet
  facet normal -0 0 1
    outer loop
      vertex -62.4126 56.215 3
      vertex -44.1019 15.5046 3
      vertex -62.106 56.3026 3
    endloop
  endfacet
  facet normal 0 0 1
    outer loop
      vertex -44.1019 15.5046 3
      vertex -62.4126 56.215 3
      vertex -44.4478 15.2301 3
    endloop
  endfacet
  facet normal -0 0 1
    outer loop
      vertex -62.7264 56.1579 3
      vertex -44.4478 15.2301 3
      vertex -62.4126 56.215 3
    endloop
  endfacet
  facet normal -0 0 1
    outer loop
      vertex -63.0443 56.1318 3
      vertex -44.4478 15.2301 3
      vertex -62.7264 56.1579 3
    endloop
  endfacet
  facet normal 0 0 1
    outer loop
      vertex -44.4478 15.2301 3
      vertex -63.0443 56.1318 3
      vertex -44.7651 14.923 3
    endloop
  endfacet
  facet normal 0 0 1
    outer loop
      vertex -63.3632 56.1371 3
      vertex -44.7651 14.923 3
      vertex -63.0443 56.1318 3
    endloop
  endfacet
  facet normal 0 0 1
    outer loop
      vertex -44.7651 14.923 3
      vertex -63.3632 56.1371 3
      vertex -45.0508 14.5862 3
    endloop
  endfacet
  facet normal 0 0 1
    outer loop
      vertex -63.68 56.1735 3
      vertex -45.0508 14.5862 3
      vertex -63.3632 56.1371 3
    endloop
  endfacet
  facet normal 0 0 1
    outer loop
      vertex -45.0508 14.5862 3
      vertex -63.68 56.1735 3
      vertex -45.3022 14.2231 3
    endloop
  endfacet
  facet normal 0 0 1
    outer loop
      vertex -63.9918 56.2408 3
      vertex -45.3022 14.2231 3
      vertex -63.68 56.1735 3
    endloop
  endfacet
  facet normal 0 0 1
    outer loop
      vertex -45.3022 14.2231 3
      vertex -63.9918 56.2408 3
      vertex -45.5167 13.8371 3
    endloop
  endfacet
  facet normal 0 0 1
    outer loop
      vertex -64.2954 56.3384 3
      vertex -45.5167 13.8371 3
      vertex -63.9918 56.2408 3
    endloop
  endfacet
  facet normal 0 0 1
    outer loop
      vertex -45.5167 13.8371 3
      vertex -64.2954 56.3384 3
      vertex -45.6923 13.4319 3
    endloop
  endfacet
  facet normal 0 0 1
    outer loop
      vertex -64.5881 56.4653 3
      vertex -45.6923 13.4319 3
      vertex -64.2954 56.3384 3
    endloop
  endfacet
  facet normal 0 0 1
    outer loop
      vertex -45.6923 13.4319 3
      vertex -64.5881 56.4653 3
      vertex -45.8274 13.0115 3
    endloop
  endfacet
  facet normal 0 0 1
    outer loop
      vertex -64.8669 56.6202 3
      vertex -45.8274 13.0115 3
      vertex -64.5881 56.4653 3
    endloop
  endfacet
  facet normal 0 0 1
    outer loop
      vertex -45.8274 13.0115 3
      vertex -64.8669 56.6202 3
      vertex -45.9207 12.5798 3
    endloop
  endfacet
  facet normal 0 0 1
    outer loop
      vertex -65.1291 56.8017 3
      vertex -45.9207 12.5798 3
      vertex -64.8669 56.6202 3
    endloop
  endfacet
  facet normal 0 0 1
    outer loop
      vertex -45.9207 12.5798 3
      vertex -65.1291 56.8017 3
      vertex -45.9711 12.1411 3
    endloop
  endfacet
  facet normal 0 0 1
    outer loop
      vertex -84.391 66.1695 3
      vertex -45.9711 12.1411 3
      vertex -65.1291 56.8017 3
    endloop
  endfacet
  facet normal 0 0 1
    outer loop
      vertex -45.9711 12.1411 3
      vertex -84.391 66.1695 3
      vertex -45.9784 11.6996 3
    endloop
  endfacet
  facet normal 0 0 1
    outer loop
      vertex -45.9784 11.6996 3
      vertex -84.391 66.1695 3
      vertex -45.9423 11.2594 3
    endloop
  endfacet
  facet normal 0 0 1
    outer loop
      vertex -45.9423 11.2594 3
      vertex -84.391 66.1695 3
      vertex -45.8632 10.8249 3
    endloop
  endfacet
  facet normal 0 0 1
    outer loop
      vertex -45.8632 10.8249 3
      vertex -84.391 66.1695 3
      vertex -45.7419 10.4003 3
    endloop
  endfacet
  facet normal 0 0 1
    outer loop
      vertex -84.391 66.1695 3
      vertex -65.1291 56.8017 3
      vertex -65.3723 57.008 3
    endloop
  endfacet
  facet normal 0 0 1
    outer loop
      vertex -84.391 66.1695 3
      vertex -65.3723 57.008 3
      vertex -65.5941 57.2372 3
    endloop
  endfacet
  facet normal 0 0 1
    outer loop
      vertex -84.391 66.1695 3
      vertex -65.5941 57.2372 3
      vertex -65.7924 57.4871 3
    endloop
  endfacet
  facet normal 0 0 1
    outer loop
      vertex -84.391 66.1695 3
      vertex -65.7924 57.4871 3
      vertex -65.9652 57.7551 3
    endloop
  endfacet
  facet normal 0 0 1
    outer loop
      vertex -84.391 66.1695 3
      vertex -65.9652 57.7551 3
      vertex -66.1109 58.0388 3
    endloop
  endfacet
  facet normal 0 0 1
    outer loop
      vertex -66.3937 59.5927 3
      vertex -84.391 66.1695 3
      vertex -66.3989 59.2738 3
    endloop
  endfacet
  facet normal 0 0 1
    outer loop
      vertex -66.3989 59.2738 3
      vertex -84.391 66.1695 3
      vertex -66.3728 58.9559 3
    endloop
  endfacet
  facet normal 0 0 1
    outer loop
      vertex -66.3728 58.9559 3
      vertex -84.391 66.1695 3
      vertex -66.3157 58.6421 3
    endloop
  endfacet
  facet normal 0 0 1
    outer loop
      vertex -66.3157 58.6421 3
      vertex -84.391 66.1695 3
      vertex -66.2282 58.3354 3
    endloop
  endfacet
  facet normal 0 0 1
    outer loop
      vertex -66.2282 58.3354 3
      vertex -84.391 66.1695 3
      vertex -66.1109 58.0388 3
    endloop
  endfacet
  facet normal 0 0 1
    outer loop
      vertex -45.7419 10.4003 3
      vertex -84.391 66.1695 3
      vertex -45.5796 9.98961 3
    endloop
  endfacet
  facet normal 0 0 1
    outer loop
      vertex -84.391 66.1695 3
      vertex -83.842 68.2186 3
      vertex -83.9657 68.1388 3
    endloop
  endfacet
  facet normal 0 0 1
    outer loop
      vertex -84.391 66.1695 3
      vertex -83.9657 68.1388 3
      vertex -84.081 68.0473 3
    endloop
  endfacet
  facet normal 0 0 1
    outer loop
      vertex -84.391 66.1695 3
      vertex -84.081 68.0473 3
      vertex -84.1868 67.9449 3
    endloop
  endfacet
  facet normal 0 0 1
    outer loop
      vertex -84.391 66.1695 3
      vertex -84.1868 67.9449 3
      vertex -84.282 67.8327 3
    endloop
  endfacet
  facet normal 0 0 1
    outer loop
      vertex -84.391 66.1695 3
      vertex -84.282 67.8327 3
      vertex -84.3658 67.7116 3
    endloop
  endfacet
  facet normal 0 0 1
    outer loop
      vertex -45.3779 9.59679 3
      vertex -84.391 66.1695 3
      vertex -15.891 -52.476 3
    endloop
  endfacet
  facet normal -0 0 1
    outer loop
      vertex -84.4373 67.583 3
      vertex -84.391 66.1695 3
      vertex -84.3658 67.7116 3
    endloop
  endfacet
  facet normal 0 0 1
    outer loop
      vertex -84.4373 67.583 3
      vertex -84.4583 66.3005 3
      vertex -84.391 66.1695 3
    endloop
  endfacet
  facet normal -0 0 1
    outer loop
      vertex -84.4958 67.4479 3
      vertex -84.4583 66.3005 3
      vertex -84.4373 67.583 3
    endloop
  endfacet
  facet normal 0 0 1
    outer loop
      vertex -84.4958 67.4479 3
      vertex -84.5124 66.4374 3
      vertex -84.4583 66.3005 3
    endloop
  endfacet
  facet normal -0 0 1
    outer loop
      vertex -84.5409 67.3078 3
      vertex -84.5124 66.4374 3
      vertex -84.4958 67.4479 3
    endloop
  endfacet
  facet normal 0 0 1
    outer loop
      vertex -84.5409 67.3078 3
      vertex -84.5528 66.5789 3
      vertex -84.5124 66.4374 3
    endloop
  endfacet
  facet normal -0 0 1
    outer loop
      vertex -84.5719 67.1639 3
      vertex -84.5528 66.5789 3
      vertex -84.5409 67.3078 3
    endloop
  endfacet
  facet normal 0 0 1
    outer loop
      vertex -84.5719 67.1639 3
      vertex -84.5791 66.7237 3
      vertex -84.5528 66.5789 3
    endloop
  endfacet
  facet normal -0 0 1
    outer loop
      vertex -84.5888 67.0176 3
      vertex -84.5791 66.7237 3
      vertex -84.5719 67.1639 3
    endloop
  endfacet
  facet normal 0 0 1
    outer loop
      vertex -84.5791 66.7237 3
      vertex -84.5888 67.0176 3
      vertex -84.5912 66.8704 3
    endloop
  endfacet
  facet normal 0 0 1
    outer loop
      vertex -17.158 106.719 3
      vertex -16.4571 106.919 3
      vertex -16.6038 106.907 3
    endloop
  endfacet
  facet normal -0 0 1
    outer loop
      vertex -16.7101 83.5389 3
      vertex 17.6092 49.5 3
      vertex -16.6428 83.8507 3
    endloop
  endfacet
  facet normal 0 0 1
    outer loop
      vertex -15.109 106.17 3
      vertex -16.6843 85.1181 3
      vertex -16.6272 84.8043 3
    endloop
  endfacet
  facet normal 0 0 1
    outer loop
      vertex -17.158 106.719 3
      vertex -16.6038 106.907 3
      vertex -16.7486 106.88 3
    endloop
  endfacet
  facet normal 0 0 1
    outer loop
      vertex -15.109 106.17 3
      vertex -16.7718 85.4248 3
      vertex -16.6843 85.1181 3
    endloop
  endfacet
  facet normal 0 0 1
    outer loop
      vertex -15.109 106.17 3
      vertex -16.8891 85.7214 3
      vertex -16.7718 85.4248 3
    endloop
  endfacet
  facet normal 0 0 1
    outer loop
      vertex -17.158 106.719 3
      vertex -16.7486 106.88 3
      vertex -16.8902 106.84 3
    endloop
  endfacet
  facet normal 0 0 1
    outer loop
      vertex -17.158 106.719 3
      vertex -16.8902 106.84 3
      vertex -17.0271 106.786 3
    endloop
  endfacet
  facet normal 0 0 1
    outer loop
      vertex -15.109 106.17 3
      vertex -17.0348 86.0051 3
      vertex -16.8891 85.7214 3
    endloop
  endfacet
  facet normal 0 0 1
    outer loop
      vertex -19.6368 87.6232 3
      vertex -15.109 106.17 3
      vertex -17.158 106.719 3
    endloop
  endfacet
  facet normal 0 0 1
    outer loop
      vertex -15.109 106.17 3
      vertex -17.2076 86.2732 3
      vertex -17.0348 86.0051 3
    endloop
  endfacet
  facet normal 0 0 1
    outer loop
      vertex -15.109 106.17 3
      vertex -17.4059 86.523 3
      vertex -17.2076 86.2732 3
    endloop
  endfacet
  facet normal 0 0 1
    outer loop
      vertex -15.109 106.17 3
      vertex -17.6277 86.7522 3
      vertex -17.4059 86.523 3
    endloop
  endfacet
  facet normal 0 0 1
    outer loop
      vertex -15.109 106.17 3
      vertex -17.8709 86.9585 3
      vertex -17.6277 86.7522 3
    endloop
  endfacet
  facet normal 0 0 1
    outer loop
      vertex -15.109 106.17 3
      vertex -18.1331 87.14 3
      vertex -17.8709 86.9585 3
    endloop
  endfacet
  facet normal 0 0 1
    outer loop
      vertex -15.109 106.17 3
      vertex -18.4119 87.2949 3
      vertex -18.1331 87.14 3
    endloop
  endfacet
  facet normal 0 0 1
    outer loop
      vertex -15.109 106.17 3
      vertex -18.7046 87.4218 3
      vertex -18.4119 87.2949 3
    endloop
  endfacet
  facet normal 0 0 1
    outer loop
      vertex -15.109 106.17 3
      vertex -19.0082 87.5194 3
      vertex -18.7046 87.4218 3
    endloop
  endfacet
  facet normal 0 0 1
    outer loop
      vertex -15.109 106.17 3
      vertex -19.32 87.5867 3
      vertex -19.0082 87.5194 3
    endloop
  endfacet
  facet normal 0 0 1
    outer loop
      vertex -15.109 106.17 3
      vertex -19.6368 87.6232 3
      vertex -19.32 87.5867 3
    endloop
  endfacet
  facet normal 0 0 1
    outer loop
      vertex -17.158 106.719 3
      vertex -19.9557 87.6284 3
      vertex -19.6368 87.6232 3
    endloop
  endfacet
  facet normal 0 0 1
    outer loop
      vertex -17.158 106.719 3
      vertex -20.2736 87.6023 3
      vertex -19.9557 87.6284 3
    endloop
  endfacet
  facet normal 0 0 1
    outer loop
      vertex -17.158 106.719 3
      vertex -20.5874 87.5452 3
      vertex -20.2736 87.6023 3
    endloop
  endfacet
  facet normal 0 0 1
    outer loop
      vertex -17.158 106.719 3
      vertex -20.894 87.4576 3
      vertex -20.5874 87.5452 3
    endloop
  endfacet
  facet normal 0 0 1
    outer loop
      vertex -17.158 106.719 3
      vertex -21.1907 87.3404 3
      vertex -20.894 87.4576 3
    endloop
  endfacet
  facet normal 0 0 1
    outer loop
      vertex -17.158 106.719 3
      vertex -21.4744 87.1947 3
      vertex -21.1907 87.3404 3
    endloop
  endfacet
  facet normal 0 0 1
    outer loop
      vertex -17.158 106.719 3
      vertex -21.7424 87.0219 3
      vertex -21.4744 87.1947 3
    endloop
  endfacet
  facet normal 0 0 1
    outer loop
      vertex -17.158 106.719 3
      vertex -21.9922 86.8236 3
      vertex -21.7424 87.0219 3
    endloop
  endfacet
  facet normal 0 0 1
    outer loop
      vertex -17.158 106.719 3
      vertex -22.2214 86.6018 3
      vertex -21.9922 86.8236 3
    endloop
  endfacet
  facet normal 0 0 1
    outer loop
      vertex -17.158 106.719 3
      vertex -22.4278 86.3586 3
      vertex -22.2214 86.6018 3
    endloop
  endfacet
  facet normal 0 0 1
    outer loop
      vertex -17.158 106.719 3
      vertex -22.6093 86.0963 3
      vertex -22.4278 86.3586 3
    endloop
  endfacet
  facet normal 0 0 1
    outer loop
      vertex -17.158 106.719 3
      vertex -22.7642 85.8175 3
      vertex -22.6093 86.0963 3
    endloop
  endfacet
  facet normal 0 0 1
    outer loop
      vertex -62.9381 62.6231 3
      vertex -22.7642 85.8175 3
      vertex -17.158 106.719 3
    endloop
  endfacet
  facet normal 0 0 1
    outer loop
      vertex -22.7642 85.8175 3
      vertex -62.9381 62.6231 3
      vertex -22.8911 85.5249 3
    endloop
  endfacet
  facet normal 0 0 1
    outer loop
      vertex -61.4344 62.14 3
      vertex -23.0976 84.2738 3
      vertex -23.0924 84.5927 3
    endloop
  endfacet
  facet normal 0 0 1
    outer loop
      vertex -61.7132 62.2949 3
      vertex -23.0924 84.5927 3
      vertex -23.056 84.9095 3
    endloop
  endfacet
  facet normal 0 0 1
    outer loop
      vertex -62.0058 62.4218 3
      vertex -23.056 84.9095 3
      vertex -22.9886 85.2213 3
    endloop
  endfacet
  facet normal 0 0 1
    outer loop
      vertex -21.5656 81.6202 3
      vertex -59.9024 59.4864 3
      vertex -59.9076 59.1675 3
    endloop
  endfacet
  facet normal -0 0 1
    outer loop
      vertex -60.0114 58.5389 3
      vertex -17 34.3152 3
      vertex -59.944 58.8507 3
    endloop
  endfacet
  facet normal -0 0 1
    outer loop
      vertex -60.1089 58.2353 3
      vertex -17 34.3152 3
      vertex -60.0114 58.5389 3
    endloop
  endfacet
  facet normal -0 0 1
    outer loop
      vertex -60.2358 57.9427 3
      vertex -17 34.3152 3
      vertex -60.1089 58.2353 3
    endloop
  endfacet
  facet normal 0 0 1
    outer loop
      vertex -17 34.3152 3
      vertex -37.6033 19.2816 3
      vertex -17 31.1769 3
    endloop
  endfacet
  facet normal -0 0 1
    outer loop
      vertex -60.3907 57.6639 3
      vertex -17 34.3152 3
      vertex -60.2358 57.9427 3
    endloop
  endfacet
  facet normal 0 -0 1
    outer loop
      vertex -37.6033 19.2816 3
      vertex -17 34.3152 3
      vertex -37.6212 19.2854 3
    endloop
  endfacet
  facet normal 0 -0 1
    outer loop
      vertex -38.257 19.3271 3
      vertex -17 34.3152 3
      vertex -60.3907 57.6639 3
    endloop
  endfacet
  facet normal 0 -0 1
    outer loop
      vertex -37.6212 19.2854 3
      vertex -17 34.3152 3
      vertex -37.9381 19.3219 3
    endloop
  endfacet
  facet normal 0 -0 1
    outer loop
      vertex -37.9381 19.3219 3
      vertex -17 34.3152 3
      vertex -38.257 19.3271 3
    endloop
  endfacet
  facet normal 0 0 1
    outer loop
      vertex -38.257 19.3271 3
      vertex -60.3907 57.6639 3
      vertex -38.5748 19.301 3
    endloop
  endfacet
  facet normal -0 0 1
    outer loop
      vertex -60.5722 57.4016 3
      vertex -38.5748 19.301 3
      vertex -60.3907 57.6639 3
    endloop
  endfacet
  facet normal 0 0 1
    outer loop
      vertex -38.5748 19.301 3
      vertex -60.5722 57.4016 3
      vertex -38.8886 19.2439 3
    endloop
  endfacet
  facet normal 0 0 1
    outer loop
      vertex -40.5227 18.3005 3
      vertex -43.7308 15.7439 3
      vertex -40.729 18.0573 3
    endloop
  endfacet
  facet normal 0 0 1
    outer loop
      vertex -40.729 18.0573 3
      vertex -43.7308 15.7439 3
      vertex -40.9105 17.7951 3
    endloop
  endfacet
  facet normal 0 0 1
    outer loop
      vertex -40.9105 17.7951 3
      vertex -43.7308 15.7439 3
      vertex -41.0655 17.5163 3
    endloop
  endfacet
  facet normal 0 0 1
    outer loop
      vertex -41.0655 17.5163 3
      vertex -43.7308 15.7439 3
      vertex -41.1923 17.2236 3
    endloop
  endfacet
  facet normal 0 -0 1
    outer loop
      vertex -62.6212 62.5867 3
      vertex -22.8911 85.5249 3
      vertex -62.9381 62.6231 3
    endloop
  endfacet
  facet normal 0 0 1
    outer loop
      vertex -41.1923 17.2236 3
      vertex -43.7308 15.7439 3
      vertex -41.1979 17.2062 3
    endloop
  endfacet
  facet normal -0 0 1
    outer loop
      vertex -60.7786 57.1584 3
      vertex -38.8886 19.2439 3
      vertex -60.5722 57.4016 3
    endloop
  endfacet
  facet normal 0 0 1
    outer loop
      vertex -38.8886 19.2439 3
      vertex -60.7786 57.1584 3
      vertex -39.1953 19.1564 3
    endloop
  endfacet
  facet normal -0 0 1
    outer loop
      vertex -61.0078 56.9366 3
      vertex -39.1953 19.1564 3
      vertex -60.7786 57.1584 3
    endloop
  endfacet
  facet normal 0 0 1
    outer loop
      vertex -39.1953 19.1564 3
      vertex -61.0078 56.9366 3
      vertex -39.4919 19.0391 3
    endloop
  endfacet
  facet normal -0 0 1
    outer loop
      vertex -61.2576 56.7384 3
      vertex -39.4919 19.0391 3
      vertex -61.0078 56.9366 3
    endloop
  endfacet
  facet normal 0 0 1
    outer loop
      vertex -39.4919 19.0391 3
      vertex -61.2576 56.7384 3
      vertex -39.7756 18.8934 3
    endloop
  endfacet
  facet normal -0 0 1
    outer loop
      vertex -61.5256 56.5655 3
      vertex -39.7756 18.8934 3
      vertex -61.2576 56.7384 3
    endloop
  endfacet
  facet normal -0 0 1
    outer loop
      vertex -62.106 56.3026 3
      vertex -40.2935 18.5223 3
      vertex -61.8093 56.4198 3
    endloop
  endfacet
  facet normal 0 0 1
    outer loop
      vertex -40.0437 18.7206 3
      vertex -61.8093 56.4198 3
      vertex -40.2935 18.5223 3
    endloop
  endfacet
  facet normal -0 0 1
    outer loop
      vertex -61.8093 56.4198 3
      vertex -40.0437 18.7206 3
      vertex -61.5256 56.5655 3
    endloop
  endfacet
  facet normal 0 0 1
    outer loop
      vertex -39.7756 18.8934 3
      vertex -61.5256 56.5655 3
      vertex -40.0437 18.7206 3
    endloop
  endfacet
  facet normal 0 0 1
    outer loop
      vertex -21.8278 81.8017 3
      vertex -59.9284 59.8043 3
      vertex -59.9024 59.4864 3
    endloop
  endfacet
  facet normal 0 0 1
    outer loop
      vertex -22.071 82.008 3
      vertex -59.9855 60.1181 3
      vertex -59.9284 59.8043 3
    endloop
  endfacet
  facet normal 0 0 1
    outer loop
      vertex -22.2928 82.2372 3
      vertex -60.0731 60.4248 3
      vertex -59.9855 60.1181 3
    endloop
  endfacet
  facet normal 0 0 1
    outer loop
      vertex -22.4911 82.4871 3
      vertex -60.1903 60.7214 3
      vertex -60.0731 60.4248 3
    endloop
  endfacet
  facet normal 0 0 1
    outer loop
      vertex -22.6639 82.7551 3
      vertex -60.3361 61.0051 3
      vertex -60.1903 60.7214 3
    endloop
  endfacet
  facet normal 0 0 1
    outer loop
      vertex -22.8097 83.0388 3
      vertex -60.5089 61.2732 3
      vertex -60.3361 61.0051 3
    endloop
  endfacet
  facet normal 0 0 1
    outer loop
      vertex -22.9269 83.3354 3
      vertex -60.7072 61.523 3
      vertex -60.5089 61.2732 3
    endloop
  endfacet
  facet normal 0 0 1
    outer loop
      vertex -23.0145 83.6421 3
      vertex -60.929 61.7522 3
      vertex -60.7072 61.523 3
    endloop
  endfacet
  facet normal 0 0 1
    outer loop
      vertex -23.0716 83.9559 3
      vertex -61.1722 61.9585 3
      vertex -60.929 61.7522 3
    endloop
  endfacet
  facet normal 0 0 1
    outer loop
      vertex -23.0976 84.2738 3
      vertex -61.4344 62.14 3
      vertex -61.1722 61.9585 3
    endloop
  endfacet
  facet normal 0 0 1
    outer loop
      vertex -23.0924 84.5927 3
      vertex -61.7132 62.2949 3
      vertex -61.4344 62.14 3
    endloop
  endfacet
  facet normal 0 0 1
    outer loop
      vertex -23.056 84.9095 3
      vertex -62.0058 62.4218 3
      vertex -61.7132 62.2949 3
    endloop
  endfacet
  facet normal 0 0 1
    outer loop
      vertex -22.9886 85.2213 3
      vertex -62.3095 62.5194 3
      vertex -62.0058 62.4218 3
    endloop
  endfacet
  facet normal 0 0 1
    outer loop
      vertex -22.9886 85.2213 3
      vertex -62.6212 62.5867 3
      vertex -62.3095 62.5194 3
    endloop
  endfacet
  facet normal 0 0 1
    outer loop
      vertex -22.8911 85.5249 3
      vertex -62.6212 62.5867 3
      vertex -22.9886 85.2213 3
    endloop
  endfacet
  facet normal 0 0 1
    outer loop
      vertex -17.158 106.719 3
      vertex -63.257 62.6284 3
      vertex -62.9381 62.6231 3
    endloop
  endfacet
  facet normal -0 0 1
    outer loop
      vertex -83.842 68.2186 3
      vertex -63.257 62.6284 3
      vertex -17.158 106.719 3
    endloop
  endfacet
  facet normal 0 0 1
    outer loop
      vertex -63.257 62.6284 3
      vertex -83.842 68.2186 3
      vertex -63.5748 62.6023 3
    endloop
  endfacet
  facet normal 0 0 1
    outer loop
      vertex -63.5748 62.6023 3
      vertex -83.842 68.2186 3
      vertex -63.8886 62.5452 3
    endloop
  endfacet
  facet normal 0 0 1
    outer loop
      vertex -63.8886 62.5452 3
      vertex -83.842 68.2186 3
      vertex -64.1953 62.4576 3
    endloop
  endfacet
  facet normal 0 0 1
    outer loop
      vertex -64.1953 62.4576 3
      vertex -83.842 68.2186 3
      vertex -64.4919 62.3404 3
    endloop
  endfacet
  facet normal 0 0 1
    outer loop
      vertex -64.4919 62.3404 3
      vertex -83.842 68.2186 3
      vertex -64.7756 62.1947 3
    endloop
  endfacet
  facet normal 0 0 1
    outer loop
      vertex -64.7756 62.1947 3
      vertex -83.842 68.2186 3
      vertex -65.0437 62.0219 3
    endloop
  endfacet
  facet normal 0 0 1
    outer loop
      vertex -66.3572 59.9095 3
      vertex -84.391 66.1695 3
      vertex -66.3937 59.5927 3
    endloop
  endfacet
  facet normal 0 0 1
    outer loop
      vertex -66.2899 60.2213 3
      vertex -84.391 66.1695 3
      vertex -66.3572 59.9095 3
    endloop
  endfacet
  facet normal 0 0 1
    outer loop
      vertex -66.1923 60.5249 3
      vertex -84.391 66.1695 3
      vertex -66.2899 60.2213 3
    endloop
  endfacet
  facet normal 0 0 1
    outer loop
      vertex -66.0655 60.8175 3
      vertex -84.391 66.1695 3
      vertex -66.1923 60.5249 3
    endloop
  endfacet
  facet normal -0 0 1
    outer loop
      vertex -84.391 66.1695 3
      vertex -66.0655 60.8175 3
      vertex -83.842 68.2186 3
    endloop
  endfacet
  facet normal 0 0 1
    outer loop
      vertex -65.9105 61.0963 3
      vertex -83.842 68.2186 3
      vertex -66.0655 60.8175 3
    endloop
  endfacet
  facet normal 0 0 1
    outer loop
      vertex -65.729 61.3586 3
      vertex -83.842 68.2186 3
      vertex -65.9105 61.0963 3
    endloop
  endfacet
  facet normal 0 0 1
    outer loop
      vertex -65.5227 61.6018 3
      vertex -83.842 68.2186 3
      vertex -65.729 61.3586 3
    endloop
  endfacet
  facet normal 0 0 1
    outer loop
      vertex -65.2935 61.8236 3
      vertex -83.842 68.2186 3
      vertex -65.5227 61.6018 3
    endloop
  endfacet
  facet normal 0 0 1
    outer loop
      vertex -65.0437 62.0219 3
      vertex -83.842 68.2186 3
      vertex -65.2935 61.8236 3
    endloop
  endfacet
  facet normal -0.397607 -0.917556 0
    outer loop
      vertex -15.2554 -53.0713 -3
      vertex -15.1204 -53.1298 3
      vertex -15.2554 -53.0713 3
    endloop
  endfacet
  facet normal -0.397607 -0.917556 -0
    outer loop
      vertex -15.1204 -53.1298 3
      vertex -15.2554 -53.0713 -3
      vertex -15.1204 -53.1298 -3
    endloop
  endfacet
  facet normal 0.866026 0.5 0
    outer loop
      vertex 48.9449 -16.775 4.5
      vertex 42.9449 -6.38269 3
      vertex 42.9449 -6.38269 4.5
    endloop
  endfacet
  facet normal 0.866026 0.5 0
    outer loop
      vertex 42.9449 -6.38269 3
      vertex 48.9449 -16.775 4.5
      vertex 48.9449 -16.775 3
    endloop
  endfacet
  facet normal 0.866026 0.5 0
    outer loop
      vertex 48.9449 -16.775 -3
      vertex 42.9449 -6.38269 -4.5
      vertex 42.9449 -6.38269 -3
    endloop
  endfacet
  facet normal 0.866026 0.5 0
    outer loop
      vertex 42.9449 -6.38269 -4.5
      vertex 48.9449 -16.775 -3
      vertex 48.9449 -16.775 -4.5
    endloop
  endfacet
  facet normal 0 0 1
    outer loop
      vertex 42.9449 -6.38269 4.5
      vertex -9.94486 -50.775 4.5
      vertex 48.9449 -16.775 4.5
    endloop
  endfacet
  facet normal 0 -0 1
    outer loop
      vertex -9.94486 -50.775 4.5
      vertex 42.9449 -6.38269 4.5
      vertex -15.9449 -40.3827 4.5
    endloop
  endfacet
  facet normal 0 0 -1
    outer loop
      vertex -9.94486 -50.775 -4.5
      vertex 42.9449 -6.38269 -4.5
      vertex 48.9449 -16.775 -4.5
    endloop
  endfacet
  facet normal 0 0 -1
    outer loop
      vertex 42.9449 -6.38269 -4.5
      vertex -9.94486 -50.775 -4.5
      vertex -15.9449 -40.3827 -4.5
    endloop
  endfacet
  facet normal -0.866024 -0.500003 0
    outer loop
      vertex -9.94486 -50.775 3
      vertex -15.9449 -40.3827 4.5
      vertex -15.9449 -40.3827 3
    endloop
  endfacet
  facet normal -0.866024 -0.500003 0
    outer loop
      vertex -15.9449 -40.3827 4.5
      vertex -9.94486 -50.775 3
      vertex -9.94486 -50.775 4.5
    endloop
  endfacet
  facet normal -0.866024 -0.500003 0
    outer loop
      vertex -9.94486 -50.775 -4.5
      vertex -15.9449 -40.3827 -3
      vertex -15.9449 -40.3827 -4.5
    endloop
  endfacet
  facet normal -0.866024 -0.500003 0
    outer loop
      vertex -15.9449 -40.3827 -3
      vertex -9.94486 -50.775 -4.5
      vertex -9.94486 -50.775 -3
    endloop
  endfacet
  facet normal -0.5 0.866026 0
    outer loop
      vertex 42.9449 -6.38269 3
      vertex -15.9449 -40.3827 4.5
      vertex 42.9449 -6.38269 4.5
    endloop
  endfacet
  facet normal -0.5 0.866026 0
    outer loop
      vertex -15.9449 -40.3827 4.5
      vertex 42.9449 -6.38269 3
      vertex -15.9449 -40.3827 3
    endloop
  endfacet
  facet normal -0.5 0.866026 0
    outer loop
      vertex 42.9449 -6.38269 -4.5
      vertex -15.9449 -40.3827 -3
      vertex 42.9449 -6.38269 -3
    endloop
  endfacet
  facet normal -0.5 0.866026 0
    outer loop
      vertex -15.9449 -40.3827 -3
      vertex 42.9449 -6.38269 -4.5
      vertex -15.9449 -40.3827 -4.5
    endloop
  endfacet
  facet normal -0.999867 0.0163039 0
    outer loop
      vertex -59.9076 59.1675 -3
      vertex -59.9024 59.4864 3
      vertex -59.9024 59.4864 -3
    endloop
  endfacet
  facet normal -0.999867 0.0163039 0
    outer loop
      vertex -59.9024 59.4864 3
      vertex -59.9076 59.1675 -3
      vertex -59.9076 59.1675 3
    endloop
  endfacet
  facet normal -0.783219 -0.621746 0
    outer loop
      vertex -60.5089 61.2732 -3
      vertex -60.7072 61.523 3
      vertex -60.7072 61.523 -3
    endloop
  endfacet
  facet normal -0.783219 -0.621746 0
    outer loop
      vertex -60.7072 61.523 3
      vertex -60.5089 61.2732 -3
      vertex -60.5089 61.2732 3
    endloop
  endfacet
  facet normal -0.840536 -0.541755 0
    outer loop
      vertex -60.3361 61.0051 -3
      vertex -60.5089 61.2732 3
      vertex -60.5089 61.2732 -3
    endloop
  endfacet
  facet normal -0.840536 -0.541755 0
    outer loop
      vertex -60.5089 61.2732 3
      vertex -60.3361 61.0051 -3
      vertex -60.3361 61.0051 3
    endloop
  endfacet
  facet normal -0.718612 -0.695411 0
    outer loop
      vertex -60.7072 61.523 -3
      vertex -60.929 61.7522 3
      vertex -60.929 61.7522 -3
    endloop
  endfacet
  facet normal -0.718612 -0.695411 0
    outer loop
      vertex -60.929 61.7522 3
      vertex -60.7072 61.523 -3
      vertex -60.7072 61.523 3
    endloop
  endfacet
  facet normal 0.367495 -0.930026 0
    outer loop
      vertex -64.4919 62.3404 -3
      vertex -64.1953 62.4576 3
      vertex -64.4919 62.3404 3
    endloop
  endfacet
  facet normal 0.367495 -0.930026 0
    outer loop
      vertex -64.1953 62.4576 3
      vertex -64.4919 62.3404 -3
      vertex -64.1953 62.4576 -3
    endloop
  endfacet
  facet normal 0.718612 0.695411 0
    outer loop
      vertex -65.3723 57.008 3
      vertex -65.5941 57.2372 -3
      vertex -65.5941 57.2372 3
    endloop
  endfacet
  facet normal 0.718612 0.695411 0
    outer loop
      vertex -65.5941 57.2372 -3
      vertex -65.3723 57.008 3
      vertex -65.3723 57.008 -3
    endloop
  endfacet
  facet normal -0.983845 -0.179023 0
    outer loop
      vertex -59.9284 59.8043 -3
      vertex -59.9855 60.1181 3
      vertex -59.9855 60.1181 -3
    endloop
  endfacet
  facet normal -0.983845 -0.179023 0
    outer loop
      vertex -59.9855 60.1181 3
      vertex -59.9284 59.8043 -3
      vertex -59.9284 59.8043 3
    endloop
  endfacet
  facet normal 0.874009 -0.485909 0
    outer loop
      vertex -66.0655 60.8175 3
      vertex -65.9105 61.0963 -3
      vertex -65.9105 61.0963 3
    endloop
  endfacet
  facet normal 0.874009 -0.485909 0
    outer loop
      vertex -65.9105 61.0963 -3
      vertex -66.0655 60.8175 3
      vertex -66.0655 60.8175 -3
    endloop
  endfacet
  facet normal -0.762434 0.647066 0
    outer loop
      vertex -60.7786 57.1584 -3
      vertex -60.5722 57.4016 3
      vertex -60.5722 57.4016 -3
    endloop
  endfacet
  facet normal -0.762434 0.647066 0
    outer loop
      vertex -60.5722 57.4016 3
      vertex -60.7786 57.1584 -3
      vertex -60.7786 57.1584 3
    endloop
  endfacet
  facet normal -0.646884 -0.762589 0
    outer loop
      vertex -61.1722 61.9585 -3
      vertex -60.929 61.7522 3
      vertex -61.1722 61.9585 3
    endloop
  endfacet
  facet normal -0.646884 -0.762589 -0
    outer loop
      vertex -60.929 61.7522 3
      vertex -61.1722 61.9585 -3
      vertex -60.929 61.7522 -3
    endloop
  endfacet
  facet normal 0.977489 -0.210985 0
    outer loop
      vertex -66.3572 59.9095 3
      vertex -66.2899 60.2213 -3
      vertex -66.2899 60.2213 3
    endloop
  endfacet
  facet normal 0.977489 -0.210985 0
    outer loop
      vertex -66.2899 60.2213 -3
      vertex -66.3572 59.9095 3
      vertex -66.3572 59.9095 -3
    endloop
  endfacet
  facet normal 0.210985 0.977489 -0
    outer loop
      vertex -63.68 56.1735 -3
      vertex -63.9918 56.2408 3
      vertex -63.68 56.1735 3
    endloop
  endfacet
  facet normal 0.210985 0.977489 0
    outer loop
      vertex -63.9918 56.2408 3
      vertex -63.68 56.1735 -3
      vertex -63.9918 56.2408 -3
    endloop
  endfacet
  facet normal -0.977425 0.211284 0
    outer loop
      vertex -60.0114 58.5389 -3
      vertex -59.944 58.8507 3
      vertex -59.944 58.8507 -3
    endloop
  endfacet
  facet normal -0.977425 0.211284 0
    outer loop
      vertex -59.944 58.8507 3
      vertex -60.0114 58.5389 -3
      vertex -60.0114 58.5389 3
    endloop
  endfacet
  facet normal -0.274721 0.961524 0
    outer loop
      vertex -62.106 56.3026 -3
      vertex -62.4126 56.215 3
      vertex -62.106 56.3026 3
    endloop
  endfacet
  facet normal -0.274721 0.961524 0
    outer loop
      vertex -62.4126 56.215 3
      vertex -62.106 56.3026 -3
      vertex -62.4126 56.215 -3
    endloop
  endfacet
  facet normal -0.889419 -0.457093 0
    outer loop
      vertex -60.1903 60.7214 -3
      vertex -60.3361 61.0051 3
      vertex -60.3361 61.0051 -3
    endloop
  endfacet
  facet normal -0.889419 -0.457093 0
    outer loop
      vertex -60.3361 61.0051 3
      vertex -60.1903 60.7214 -3
      vertex -60.1903 60.7214 3
    endloop
  endfacet
  facet normal -0.621554 0.783371 0
    outer loop
      vertex -61.0078 56.9366 -3
      vertex -61.2576 56.7384 3
      vertex -61.0078 56.9366 3
    endloop
  endfacet
  facet normal -0.621554 0.783371 0
    outer loop
      vertex -61.2576 56.7384 3
      vertex -61.0078 56.9366 -3
      vertex -61.2576 56.7384 -3
    endloop
  endfacet
  facet normal -0.917434 0.397889 0
    outer loop
      vertex -60.2358 57.9427 -3
      vertex -60.1089 58.2353 3
      vertex -60.1089 58.2353 -3
    endloop
  endfacet
  facet normal -0.917434 0.397889 0
    outer loop
      vertex -60.1089 58.2353 3
      vertex -60.2358 57.9427 -3
      vertex -60.2358 57.9427 3
    endloop
  endfacet
  facet normal -0.114112 -0.993468 0
    outer loop
      vertex -62.9381 62.6231 -3
      vertex -62.6212 62.5867 3
      vertex -62.9381 62.6231 3
    endloop
  endfacet
  facet normal -0.114112 -0.993468 -0
    outer loop
      vertex -62.6212 62.5867 3
      vertex -62.9381 62.6231 -3
      vertex -62.6212 62.5867 -3
    endloop
  endfacet
  facet normal 0.179023 -0.983845 0
    outer loop
      vertex -63.8886 62.5452 -3
      vertex -63.5748 62.6023 3
      vertex -63.8886 62.5452 3
    endloop
  endfacet
  facet normal 0.179023 -0.983845 0
    outer loop
      vertex -63.5748 62.6023 3
      vertex -63.8886 62.5452 -3
      vertex -63.5748 62.6023 -3
    endloop
  endfacet
  facet normal 0.114148 0.993464 -0
    outer loop
      vertex -63.3632 56.1371 -3
      vertex -63.68 56.1735 3
      vertex -63.3632 56.1371 3
    endloop
  endfacet
  facet normal 0.114148 0.993464 0
    outer loop
      vertex -63.68 56.1735 3
      vertex -63.3632 56.1371 -3
      vertex -63.68 56.1735 -3
    endloop
  endfacet
  facet normal 0.646884 0.762589 -0
    outer loop
      vertex -65.1291 56.8017 -3
      vertex -65.3723 57.008 3
      vertex -65.1291 56.8017 3
    endloop
  endfacet
  facet normal 0.646884 0.762589 0
    outer loop
      vertex -65.3723 57.008 3
      vertex -65.1291 56.8017 -3
      vertex -65.3723 57.008 -3
    endloop
  endfacet
  facet normal -0.930026 -0.367495 0
    outer loop
      vertex -60.0731 60.4248 -3
      vertex -60.1903 60.7214 3
      vertex -60.1903 60.7214 -3
    endloop
  endfacet
  facet normal -0.930026 -0.367495 0
    outer loop
      vertex -60.1903 60.7214 3
      vertex -60.0731 60.4248 -3
      vertex -60.0731 60.4248 3
    endloop
  endfacet
  facet normal -0.397889 -0.917434 0
    outer loop
      vertex -62.0058 62.4218 -3
      vertex -61.7132 62.2949 3
      vertex -62.0058 62.4218 3
    endloop
  endfacet
  facet normal -0.397889 -0.917434 -0
    outer loop
      vertex -61.7132 62.2949 3
      vertex -62.0058 62.4218 -3
      vertex -61.7132 62.2949 -3
    endloop
  endfacet
  facet normal 0.456845 -0.889546 0
    outer loop
      vertex -64.7756 62.1947 -3
      vertex -64.4919 62.3404 3
      vertex -64.7756 62.1947 3
    endloop
  endfacet
  facet normal 0.456845 -0.889546 0
    outer loop
      vertex -64.4919 62.3404 3
      vertex -64.7756 62.1947 -3
      vertex -64.4919 62.3404 -3
    endloop
  endfacet
  facet normal -0.961548 -0.274638 0
    outer loop
      vertex -59.9855 60.1181 -3
      vertex -60.0731 60.4248 3
      vertex -60.0731 60.4248 -3
    endloop
  endfacet
  facet normal -0.961548 -0.274638 0
    outer loop
      vertex -60.0731 60.4248 3
      vertex -59.9855 60.1181 -3
      vertex -59.9855 60.1181 3
    endloop
  endfacet
  facet normal -0.822328 0.569014 0
    outer loop
      vertex -60.5722 57.4016 -3
      vertex -60.3907 57.6639 3
      vertex -60.3907 57.6639 -3
    endloop
  endfacet
  facet normal -0.822328 0.569014 0
    outer loop
      vertex -60.3907 57.6639 3
      vertex -60.5722 57.4016 -3
      vertex -60.5722 57.4016 3
    endloop
  endfacet
  facet normal 0.929918 0.367766 0
    outer loop
      vertex -66.1109 58.0388 3
      vertex -66.2282 58.3354 -3
      vertex -66.2282 58.3354 3
    endloop
  endfacet
  facet normal 0.929918 0.367766 0
    outer loop
      vertex -66.2282 58.3354 -3
      vertex -66.1109 58.0388 3
      vertex -66.1109 58.0388 -3
    endloop
  endfacet
  facet normal 0.917548 -0.397625 0
    outer loop
      vertex -66.1923 60.5249 3
      vertex -66.0655 60.8175 -3
      vertex -66.0655 60.8175 3
    endloop
  endfacet
  facet normal 0.917548 -0.397625 0
    outer loop
      vertex -66.0655 60.8175 -3
      vertex -66.1923 60.5249 3
      vertex -66.1923 60.5249 -3
    endloop
  endfacet
  facet normal 0.999867 -0.0163039 0
    outer loop
      vertex -66.3989 59.2738 3
      vertex -66.3937 59.5927 -3
      vertex -66.3937 59.5927 3
    endloop
  endfacet
  facet normal 0.999867 -0.0163039 0
    outer loop
      vertex -66.3937 59.5927 -3
      vertex -66.3989 59.2738 3
      vertex -66.3989 59.2738 -3
    endloop
  endfacet
  facet normal -0.0166173 -0.999862 0
    outer loop
      vertex -63.257 62.6284 -3
      vertex -62.9381 62.6231 3
      vertex -63.257 62.6284 3
    endloop
  endfacet
  facet normal -0.0166173 -0.999862 -0
    outer loop
      vertex -62.9381 62.6231 3
      vertex -63.257 62.6284 -3
      vertex -62.9381 62.6231 -3
    endloop
  endfacet
  facet normal 0.762589 -0.646884 0
    outer loop
      vertex -65.729 61.3586 3
      vertex -65.5227 61.6018 -3
      vertex -65.5227 61.6018 3
    endloop
  endfacet
  facet normal 0.762589 -0.646884 0
    outer loop
      vertex -65.5227 61.6018 -3
      vertex -65.729 61.3586 3
      vertex -65.729 61.3586 -3
    endloop
  endfacet
  facet normal 0.0166173 0.999862 -0
    outer loop
      vertex -63.0443 56.1318 -3
      vertex -63.3632 56.1371 3
      vertex -63.0443 56.1318 3
    endloop
  endfacet
  facet normal 0.0166173 0.999862 0
    outer loop
      vertex -63.3632 56.1371 3
      vertex -63.0443 56.1318 -3
      vertex -63.3632 56.1371 -3
    endloop
  endfacet
  facet normal -0.179023 0.983845 0
    outer loop
      vertex -62.4126 56.215 -3
      vertex -62.7264 56.1579 3
      vertex -62.4126 56.215 3
    endloop
  endfacet
  facet normal -0.179023 0.983845 0
    outer loop
      vertex -62.7264 56.1579 3
      vertex -62.4126 56.215 -3
      vertex -62.7264 56.1579 -3
    endloop
  endfacet
  facet normal 0.952016 -0.30605 0
    outer loop
      vertex -66.2899 60.2213 3
      vertex -66.1923 60.5249 -3
      vertex -66.1923 60.5249 3
    endloop
  endfacet
  facet normal 0.952016 -0.30605 0
    outer loop
      vertex -66.1923 60.5249 -3
      vertex -66.2899 60.2213 3
      vertex -66.2899 60.2213 -3
    endloop
  endfacet
  facet normal 0.48567 0.874142 -0
    outer loop
      vertex -64.5881 56.4653 -3
      vertex -64.8669 56.6202 3
      vertex -64.5881 56.4653 3
    endloop
  endfacet
  facet normal 0.48567 0.874142 0
    outer loop
      vertex -64.8669 56.6202 3
      vertex -64.5881 56.4653 -3
      vertex -64.8669 56.6202 -3
    endloop
  endfacet
  facet normal 0.78334 0.621594 0
    outer loop
      vertex -65.5941 57.2372 3
      vertex -65.7924 57.4871 -3
      vertex -65.7924 57.4871 3
    endloop
  endfacet
  facet normal 0.78334 0.621594 0
    outer loop
      vertex -65.7924 57.4871 -3
      vertex -65.5941 57.2372 3
      vertex -65.5941 57.2372 -3
    endloop
  endfacet
  facet normal -0.48567 -0.874142 0
    outer loop
      vertex -61.7132 62.2949 -3
      vertex -61.4344 62.14 3
      vertex -61.7132 62.2949 3
    endloop
  endfacet
  facet normal -0.48567 -0.874142 -0
    outer loop
      vertex -61.4344 62.14 3
      vertex -61.7132 62.2949 -3
      vertex -61.4344 62.14 -3
    endloop
  endfacet
  facet normal -0.367388 0.930068 0
    outer loop
      vertex -61.8093 56.4198 -3
      vertex -62.106 56.3026 3
      vertex -61.8093 56.4198 3
    endloop
  endfacet
  facet normal -0.367388 0.930068 0
    outer loop
      vertex -62.106 56.3026 3
      vertex -61.8093 56.4198 -3
      vertex -62.106 56.3026 -3
    endloop
  endfacet
  facet normal -0.993464 0.114148 0
    outer loop
      vertex -59.944 58.8507 -3
      vertex -59.9076 59.1675 3
      vertex -59.9076 59.1675 -3
    endloop
  endfacet
  facet normal -0.993464 0.114148 0
    outer loop
      vertex -59.9076 59.1675 3
      vertex -59.944 58.8507 -3
      vertex -59.944 58.8507 3
    endloop
  endfacet
  facet normal -0.305958 -0.952045 0
    outer loop
      vertex -62.3095 62.5194 -3
      vertex -62.0058 62.4218 3
      vertex -62.3095 62.5194 3
    endloop
  endfacet
  facet normal -0.305958 -0.952045 -0
    outer loop
      vertex -62.0058 62.4218 3
      vertex -62.3095 62.5194 -3
      vertex -62.0058 62.4218 -3
    endloop
  endfacet
  facet normal 0.822328 -0.569014 0
    outer loop
      vertex -65.9105 61.0963 3
      vertex -65.729 61.3586 -3
      vertex -65.729 61.3586 3
    endloop
  endfacet
  facet normal 0.822328 -0.569014 0
    outer loop
      vertex -65.729 61.3586 -3
      vertex -65.9105 61.0963 3
      vertex -65.9105 61.0963 -3
    endloop
  endfacet
  facet normal -0.211049 -0.977475 0
    outer loop
      vertex -62.6212 62.5867 -3
      vertex -62.3095 62.5194 3
      vertex -62.6212 62.5867 3
    endloop
  endfacet
  facet normal -0.211049 -0.977475 -0
    outer loop
      vertex -62.3095 62.5194 3
      vertex -62.6212 62.5867 -3
      vertex -62.3095 62.5194 -3
    endloop
  endfacet
  facet normal 0.840444 0.541898 0
    outer loop
      vertex -65.7924 57.4871 3
      vertex -65.9652 57.7551 -3
      vertex -65.9652 57.7551 3
    endloop
  endfacet
  facet normal 0.840444 0.541898 0
    outer loop
      vertex -65.9652 57.7551 -3
      vertex -65.7924 57.4871 3
      vertex -65.7924 57.4871 -3
    endloop
  endfacet
  facet normal -0.569161 -0.822226 0
    outer loop
      vertex -61.4344 62.14 -3
      vertex -61.1722 61.9585 3
      vertex -61.4344 62.14 3
    endloop
  endfacet
  facet normal -0.569161 -0.822226 -0
    outer loop
      vertex -61.1722 61.9585 3
      vertex -61.4344 62.14 -3
      vertex -61.1722 61.9585 -3
    endloop
  endfacet
  facet normal 0.0818515 -0.996645 0
    outer loop
      vertex -63.5748 62.6023 -3
      vertex -63.257 62.6284 3
      vertex -63.5748 62.6023 3
    endloop
  endfacet
  facet normal 0.0818515 -0.996645 0
    outer loop
      vertex -63.257 62.6284 3
      vertex -63.5748 62.6023 -3
      vertex -63.257 62.6284 -3
    endloop
  endfacet
  facet normal 0.621746 -0.783219 0
    outer loop
      vertex -65.2935 61.8236 -3
      vertex -65.0437 62.0219 3
      vertex -65.2935 61.8236 3
    endloop
  endfacet
  facet normal 0.621746 -0.783219 0
    outer loop
      vertex -65.0437 62.0219 3
      vertex -65.2935 61.8236 -3
      vertex -65.0437 62.0219 -3
    endloop
  endfacet
  facet normal -0.952107 0.305766 0
    outer loop
      vertex -60.1089 58.2353 -3
      vertex -60.0114 58.5389 3
      vertex -60.0114 58.5389 -3
    endloop
  endfacet
  facet normal -0.952107 0.305766 0
    outer loop
      vertex -60.0114 58.5389 3
      vertex -60.1089 58.2353 -3
      vertex -60.1089 58.2353 3
    endloop
  endfacet
  facet normal 0.541755 -0.840536 0
    outer loop
      vertex -65.0437 62.0219 -3
      vertex -64.7756 62.1947 3
      vertex -65.0437 62.0219 3
    endloop
  endfacet
  facet normal 0.541755 -0.840536 0
    outer loop
      vertex -64.7756 62.1947 3
      vertex -65.0437 62.0219 -3
      vertex -64.7756 62.1947 -3
    endloop
  endfacet
  facet normal -0.695411 0.718612 0
    outer loop
      vertex -60.7786 57.1584 -3
      vertex -61.0078 56.9366 3
      vertex -60.7786 57.1584 3
    endloop
  endfacet
  facet normal -0.695411 0.718612 0
    outer loop
      vertex -61.0078 56.9366 3
      vertex -60.7786 57.1584 -3
      vertex -61.0078 56.9366 -3
    endloop
  endfacet
  facet normal 0.695411 -0.718612 0
    outer loop
      vertex -65.5227 61.6018 -3
      vertex -65.2935 61.8236 3
      vertex -65.5227 61.6018 3
    endloop
  endfacet
  facet normal 0.695411 -0.718612 0
    outer loop
      vertex -65.2935 61.8236 3
      vertex -65.5227 61.6018 -3
      vertex -65.2935 61.8236 -3
    endloop
  endfacet
  facet normal -0.996672 -0.0815146 0
    outer loop
      vertex -59.9024 59.4864 -3
      vertex -59.9284 59.8043 3
      vertex -59.9284 59.8043 -3
    endloop
  endfacet
  facet normal -0.996672 -0.0815146 0
    outer loop
      vertex -59.9284 59.8043 3
      vertex -59.9024 59.4864 -3
      vertex -59.9024 59.4864 3
    endloop
  endfacet
  facet normal -0.54212 0.840301 0
    outer loop
      vertex -61.2576 56.7384 -3
      vertex -61.5256 56.5655 3
      vertex -61.2576 56.7384 3
    endloop
  endfacet
  facet normal -0.54212 0.840301 0
    outer loop
      vertex -61.5256 56.5655 3
      vertex -61.2576 56.7384 -3
      vertex -61.5256 56.5655 -3
    endloop
  endfacet
  facet normal 0.30605 0.952016 -0
    outer loop
      vertex -63.9918 56.2408 -3
      vertex -64.2954 56.3384 3
      vertex -63.9918 56.2408 3
    endloop
  endfacet
  facet normal 0.30605 0.952016 0
    outer loop
      vertex -64.2954 56.3384 3
      vertex -63.9918 56.2408 -3
      vertex -64.2954 56.3384 -3
    endloop
  endfacet
  facet normal 0.397775 0.917483 -0
    outer loop
      vertex -64.2954 56.3384 -3
      vertex -64.5881 56.4653 3
      vertex -64.2954 56.3384 3
    endloop
  endfacet
  facet normal 0.397775 0.917483 0
    outer loop
      vertex -64.5881 56.4653 3
      vertex -64.2954 56.3384 -3
      vertex -64.5881 56.4653 -3
    endloop
  endfacet
  facet normal 0.983845 0.179023 0
    outer loop
      vertex -66.3157 58.6421 3
      vertex -66.3728 58.9559 -3
      vertex -66.3728 58.9559 3
    endloop
  endfacet
  facet normal 0.983845 0.179023 0
    outer loop
      vertex -66.3728 58.9559 -3
      vertex -66.3157 58.6421 3
      vertex -66.3157 58.6421 -3
    endloop
  endfacet
  facet normal 0.96163 0.274348 0
    outer loop
      vertex -66.2282 58.3354 3
      vertex -66.3157 58.6421 -3
      vertex -66.3157 58.6421 3
    endloop
  endfacet
  facet normal 0.96163 0.274348 0
    outer loop
      vertex -66.3157 58.6421 -3
      vertex -66.2282 58.3354 3
      vertex -66.2282 58.3354 -3
    endloop
  endfacet
  facet normal -0.874142 0.48567 0
    outer loop
      vertex -60.3907 57.6639 -3
      vertex -60.2358 57.9427 3
      vertex -60.2358 57.9427 -3
    endloop
  endfacet
  facet normal -0.874142 0.48567 0
    outer loop
      vertex -60.2358 57.9427 3
      vertex -60.3907 57.6639 -3
      vertex -60.3907 57.6639 3
    endloop
  endfacet
  facet normal 0.993428 -0.114457 0
    outer loop
      vertex -66.3937 59.5927 3
      vertex -66.3572 59.9095 -3
      vertex -66.3572 59.9095 3
    endloop
  endfacet
  facet normal 0.993428 -0.114457 0
    outer loop
      vertex -66.3572 59.9095 -3
      vertex -66.3937 59.5927 3
      vertex -66.3937 59.5927 -3
    endloop
  endfacet
  facet normal 0.274638 -0.961548 0
    outer loop
      vertex -64.1953 62.4576 -3
      vertex -63.8886 62.5452 3
      vertex -64.1953 62.4576 3
    endloop
  endfacet
  facet normal 0.274638 -0.961548 0
    outer loop
      vertex -63.8886 62.5452 3
      vertex -64.1953 62.4576 -3
      vertex -63.8886 62.5452 -3
    endloop
  endfacet
  facet normal -0.081826 0.996647 0
    outer loop
      vertex -62.7264 56.1579 -3
      vertex -63.0443 56.1318 3
      vertex -62.7264 56.1579 3
    endloop
  endfacet
  facet normal -0.081826 0.996647 0
    outer loop
      vertex -63.0443 56.1318 3
      vertex -62.7264 56.1579 -3
      vertex -63.0443 56.1318 -3
    endloop
  endfacet
  facet normal 0.889546 0.456845 0
    outer loop
      vertex -65.9652 57.7551 3
      vertex -66.1109 58.0388 -3
      vertex -66.1109 58.0388 3
    endloop
  endfacet
  facet normal 0.889546 0.456845 0
    outer loop
      vertex -66.1109 58.0388 -3
      vertex -65.9652 57.7551 3
      vertex -65.9652 57.7551 -3
    endloop
  endfacet
  facet normal -0.456845 0.889546 0
    outer loop
      vertex -61.5256 56.5655 -3
      vertex -61.8093 56.4198 3
      vertex -61.5256 56.5655 3
    endloop
  endfacet
  facet normal -0.456845 0.889546 0
    outer loop
      vertex -61.8093 56.4198 3
      vertex -61.5256 56.5655 -3
      vertex -61.8093 56.4198 -3
    endloop
  endfacet
  facet normal 0.569161 0.822226 -0
    outer loop
      vertex -64.8669 56.6202 -3
      vertex -65.1291 56.8017 3
      vertex -64.8669 56.6202 3
    endloop
  endfacet
  facet normal 0.569161 0.822226 0
    outer loop
      vertex -65.1291 56.8017 3
      vertex -64.8669 56.6202 -3
      vertex -65.1291 56.8017 -3
    endloop
  endfacet
  facet normal 0.996647 0.081826 0
    outer loop
      vertex -66.3728 58.9559 3
      vertex -66.3989 59.2738 -3
      vertex -66.3989 59.2738 3
    endloop
  endfacet
  facet normal 0.996647 0.081826 0
    outer loop
      vertex -66.3989 59.2738 -3
      vertex -66.3728 58.9559 3
      vertex -66.3728 58.9559 -3
    endloop
  endfacet
  facet normal 0.917598 -0.397511 0
    outer loop
      vertex -41.1923 17.2236 3
      vertex -41.0655 17.5163 -3
      vertex -41.0655 17.5163 3
    endloop
  endfacet
  facet normal 0.917598 -0.397511 0
    outer loop
      vertex -41.0655 17.5163 -3
      vertex -41.1923 17.2236 3
      vertex -41.1923 17.2236 -3
    endloop
  endfacet
  facet normal -0.207663 -0.9782 0
    outer loop
      vertex -37.6212 19.2854 -3
      vertex -37.6033 19.2816 3
      vertex -37.6212 19.2854 3
    endloop
  endfacet
  facet normal -0.207663 -0.9782 -0
    outer loop
      vertex -37.6033 19.2816 3
      vertex -37.6212 19.2854 -3
      vertex -37.6033 19.2816 -3
    endloop
  endfacet
  facet normal -0.0163039 -0.999867 0
    outer loop
      vertex -38.257 19.3271 -3
      vertex -37.9381 19.3219 3
      vertex -38.257 19.3271 3
    endloop
  endfacet
  facet normal -0.0163039 -0.999867 -0
    outer loop
      vertex -37.9381 19.3219 3
      vertex -38.257 19.3271 -3
      vertex -37.9381 19.3219 -3
    endloop
  endfacet
  facet normal -0.114422 -0.993432 0
    outer loop
      vertex -37.9381 19.3219 -3
      vertex -37.6212 19.2854 3
      vertex -37.9381 19.3219 3
    endloop
  endfacet
  facet normal -0.114422 -0.993432 -0
    outer loop
      vertex -37.6212 19.2854 3
      vertex -37.9381 19.3219 -3
      vertex -37.6212 19.2854 -3
    endloop
  endfacet
  facet normal 0.541755 -0.840536 0
    outer loop
      vertex -40.0437 18.7206 -3
      vertex -39.7756 18.8934 3
      vertex -40.0437 18.7206 3
    endloop
  endfacet
  facet normal 0.541755 -0.840536 0
    outer loop
      vertex -39.7756 18.8934 3
      vertex -40.0437 18.7206 -3
      vertex -39.7756 18.8934 -3
    endloop
  endfacet
  facet normal 0.874009 -0.485909 0
    outer loop
      vertex -41.0655 17.5163 3
      vertex -40.9105 17.7951 -3
      vertex -40.9105 17.7951 3
    endloop
  endfacet
  facet normal 0.874009 -0.485909 0
    outer loop
      vertex -40.9105 17.7951 -3
      vertex -41.0655 17.5163 3
      vertex -41.0655 17.5163 -3
    endloop
  endfacet
  facet normal 0.695411 -0.718612 0
    outer loop
      vertex -40.5227 18.3005 -3
      vertex -40.2935 18.5223 3
      vertex -40.5227 18.3005 3
    endloop
  endfacet
  facet normal 0.695411 -0.718612 0
    outer loop
      vertex -40.2935 18.5223 3
      vertex -40.5227 18.3005 -3
      vertex -40.2935 18.5223 -3
    endloop
  endfacet
  facet normal 0.179023 -0.983845 0
    outer loop
      vertex -38.8886 19.2439 -3
      vertex -38.5748 19.301 3
      vertex -38.8886 19.2439 3
    endloop
  endfacet
  facet normal 0.179023 -0.983845 0
    outer loop
      vertex -38.5748 19.301 3
      vertex -38.8886 19.2439 -3
      vertex -38.5748 19.301 -3
    endloop
  endfacet
  facet normal 0.951915 -0.306363 0
    outer loop
      vertex -41.1979 17.2062 3
      vertex -41.1923 17.2236 -3
      vertex -41.1923 17.2236 3
    endloop
  endfacet
  facet normal 0.951915 -0.306363 0
    outer loop
      vertex -41.1923 17.2236 -3
      vertex -41.1979 17.2062 3
      vertex -41.1979 17.2062 -3
    endloop
  endfacet
  facet normal 0.621746 -0.783219 0
    outer loop
      vertex -40.2935 18.5223 -3
      vertex -40.0437 18.7206 3
      vertex -40.2935 18.5223 3
    endloop
  endfacet
  facet normal 0.621746 -0.783219 0
    outer loop
      vertex -40.0437 18.7206 3
      vertex -40.2935 18.5223 -3
      vertex -40.0437 18.7206 -3
    endloop
  endfacet
  facet normal 0.822226 -0.569161 0
    outer loop
      vertex -40.9105 17.7951 3
      vertex -40.729 18.0573 -3
      vertex -40.729 18.0573 3
    endloop
  endfacet
  facet normal 0.822226 -0.569161 0
    outer loop
      vertex -40.729 18.0573 -3
      vertex -40.9105 17.7951 3
      vertex -40.9105 17.7951 -3
    endloop
  endfacet
  facet normal 0.0818515 -0.996645 0
    outer loop
      vertex -38.5748 19.301 -3
      vertex -38.257 19.3271 3
      vertex -38.5748 19.301 3
    endloop
  endfacet
  facet normal 0.0818515 -0.996645 0
    outer loop
      vertex -38.257 19.3271 3
      vertex -38.5748 19.301 -3
      vertex -38.257 19.3271 -3
    endloop
  endfacet
  facet normal 0.367766 -0.929918 0
    outer loop
      vertex -39.4919 19.0391 -3
      vertex -39.1953 19.1564 3
      vertex -39.4919 19.0391 3
    endloop
  endfacet
  facet normal 0.367766 -0.929918 0
    outer loop
      vertex -39.1953 19.1564 3
      vertex -39.4919 19.0391 -3
      vertex -39.1953 19.1564 -3
    endloop
  endfacet
  facet normal 0.456845 -0.889546 0
    outer loop
      vertex -39.7756 18.8934 -3
      vertex -39.4919 19.0391 3
      vertex -39.7756 18.8934 3
    endloop
  endfacet
  facet normal 0.456845 -0.889546 0
    outer loop
      vertex -39.4919 19.0391 3
      vertex -39.7756 18.8934 -3
      vertex -39.4919 19.0391 -3
    endloop
  endfacet
  facet normal 0.762589 -0.646884 0
    outer loop
      vertex -40.729 18.0573 3
      vertex -40.5227 18.3005 -3
      vertex -40.5227 18.3005 3
    endloop
  endfacet
  facet normal 0.762589 -0.646884 0
    outer loop
      vertex -40.5227 18.3005 -3
      vertex -40.729 18.0573 3
      vertex -40.729 18.0573 -3
    endloop
  endfacet
  facet normal 0.274348 -0.96163 0
    outer loop
      vertex -39.1953 19.1564 -3
      vertex -38.8886 19.2439 3
      vertex -39.1953 19.1564 3
    endloop
  endfacet
  facet normal 0.274348 -0.96163 0
    outer loop
      vertex -38.8886 19.2439 3
      vertex -39.1953 19.1564 -3
      vertex -38.8886 19.2439 -3
    endloop
  endfacet
  facet normal -0.179023 0.983845 0
    outer loop
      vertex -19.1114 81.215 -3
      vertex -19.4252 81.1579 3
      vertex -19.1114 81.215 3
    endloop
  endfacet
  facet normal -0.179023 0.983845 0
    outer loop
      vertex -19.4252 81.1579 3
      vertex -19.1114 81.215 -3
      vertex -19.4252 81.1579 -3
    endloop
  endfacet
  facet normal -0.783219 -0.621746 0
    outer loop
      vertex -17.2076 86.2732 -3
      vertex -17.4059 86.523 3
      vertex -17.4059 86.523 -3
    endloop
  endfacet
  facet normal -0.783219 -0.621746 0
    outer loop
      vertex -17.4059 86.523 3
      vertex -17.2076 86.2732 -3
      vertex -17.2076 86.2732 3
    endloop
  endfacet
  facet normal -0.840536 -0.541755 0
    outer loop
      vertex -17.0348 86.0051 -3
      vertex -17.2076 86.2732 3
      vertex -17.2076 86.2732 -3
    endloop
  endfacet
  facet normal -0.840536 -0.541755 0
    outer loop
      vertex -17.2076 86.2732 3
      vertex -17.0348 86.0051 -3
      vertex -17.0348 86.0051 3
    endloop
  endfacet
  facet normal -0.718612 -0.695411 0
    outer loop
      vertex -17.4059 86.523 -3
      vertex -17.6277 86.7522 3
      vertex -17.6277 86.7522 -3
    endloop
  endfacet
  facet normal -0.718612 -0.695411 0
    outer loop
      vertex -17.6277 86.7522 3
      vertex -17.4059 86.523 -3
      vertex -17.4059 86.523 3
    endloop
  endfacet
  facet normal 0.930026 0.367495 0
    outer loop
      vertex -22.8097 83.0388 3
      vertex -22.9269 83.3354 -3
      vertex -22.9269 83.3354 3
    endloop
  endfacet
  facet normal 0.930026 0.367495 0
    outer loop
      vertex -22.9269 83.3354 -3
      vertex -22.8097 83.0388 3
      vertex -22.8097 83.0388 -3
    endloop
  endfacet
  facet normal -0.274638 0.961548 0
    outer loop
      vertex -18.8047 81.3026 -3
      vertex -19.1114 81.215 3
      vertex -18.8047 81.3026 3
    endloop
  endfacet
  facet normal -0.274638 0.961548 0
    outer loop
      vertex -19.1114 81.215 3
      vertex -18.8047 81.3026 -3
      vertex -19.1114 81.215 -3
    endloop
  endfacet
  facet normal 0.179023 -0.983845 0
    outer loop
      vertex -20.5874 87.5452 -3
      vertex -20.2736 87.6023 3
      vertex -20.5874 87.5452 3
    endloop
  endfacet
  facet normal 0.179023 -0.983845 0
    outer loop
      vertex -20.2736 87.6023 3
      vertex -20.5874 87.5452 -3
      vertex -20.2736 87.6023 -3
    endloop
  endfacet
  facet normal 0.874142 -0.48567 0
    outer loop
      vertex -22.7642 85.8175 3
      vertex -22.6093 86.0963 -3
      vertex -22.6093 86.0963 3
    endloop
  endfacet
  facet normal 0.874142 -0.48567 0
    outer loop
      vertex -22.6093 86.0963 -3
      vertex -22.7642 85.8175 3
      vertex -22.7642 85.8175 -3
    endloop
  endfacet
  facet normal 0.569161 0.822226 -0
    outer loop
      vertex -21.5656 81.6202 -3
      vertex -21.8278 81.8017 3
      vertex -21.5656 81.6202 3
    endloop
  endfacet
  facet normal 0.569161 0.822226 0
    outer loop
      vertex -21.8278 81.8017 3
      vertex -21.5656 81.6202 -3
      vertex -21.8278 81.8017 -3
    endloop
  endfacet
  facet normal 0.695411 -0.718612 0
    outer loop
      vertex -22.2214 86.6018 -3
      vertex -21.9922 86.8236 3
      vertex -22.2214 86.6018 3
    endloop
  endfacet
  facet normal 0.695411 -0.718612 0
    outer loop
      vertex -21.9922 86.8236 3
      vertex -22.2214 86.6018 -3
      vertex -21.9922 86.8236 -3
    endloop
  endfacet
  facet normal 0.48567 0.874142 -0
    outer loop
      vertex -21.2868 81.4653 -3
      vertex -21.5656 81.6202 3
      vertex -21.2868 81.4653 3
    endloop
  endfacet
  facet normal 0.48567 0.874142 0
    outer loop
      vertex -21.5656 81.6202 3
      vertex -21.2868 81.4653 -3
      vertex -21.5656 81.6202 -3
    endloop
  endfacet
  facet normal -0.695411 0.718612 0
    outer loop
      vertex -17.4773 82.1584 -3
      vertex -17.7065 81.9366 3
      vertex -17.4773 82.1584 3
    endloop
  endfacet
  facet normal -0.695411 0.718612 0
    outer loop
      vertex -17.7065 81.9366 3
      vertex -17.4773 82.1584 -3
      vertex -17.7065 81.9366 -3
    endloop
  endfacet
  facet normal 0.114112 0.993468 -0
    outer loop
      vertex -20.0619 81.1371 -3
      vertex -20.3788 81.1735 3
      vertex -20.0619 81.1371 3
    endloop
  endfacet
  facet normal 0.114112 0.993468 0
    outer loop
      vertex -20.3788 81.1735 3
      vertex -20.0619 81.1371 -3
      vertex -20.3788 81.1735 -3
    endloop
  endfacet
  facet normal -0.874009 0.485909 0
    outer loop
      vertex -17.0895 82.6639 -3
      vertex -16.9345 82.9427 3
      vertex -16.9345 82.9427 -3
    endloop
  endfacet
  facet normal -0.874009 0.485909 0
    outer loop
      vertex -16.9345 82.9427 3
      vertex -17.0895 82.6639 -3
      vertex -17.0895 82.6639 3
    endloop
  endfacet
  facet normal -0.993428 0.114457 0
    outer loop
      vertex -16.6428 83.8507 -3
      vertex -16.6063 84.1675 3
      vertex -16.6063 84.1675 -3
    endloop
  endfacet
  facet normal -0.993428 0.114457 0
    outer loop
      vertex -16.6063 84.1675 3
      vertex -16.6428 83.8507 -3
      vertex -16.6428 83.8507 3
    endloop
  endfacet
  facet normal 0.367388 -0.930068 0
    outer loop
      vertex -21.1907 87.3404 -3
      vertex -20.894 87.4576 3
      vertex -21.1907 87.3404 3
    endloop
  endfacet
  facet normal 0.367388 -0.930068 0
    outer loop
      vertex -20.894 87.4576 3
      vertex -21.1907 87.3404 -3
      vertex -20.894 87.4576 -3
    endloop
  endfacet
  facet normal 0.917434 -0.397889 0
    outer loop
      vertex -22.8911 85.5249 3
      vertex -22.7642 85.8175 -3
      vertex -22.7642 85.8175 3
    endloop
  endfacet
  facet normal 0.917434 -0.397889 0
    outer loop
      vertex -22.7642 85.8175 -3
      vertex -22.8911 85.5249 3
      vertex -22.8911 85.5249 -3
    endloop
  endfacet
  facet normal 0.993464 -0.114148 0
    outer loop
      vertex -23.0924 84.5927 3
      vertex -23.056 84.9095 -3
      vertex -23.056 84.9095 3
    endloop
  endfacet
  facet normal 0.993464 -0.114148 0
    outer loop
      vertex -23.056 84.9095 -3
      vertex -23.0924 84.5927 3
      vertex -23.0924 84.5927 -3
    endloop
  endfacet
  facet normal -0.929918 -0.367766 0
    outer loop
      vertex -16.7718 85.4248 -3
      vertex -16.8891 85.7214 3
      vertex -16.8891 85.7214 -3
    endloop
  endfacet
  facet normal -0.929918 -0.367766 0
    outer loop
      vertex -16.8891 85.7214 3
      vertex -16.7718 85.4248 -3
      vertex -16.7718 85.4248 3
    endloop
  endfacet
  facet normal 0.983845 0.179023 0
    outer loop
      vertex -23.0145 83.6421 3
      vertex -23.0716 83.9559 -3
      vertex -23.0716 83.9559 3
    endloop
  endfacet
  facet normal 0.983845 0.179023 0
    outer loop
      vertex -23.0716 83.9559 -3
      vertex -23.0145 83.6421 3
      vertex -23.0145 83.6421 -3
    endloop
  endfacet
  facet normal 0.081826 -0.996647 0
    outer loop
      vertex -20.2736 87.6023 -3
      vertex -19.9557 87.6284 3
      vertex -20.2736 87.6023 3
    endloop
  endfacet
  facet normal 0.081826 -0.996647 0
    outer loop
      vertex -19.9557 87.6284 3
      vertex -20.2736 87.6023 -3
      vertex -19.9557 87.6284 -3
    endloop
  endfacet
  facet normal 0.646884 0.762589 -0
    outer loop
      vertex -21.8278 81.8017 -3
      vertex -22.071 82.008 3
      vertex -21.8278 81.8017 3
    endloop
  endfacet
  facet normal 0.646884 0.762589 0
    outer loop
      vertex -22.071 82.008 3
      vertex -21.8278 81.8017 -3
      vertex -22.071 82.008 -3
    endloop
  endfacet
  facet normal -0.96163 -0.274348 0
    outer loop
      vertex -16.6843 85.1181 -3
      vertex -16.7718 85.4248 3
      vertex -16.7718 85.4248 -3
    endloop
  endfacet
  facet normal -0.96163 -0.274348 0
    outer loop
      vertex -16.7718 85.4248 3
      vertex -16.6843 85.1181 -3
      vertex -16.6843 85.1181 3
    endloop
  endfacet
  facet normal 0.541898 -0.840444 0
    outer loop
      vertex -21.7424 87.0219 -3
      vertex -21.4744 87.1947 3
      vertex -21.7424 87.0219 3
    endloop
  endfacet
  facet normal 0.541898 -0.840444 0
    outer loop
      vertex -21.4744 87.1947 3
      vertex -21.7424 87.0219 -3
      vertex -21.4744 87.1947 -3
    endloop
  endfacet
  facet normal -0.210985 -0.977489 0
    outer loop
      vertex -19.32 87.5867 -3
      vertex -19.0082 87.5194 3
      vertex -19.32 87.5867 3
    endloop
  endfacet
  facet normal -0.210985 -0.977489 -0
    outer loop
      vertex -19.0082 87.5194 3
      vertex -19.32 87.5867 -3
      vertex -19.0082 87.5194 -3
    endloop
  endfacet
  facet normal 0.822328 -0.569014 0
    outer loop
      vertex -22.6093 86.0963 3
      vertex -22.4278 86.3586 -3
      vertex -22.4278 86.3586 3
    endloop
  endfacet
  facet normal 0.822328 -0.569014 0
    outer loop
      vertex -22.4278 86.3586 -3
      vertex -22.6093 86.0963 3
      vertex -22.6093 86.0963 -3
    endloop
  endfacet
  facet normal 0.952107 -0.305766 0
    outer loop
      vertex -22.9886 85.2213 3
      vertex -22.8911 85.5249 -3
      vertex -22.8911 85.5249 3
    endloop
  endfacet
  facet normal 0.952107 -0.305766 0
    outer loop
      vertex -22.8911 85.5249 -3
      vertex -22.9886 85.2213 3
      vertex -22.9886 85.2213 -3
    endloop
  endfacet
  facet normal -0.762589 0.646884 0
    outer loop
      vertex -17.4773 82.1584 -3
      vertex -17.271 82.4016 3
      vertex -17.271 82.4016 -3
    endloop
  endfacet
  facet normal -0.762589 0.646884 0
    outer loop
      vertex -17.271 82.4016 3
      vertex -17.4773 82.1584 -3
      vertex -17.4773 82.1584 3
    endloop
  endfacet
  facet normal 0.762434 -0.647066 0
    outer loop
      vertex -22.4278 86.3586 3
      vertex -22.2214 86.6018 -3
      vertex -22.2214 86.6018 3
    endloop
  endfacet
  facet normal 0.762434 -0.647066 0
    outer loop
      vertex -22.2214 86.6018 -3
      vertex -22.4278 86.3586 3
      vertex -22.4278 86.3586 -3
    endloop
  endfacet
  facet normal -0.397775 -0.917483 0
    outer loop
      vertex -18.7046 87.4218 -3
      vertex -18.4119 87.2949 3
      vertex -18.7046 87.4218 3
    endloop
  endfacet
  facet normal -0.397775 -0.917483 -0
    outer loop
      vertex -18.4119 87.2949 3
      vertex -18.7046 87.4218 -3
      vertex -18.4119 87.2949 -3
    endloop
  endfacet
  facet normal 0.999867 -0.0163039 0
    outer loop
      vertex -23.0976 84.2738 3
      vertex -23.0924 84.5927 -3
      vertex -23.0924 84.5927 3
    endloop
  endfacet
  facet normal 0.999867 -0.0163039 0
    outer loop
      vertex -23.0924 84.5927 -3
      vertex -23.0976 84.2738 3
      vertex -23.0976 84.2738 -3
    endloop
  endfacet
  facet normal -0.889546 -0.456845 0
    outer loop
      vertex -16.8891 85.7214 -3
      vertex -17.0348 86.0051 3
      vertex -17.0348 86.0051 -3
    endloop
  endfacet
  facet normal -0.889546 -0.456845 0
    outer loop
      vertex -17.0348 86.0051 3
      vertex -16.8891 85.7214 -3
      vertex -16.8891 85.7214 3
    endloop
  endfacet
  facet normal -0.996647 -0.081826 0
    outer loop
      vertex -16.6011 84.4864 -3
      vertex -16.6272 84.8043 3
      vertex -16.6272 84.8043 -3
    endloop
  endfacet
  facet normal -0.996647 -0.081826 0
    outer loop
      vertex -16.6272 84.8043 3
      vertex -16.6011 84.4864 -3
      vertex -16.6011 84.4864 3
    endloop
  endfacet
  facet normal 0.211349 0.977411 -0
    outer loop
      vertex -20.3788 81.1735 -3
      vertex -20.6905 81.2409 3
      vertex -20.3788 81.1735 3
    endloop
  endfacet
  facet normal 0.211349 0.977411 0
    outer loop
      vertex -20.6905 81.2409 3
      vertex -20.3788 81.1735 -3
      vertex -20.6905 81.2409 -3
    endloop
  endfacet
  facet normal -0.114457 -0.993428 0
    outer loop
      vertex -19.6368 87.6232 -3
      vertex -19.32 87.5867 3
      vertex -19.6368 87.6232 3
    endloop
  endfacet
  facet normal -0.114457 -0.993428 -0
    outer loop
      vertex -19.32 87.5867 3
      vertex -19.6368 87.6232 -3
      vertex -19.32 87.5867 -3
    endloop
  endfacet
  facet normal 0.0163039 0.999867 -0
    outer loop
      vertex -19.743 81.1319 -3
      vertex -20.0619 81.1371 3
      vertex -19.743 81.1319 3
    endloop
  endfacet
  facet normal 0.0163039 0.999867 0
    outer loop
      vertex -20.0619 81.1371 3
      vertex -19.743 81.1319 -3
      vertex -20.0619 81.1371 -3
    endloop
  endfacet
  facet normal -0.0163039 -0.999867 0
    outer loop
      vertex -19.9557 87.6284 -3
      vertex -19.6368 87.6232 3
      vertex -19.9557 87.6284 3
    endloop
  endfacet
  facet normal -0.0163039 -0.999867 -0
    outer loop
      vertex -19.6368 87.6232 3
      vertex -19.9557 87.6284 -3
      vertex -19.6368 87.6232 -3
    endloop
  endfacet
  facet normal -0.621554 0.783371 0
    outer loop
      vertex -17.7065 81.9366 -3
      vertex -17.9563 81.7384 3
      vertex -17.7065 81.9366 3
    endloop
  endfacet
  facet normal -0.621554 0.783371 0
    outer loop
      vertex -17.9563 81.7384 3
      vertex -17.7065 81.9366 -3
      vertex -17.9563 81.7384 -3
    endloop
  endfacet
  facet normal -0.646884 -0.762589 0
    outer loop
      vertex -17.8709 86.9585 -3
      vertex -17.6277 86.7522 3
      vertex -17.8709 86.9585 3
    endloop
  endfacet
  facet normal -0.646884 -0.762589 -0
    outer loop
      vertex -17.6277 86.7522 3
      vertex -17.8709 86.9585 -3
      vertex -17.6277 86.7522 -3
    endloop
  endfacet
  facet normal -0.999867 0.0163039 0
    outer loop
      vertex -16.6063 84.1675 -3
      vertex -16.6011 84.4864 3
      vertex -16.6011 84.4864 -3
    endloop
  endfacet
  facet normal -0.999867 0.0163039 0
    outer loop
      vertex -16.6011 84.4864 3
      vertex -16.6063 84.1675 -3
      vertex -16.6063 84.1675 3
    endloop
  endfacet
  facet normal 0.840444 0.541898 0
    outer loop
      vertex -22.4911 82.4871 3
      vertex -22.6639 82.7551 -3
      vertex -22.6639 82.7551 3
    endloop
  endfacet
  facet normal 0.840444 0.541898 0
    outer loop
      vertex -22.6639 82.7551 -3
      vertex -22.4911 82.4871 3
      vertex -22.4911 82.4871 -3
    endloop
  endfacet
  facet normal -0.983845 -0.179023 0
    outer loop
      vertex -16.6272 84.8043 -3
      vertex -16.6843 85.1181 3
      vertex -16.6843 85.1181 -3
    endloop
  endfacet
  facet normal -0.983845 -0.179023 0
    outer loop
      vertex -16.6843 85.1181 3
      vertex -16.6272 84.8043 -3
      vertex -16.6272 84.8043 3
    endloop
  endfacet
  facet normal 0.621746 -0.783219 0
    outer loop
      vertex -21.9922 86.8236 -3
      vertex -21.7424 87.0219 3
      vertex -21.9922 86.8236 3
    endloop
  endfacet
  facet normal 0.621746 -0.783219 0
    outer loop
      vertex -21.7424 87.0219 3
      vertex -21.9922 86.8236 -3
      vertex -21.7424 87.0219 -3
    endloop
  endfacet
  facet normal -0.30605 -0.952016 0
    outer loop
      vertex -19.0082 87.5194 -3
      vertex -18.7046 87.4218 3
      vertex -19.0082 87.5194 3
    endloop
  endfacet
  facet normal -0.30605 -0.952016 -0
    outer loop
      vertex -18.7046 87.4218 3
      vertex -19.0082 87.5194 -3
      vertex -18.7046 87.4218 -3
    endloop
  endfacet
  facet normal 0.456845 -0.889546 0
    outer loop
      vertex -21.4744 87.1947 -3
      vertex -21.1907 87.3404 3
      vertex -21.4744 87.1947 3
    endloop
  endfacet
  facet normal 0.456845 -0.889546 0
    outer loop
      vertex -21.1907 87.3404 3
      vertex -21.4744 87.1947 -3
      vertex -21.1907 87.3404 -3
    endloop
  endfacet
  facet normal -0.569161 -0.822226 0
    outer loop
      vertex -18.1331 87.14 -3
      vertex -17.8709 86.9585 3
      vertex -18.1331 87.14 3
    endloop
  endfacet
  facet normal -0.569161 -0.822226 -0
    outer loop
      vertex -17.8709 86.9585 3
      vertex -18.1331 87.14 -3
      vertex -17.8709 86.9585 -3
    endloop
  endfacet
  facet normal -0.367495 0.930026 0
    outer loop
      vertex -18.5081 81.4198 -3
      vertex -18.8047 81.3026 3
      vertex -18.5081 81.4198 3
    endloop
  endfacet
  facet normal -0.367495 0.930026 0
    outer loop
      vertex -18.8047 81.3026 3
      vertex -18.5081 81.4198 -3
      vertex -18.8047 81.3026 -3
    endloop
  endfacet
  facet normal -0.952016 0.30605 0
    outer loop
      vertex -16.8077 83.2353 -3
      vertex -16.7101 83.5389 3
      vertex -16.7101 83.5389 -3
    endloop
  endfacet
  facet normal -0.952016 0.30605 0
    outer loop
      vertex -16.7101 83.5389 3
      vertex -16.8077 83.2353 -3
      vertex -16.8077 83.2353 3
    endloop
  endfacet
  facet normal -0.48567 -0.874142 0
    outer loop
      vertex -18.4119 87.2949 -3
      vertex -18.1331 87.14 3
      vertex -18.4119 87.2949 3
    endloop
  endfacet
  facet normal -0.48567 -0.874142 -0
    outer loop
      vertex -18.1331 87.14 3
      vertex -18.4119 87.2949 -3
      vertex -18.1331 87.14 -3
    endloop
  endfacet
  facet normal -0.456845 0.889546 0
    outer loop
      vertex -18.2244 81.5655 -3
      vertex -18.5081 81.4198 3
      vertex -18.2244 81.5655 3
    endloop
  endfacet
  facet normal -0.456845 0.889546 0
    outer loop
      vertex -18.5081 81.4198 3
      vertex -18.2244 81.5655 -3
      vertex -18.5081 81.4198 -3
    endloop
  endfacet
  facet normal 0.977425 -0.211284 0
    outer loop
      vertex -23.056 84.9095 3
      vertex -22.9886 85.2213 -3
      vertex -22.9886 85.2213 3
    endloop
  endfacet
  facet normal 0.977425 -0.211284 0
    outer loop
      vertex -22.9886 85.2213 -3
      vertex -23.056 84.9095 3
      vertex -23.056 84.9095 -3
    endloop
  endfacet
  facet normal 0.996672 0.0815146 0
    outer loop
      vertex -23.0716 83.9559 3
      vertex -23.0976 84.2738 -3
      vertex -23.0976 84.2738 3
    endloop
  endfacet
  facet normal 0.996672 0.0815146 0
    outer loop
      vertex -23.0976 84.2738 -3
      vertex -23.0716 83.9559 3
      vertex -23.0716 83.9559 -3
    endloop
  endfacet
  facet normal 0.961548 0.274638 0
    outer loop
      vertex -22.9269 83.3354 3
      vertex -23.0145 83.6421 -3
      vertex -23.0145 83.6421 3
    endloop
  endfacet
  facet normal 0.961548 0.274638 0
    outer loop
      vertex -23.0145 83.6421 -3
      vertex -22.9269 83.3354 3
      vertex -22.9269 83.3354 -3
    endloop
  endfacet
  facet normal 0.274721 -0.961524 0
    outer loop
      vertex -20.894 87.4576 -3
      vertex -20.5874 87.5452 3
      vertex -20.894 87.4576 3
    endloop
  endfacet
  facet normal 0.274721 -0.961524 0
    outer loop
      vertex -20.5874 87.5452 3
      vertex -20.894 87.4576 -3
      vertex -20.5874 87.5452 -3
    endloop
  endfacet
  facet normal 0.718612 0.695411 0
    outer loop
      vertex -22.071 82.008 3
      vertex -22.2928 82.2372 -3
      vertex -22.2928 82.2372 3
    endloop
  endfacet
  facet normal 0.718612 0.695411 0
    outer loop
      vertex -22.2928 82.2372 -3
      vertex -22.071 82.008 3
      vertex -22.071 82.008 -3
    endloop
  endfacet
  facet normal -0.08154 0.99667 0
    outer loop
      vertex -19.4252 81.1579 -3
      vertex -19.743 81.1319 3
      vertex -19.4252 81.1579 3
    endloop
  endfacet
  facet normal -0.08154 0.99667 0
    outer loop
      vertex -19.743 81.1319 3
      vertex -19.4252 81.1579 -3
      vertex -19.743 81.1319 -3
    endloop
  endfacet
  facet normal 0.305674 0.952136 -0
    outer loop
      vertex -20.6905 81.2409 -3
      vertex -20.9942 81.3384 3
      vertex -20.6905 81.2409 3
    endloop
  endfacet
  facet normal 0.305674 0.952136 0
    outer loop
      vertex -20.9942 81.3384 3
      vertex -20.6905 81.2409 -3
      vertex -20.9942 81.3384 -3
    endloop
  endfacet
  facet normal -0.822328 0.569014 0
    outer loop
      vertex -17.271 82.4016 -3
      vertex -17.0895 82.6639 3
      vertex -17.0895 82.6639 -3
    endloop
  endfacet
  facet normal -0.822328 0.569014 0
    outer loop
      vertex -17.0895 82.6639 3
      vertex -17.271 82.4016 -3
      vertex -17.271 82.4016 3
    endloop
  endfacet
  facet normal -0.541977 0.840393 0
    outer loop
      vertex -17.9563 81.7384 -3
      vertex -18.2244 81.5655 3
      vertex -17.9563 81.7384 3
    endloop
  endfacet
  facet normal -0.541977 0.840393 0
    outer loop
      vertex -18.2244 81.5655 3
      vertex -17.9563 81.7384 -3
      vertex -18.2244 81.5655 -3
    endloop
  endfacet
  facet normal 0.78334 0.621594 0
    outer loop
      vertex -22.2928 82.2372 3
      vertex -22.4911 82.4871 -3
      vertex -22.4911 82.4871 3
    endloop
  endfacet
  facet normal 0.78334 0.621594 0
    outer loop
      vertex -22.4911 82.4871 -3
      vertex -22.2928 82.2372 3
      vertex -22.2928 82.2372 -3
    endloop
  endfacet
  facet normal -0.917548 0.397625 0
    outer loop
      vertex -16.9345 82.9427 -3
      vertex -16.8077 83.2353 3
      vertex -16.8077 83.2353 -3
    endloop
  endfacet
  facet normal -0.917548 0.397625 0
    outer loop
      vertex -16.8077 83.2353 3
      vertex -16.9345 82.9427 -3
      vertex -16.9345 82.9427 3
    endloop
  endfacet
  facet normal 0.397889 0.917434 -0
    outer loop
      vertex -20.9942 81.3384 -3
      vertex -21.2868 81.4653 3
      vertex -20.9942 81.3384 3
    endloop
  endfacet
  facet normal 0.397889 0.917434 0
    outer loop
      vertex -21.2868 81.4653 3
      vertex -20.9942 81.3384 -3
      vertex -21.2868 81.4653 -3
    endloop
  endfacet
  facet normal 0.889419 0.457093 0
    outer loop
      vertex -22.6639 82.7551 3
      vertex -22.8097 83.0388 -3
      vertex -22.8097 83.0388 3
    endloop
  endfacet
  facet normal 0.889419 0.457093 0
    outer loop
      vertex -22.8097 83.0388 -3
      vertex -22.6639 82.7551 3
      vertex -22.6639 82.7551 -3
    endloop
  endfacet
  facet normal -0.977489 0.210985 0
    outer loop
      vertex -16.7101 83.5389 -3
      vertex -16.6428 83.8507 3
      vertex -16.6428 83.8507 -3
    endloop
  endfacet
  facet normal -0.977489 0.210985 0
    outer loop
      vertex -16.6428 83.8507 3
      vertex -16.7101 83.5389 -3
      vertex -16.7101 83.5389 3
    endloop
  endfacet
  facet normal -0.207996 -0.97813 0
    outer loop
      vertex 5.68005 44.2854 -2.8674
      vertex 5.69792 44.2816 2.8709
      vertex 5.68005 44.2854 2.8674
    endloop
  endfacet
  facet normal -0.207996 -0.97813 -0
    outer loop
      vertex 5.69792 44.2816 2.8709
      vertex 5.68005 44.2854 -2.8674
      vertex 5.69792 44.2816 -2.8709
    endloop
  endfacet
  facet normal 0.621716 -0.783243 0
    outer loop
      vertex 3.00776 43.5223 -3
      vertex 3.25758 43.7206 3
      vertex 3.00776 43.5223 3
    endloop
  endfacet
  facet normal 0.621716 -0.783243 0
    outer loop
      vertex 3.25758 43.7206 3
      vertex 3.00776 43.5223 -3
      vertex 3.25758 43.7206 -3
    endloop
  endfacet
  facet normal -0.114436 -0.993431 0
    outer loop
      vertex 5.36319 44.3219 -2.83436
      vertex 5.68005 44.2854 2.8674
      vertex 5.36319 44.3219 2.83436
    endloop
  endfacet
  facet normal -0.114436 -0.993431 -0
    outer loop
      vertex 5.68005 44.2854 2.8674
      vertex 5.36319 44.3219 -2.83436
      vertex 5.68005 44.2854 -2.8674
    endloop
  endfacet
  facet normal 0.695442 -0.718582 0
    outer loop
      vertex 2.77858 43.3005 -3
      vertex 3.00776 43.5223 3
      vertex 2.77858 43.3005 3
    endloop
  endfacet
  facet normal 0.695442 -0.718582 0
    outer loop
      vertex 3.00776 43.5223 3
      vertex 2.77858 43.3005 -3
      vertex 3.00776 43.5223 -3
    endloop
  endfacet
  facet normal 0.0818336 -0.996646 0
    outer loop
      vertex 4.72643 44.301 2.85325
      vertex 5.0443 44.3271 -2.82963
      vertex 5.0443 44.3271 2.82963
    endloop
  endfacet
  facet normal 0.0818336 -0.996646 0
    outer loop
      vertex 5.0443 44.3271 -2.82963
      vertex 4.72643 44.301 2.85325
      vertex 4.72643 44.301 -2.85325
    endloop
  endfacet
  facet normal 0.822211 -0.569182 0
    outer loop
      vertex 2.39073 42.7951 3
      vertex 2.57224 43.0573 -3
      vertex 2.57224 43.0573 3
    endloop
  endfacet
  facet normal 0.822211 -0.569182 0
    outer loop
      vertex 2.57224 43.0573 -3
      vertex 2.39073 42.7951 3
      vertex 2.39073 42.7951 -3
    endloop
  endfacet
  facet normal 0.456845 -0.889546 0
    outer loop
      vertex 3.52564 43.8934 -3
      vertex 3.80934 44.0391 3
      vertex 3.52564 43.8934 3
    endloop
  endfacet
  facet normal 0.456845 -0.889546 0
    outer loop
      vertex 3.80934 44.0391 3
      vertex 3.52564 43.8934 -3
      vertex 3.80934 44.0391 -3
    endloop
  endfacet
  facet normal 0.541813 -0.840499 0
    outer loop
      vertex 3.25758 43.7206 -3
      vertex 3.52564 43.8934 3
      vertex 3.25758 43.7206 3
    endloop
  endfacet
  facet normal 0.541813 -0.840499 0
    outer loop
      vertex 3.52564 43.8934 3
      vertex 3.25758 43.7206 -3
      vertex 3.52564 43.8934 -3
    endloop
  endfacet
  facet normal 0.874103 -0.485741 0
    outer loop
      vertex 2.2358 42.5163 3
      vertex 2.39073 42.7951 -3
      vertex 2.39073 42.7951 3
    endloop
  endfacet
  facet normal 0.874103 -0.485741 0
    outer loop
      vertex 2.39073 42.7951 -3
      vertex 2.2358 42.5163 3
      vertex 2.2358 42.5163 -3
    endloop
  endfacet
  facet normal 0.179029 -0.983844 0
    outer loop
      vertex 4.41264 44.2439 2.905
      vertex 4.72643 44.301 -2.85325
      vertex 4.72643 44.301 2.85325
    endloop
  endfacet
  facet normal 0.179029 -0.983844 0
    outer loop
      vertex 4.72643 44.301 -2.85325
      vertex 4.41264 44.2439 2.905
      vertex 4.41264 44.2439 -2.905
    endloop
  endfacet
  facet normal 0.762527 -0.646956 0
    outer loop
      vertex 2.57224 43.0573 3
      vertex 2.77858 43.3005 -3
      vertex 2.77858 43.3005 3
    endloop
  endfacet
  facet normal 0.762527 -0.646956 0
    outer loop
      vertex 2.77858 43.3005 -3
      vertex 2.57224 43.0573 3
      vertex 2.57224 43.0573 -3
    endloop
  endfacet
  facet normal 0.367583 -0.929984 -0.00350639
    outer loop
      vertex 3.80934 44.0391 3
      vertex 4.10596 44.1564 2.98438
      vertex 4.06234 44.1391 3
    endloop
  endfacet
  facet normal 0.367745 -0.929927 0
    outer loop
      vertex 3.80934 44.0391 3
      vertex 4.10596 44.1564 -2.98438
      vertex 4.10596 44.1564 2.98438
    endloop
  endfacet
  facet normal 0.367745 -0.929927 0
    outer loop
      vertex 3.80934 44.0391 -3
      vertex 4.10596 44.1564 -2.98438
      vertex 3.80934 44.0391 3
    endloop
  endfacet
  facet normal 0.367583 -0.929984 0.00350639
    outer loop
      vertex 4.10596 44.1564 -2.98438
      vertex 3.80934 44.0391 -3
      vertex 4.06234 44.1391 -3
    endloop
  endfacet
  facet normal -0.0163044 -0.999867 0
    outer loop
      vertex 5.0443 44.3271 -2.82963
      vertex 5.36319 44.3219 2.83436
      vertex 5.0443 44.3271 2.82963
    endloop
  endfacet
  facet normal -0.0163044 -0.999867 -0
    outer loop
      vertex 5.36319 44.3219 2.83436
      vertex 5.0443 44.3271 -2.82963
      vertex 5.36319 44.3219 -2.83436
    endloop
  endfacet
  facet normal 0.917479 -0.397783 0
    outer loop
      vertex 2.10894 42.2237 3
      vertex 2.2358 42.5163 -3
      vertex 2.2358 42.5163 3
    endloop
  endfacet
  facet normal 0.917479 -0.397783 0
    outer loop
      vertex 2.2358 42.5163 -3
      vertex 2.10894 42.2237 3
      vertex 2.10894 42.2237 -3
    endloop
  endfacet
  facet normal 0.952582 -0.304282 0
    outer loop
      vertex 2.10335 42.2062 3
      vertex 2.10894 42.2237 -3
      vertex 2.10894 42.2237 3
    endloop
  endfacet
  facet normal 0.952582 -0.304282 0
    outer loop
      vertex 2.10894 42.2237 -3
      vertex 2.10335 42.2062 3
      vertex 2.10335 42.2062 -3
    endloop
  endfacet
  facet normal 0.274365 -0.961626 0
    outer loop
      vertex 4.10596 44.1564 2.98438
      vertex 4.41264 44.2439 -2.905
      vertex 4.41264 44.2439 2.905
    endloop
  endfacet
  facet normal 0.274365 -0.961626 0
    outer loop
      vertex 4.41264 44.2439 -2.905
      vertex 4.10596 44.1564 2.98438
      vertex 4.10596 44.1564 -2.98438
    endloop
  endfacet
  facet normal 0.499982 -0.866036 0
    outer loop
      vertex -43.7308 15.7439 -3
      vertex -41.1979 17.2062 3
      vertex -43.7308 15.7439 3
    endloop
  endfacet
  facet normal 0.499982 -0.866036 0
    outer loop
      vertex -41.1979 17.2062 3
      vertex -43.7308 15.7439 -3
      vertex -41.1979 17.2062 -3
    endloop
  endfacet
  facet normal 0.499491 -0.866319 0
    outer loop
      vertex 5.77909 44.3284 -2.82843
      vertex 5.77909 44.3284 2.82843
      vertex 5.69792 44.2816 2.8709
    endloop
  endfacet
  facet normal 0.499982 -0.866036 0
    outer loop
      vertex 5.77909 44.3284 2.82843
      vertex 6.23568 44.592 -2.53757
      vertex 6.23568 44.592 2.53757
    endloop
  endfacet
  facet normal 0.500099 -0.865968 0
    outer loop
      vertex 6.23568 44.592 2.53757
      vertex 6.23568 44.592 -2.53757
      vertex 6.6407 44.8259 2.22228
    endloop
  endfacet
  facet normal 0.499987 -0.866033 0
    outer loop
      vertex 6.6407 44.8259 2.22228
      vertex 6.6407 44.8259 -2.22228
      vertex 6.99024 45.0277 1.88559
    endloop
  endfacet
  facet normal 0.499987 -0.866033 0
    outer loop
      vertex 6.99024 45.0277 -1.88559
      vertex 6.99024 45.0277 1.88559
      vertex 6.6407 44.8259 -2.22228
    endloop
  endfacet
  facet normal 0.499933 -0.866064 0
    outer loop
      vertex 7.28093 45.1955 -1.53073
      vertex 7.28093 45.1955 1.53073
      vertex 6.99024 45.0277 -1.88559
    endloop
  endfacet
  facet normal 0.500164 -0.865931 0
    outer loop
      vertex 7.28093 45.1955 1.53073
      vertex 7.28093 45.1955 -1.53073
      vertex 7.50998 45.3278 1.16114
    endloop
  endfacet
  facet normal 0.499669 -0.866216 0
    outer loop
      vertex 7.50998 45.3278 1.16114
      vertex 7.50998 45.3278 -1.16114
      vertex 7.67519 45.4231 0.780361
    endloop
  endfacet
  facet normal 0.499935 -0.866063 -3.01235e-05
    outer loop
      vertex 7.67519 45.4231 0.780361
      vertex 7.50998 45.3278 -1.16114
      vertex 7.77495 45.4807 0.392068
    endloop
  endfacet
  facet normal 0.499485 -0.866323 0.000145923
    outer loop
      vertex 7.80831 45.5 0
      vertex 7.50998 45.3278 -1.16114
      vertex 7.77495 45.4807 -0.392068
    endloop
  endfacet
  facet normal 0.499156 -0.866512 0.000297014
    outer loop
      vertex 7.77495 45.4807 -0.392068
      vertex 7.50998 45.3278 -1.16114
      vertex 7.67519 45.4231 -0.780361
    endloop
  endfacet
  facet normal 0.500125 -0.865953 -7.32856e-05
    outer loop
      vertex 7.77495 45.4807 0.392068
      vertex 7.50998 45.3278 -1.16114
      vertex 7.80831 45.5 0
    endloop
  endfacet
  facet normal 0.500164 -0.865931 0
    outer loop
      vertex 7.50998 45.3278 -1.16114
      vertex 7.50998 45.3278 1.16114
      vertex 7.28093 45.1955 -1.53073
    endloop
  endfacet
  facet normal 0.499933 -0.866064 0
    outer loop
      vertex 6.99024 45.0277 1.88559
      vertex 6.99024 45.0277 -1.88559
      vertex 7.28093 45.1955 1.53073
    endloop
  endfacet
  facet normal 0.500099 -0.865968 0
    outer loop
      vertex 6.6407 44.8259 2.22228
      vertex 6.23568 44.592 -2.53757
      vertex 6.6407 44.8259 -2.22228
    endloop
  endfacet
  facet normal 0.499982 -0.866036 0
    outer loop
      vertex 5.77909 44.3284 2.82843
      vertex 5.77909 44.3284 -2.82843
      vertex 6.23568 44.592 -2.53757
    endloop
  endfacet
  facet normal 0.499491 -0.866319 0
    outer loop
      vertex 5.77909 44.3284 -2.82843
      vertex 5.69792 44.2816 2.8709
      vertex 5.69792 44.2816 -2.8709
    endloop
  endfacet
  facet normal 0.499999 -0.866026 0
    outer loop
      vertex -37.6033 19.2816 3
      vertex -17 31.1769 2.42313
      vertex -17 31.1769 3
    endloop
  endfacet
  facet normal 0.499999 -0.866026 0
    outer loop
      vertex -17 31.1769 -2.42313
      vertex -17 31.1769 2.42313
      vertex -37.6033 19.2816 3
    endloop
  endfacet
  facet normal 0.50011 -0.865962 0
    outer loop
      vertex -17 31.1769 2.42313
      vertex -17 31.1769 -2.42313
      vertex -16.742 31.3259 2.22228
    endloop
  endfacet
  facet normal 0.50011 -0.865962 0
    outer loop
      vertex -16.742 31.3259 -2.22228
      vertex -16.742 31.3259 2.22228
      vertex -17 31.1769 -2.42313
    endloop
  endfacet
  facet normal 0.499923 -0.86607 0
    outer loop
      vertex -16.742 31.3259 2.22228
      vertex -16.742 31.3259 -2.22228
      vertex -16.3924 31.5277 1.88559
    endloop
  endfacet
  facet normal 0.499923 -0.86607 0
    outer loop
      vertex -16.3924 31.5277 -1.88559
      vertex -16.3924 31.5277 1.88559
      vertex -16.742 31.3259 -2.22228
    endloop
  endfacet
  facet normal 0.500049 -0.865997 0
    outer loop
      vertex -16.3924 31.5277 1.88559
      vertex -16.3924 31.5277 -1.88559
      vertex -16.1018 31.6955 1.53073
    endloop
  endfacet
  facet normal 0.500049 -0.865997 0
    outer loop
      vertex -16.1018 31.6955 -1.53073
      vertex -16.1018 31.6955 1.53073
      vertex -16.3924 31.5277 -1.88559
    endloop
  endfacet
  facet normal 0.500082 -0.865978 0
    outer loop
      vertex -16.1018 31.6955 1.53073
      vertex -16.1018 31.6955 -1.53073
      vertex -15.8727 31.8278 1.16114
    endloop
  endfacet
  facet normal 0.500082 -0.865978 0
    outer loop
      vertex -15.8727 31.8278 -1.16114
      vertex -15.8727 31.8278 1.16114
      vertex -16.1018 31.6955 -1.53073
    endloop
  endfacet
  facet normal 0.499692 -0.866203 0
    outer loop
      vertex -15.8727 31.8278 1.16114
      vertex -15.8727 31.8278 -1.16114
      vertex -15.7075 31.9231 0.780361
    endloop
  endfacet
  facet normal 0.500321 -0.86584 -0.000127578
    outer loop
      vertex -15.6077 31.9807 0.392068
      vertex -15.8727 31.8278 -1.16114
      vertex -15.5744 32 0
    endloop
  endfacet
  facet normal 0.499207 -0.866482 0.000253787
    outer loop
      vertex -15.5744 32 0
      vertex -15.8727 31.8278 -1.16114
      vertex -15.6077 31.9807 -0.392068
    endloop
  endfacet
  facet normal 0.49943 -0.866354 0.00015177
    outer loop
      vertex -15.6077 31.9807 -0.392068
      vertex -15.8727 31.8278 -1.16114
      vertex -15.7075 31.9231 -0.780361
    endloop
  endfacet
  facet normal 0.499828 -0.866125 -1.53809e-05
    outer loop
      vertex -15.7075 31.9231 0.780361
      vertex -15.8727 31.8278 -1.16114
      vertex -15.6077 31.9807 0.392068
    endloop
  endfacet
  facet normal 0.499999 -0.866026 0
    outer loop
      vertex -37.6033 19.2816 -3
      vertex -17 31.1769 -2.42313
      vertex -37.6033 19.2816 3
    endloop
  endfacet
  facet normal 0.499999 -0.866026 0
    outer loop
      vertex -17 31.1769 -2.42313
      vertex -37.6033 19.2816 -3
      vertex -17 31.1769 -3
    endloop
  endfacet
  facet normal 0.499997 -0.866027 0
    outer loop
      vertex -3.69099 38.8609 -3
      vertex -3.69099 38.8609 3
      vertex -4.01887 38.6716 2.82843
    endloop
  endfacet
  facet normal 0.499982 -0.866036 0
    outer loop
      vertex -4.01887 38.6716 -2.82843
      vertex -4.01887 38.6716 2.82843
      vertex -4.47546 38.408 2.53757
    endloop
  endfacet
  facet normal 0.500099 -0.865968 0
    outer loop
      vertex -4.47546 38.408 -2.53757
      vertex -4.47546 38.408 2.53757
      vertex -4.88048 38.1741 2.22228
    endloop
  endfacet
  facet normal 0.499987 -0.866033 0
    outer loop
      vertex -4.88048 38.1741 -2.22228
      vertex -4.88048 38.1741 2.22228
      vertex -5.23002 37.9723 1.88559
    endloop
  endfacet
  facet normal 0.49992 -0.866071 0
    outer loop
      vertex -5.23002 37.9723 -1.88559
      vertex -5.23002 37.9723 1.88559
      vertex -5.52072 37.8045 1.53073
    endloop
  endfacet
  facet normal 0.500164 -0.865931 0
    outer loop
      vertex -5.52072 37.8045 -1.53073
      vertex -5.52072 37.8045 1.53073
      vertex -5.74977 37.6722 1.16114
    endloop
  endfacet
  facet normal 0.499692 -0.866203 0
    outer loop
      vertex -5.74977 37.6722 -1.16114
      vertex -5.74977 37.6722 1.16114
      vertex -5.91497 37.5769 0.780361
    endloop
  endfacet
  facet normal 0.499941 -0.86606 2.8189e-05
    outer loop
      vertex -5.74977 37.6722 -1.16114
      vertex -5.91497 37.5769 0.780361
      vertex -6.01473 37.5193 0.392068
    endloop
  endfacet
  facet normal 0.500134 -0.865948 7.22136e-05
    outer loop
      vertex -5.74977 37.6722 -1.16114
      vertex -6.01473 37.5193 0.392068
      vertex -6.04809 37.5 0
    endloop
  endfacet
  facet normal 0.499504 -0.866312 -0.000143791
    outer loop
      vertex -5.74977 37.6722 -1.16114
      vertex -6.04809 37.5 0
      vertex -6.01473 37.5193 -0.392068
    endloop
  endfacet
  facet normal 0.499211 -0.86648 -0.000277968
    outer loop
      vertex -5.74977 37.6722 -1.16114
      vertex -6.01473 37.5193 -0.392068
      vertex -5.91497 37.5769 -0.780361
    endloop
  endfacet
  facet normal 0.500164 -0.865931 0
    outer loop
      vertex -5.74977 37.6722 1.16114
      vertex -5.74977 37.6722 -1.16114
      vertex -5.52072 37.8045 -1.53073
    endloop
  endfacet
  facet normal 0.49992 -0.866071 0
    outer loop
      vertex -5.52072 37.8045 1.53073
      vertex -5.52072 37.8045 -1.53073
      vertex -5.23002 37.9723 -1.88559
    endloop
  endfacet
  facet normal 0.499987 -0.866033 0
    outer loop
      vertex -5.23002 37.9723 1.88559
      vertex -5.23002 37.9723 -1.88559
      vertex -4.88048 38.1741 -2.22228
    endloop
  endfacet
  facet normal 0.500099 -0.865968 0
    outer loop
      vertex -4.88048 38.1741 2.22228
      vertex -4.88048 38.1741 -2.22228
      vertex -4.47546 38.408 -2.53757
    endloop
  endfacet
  facet normal 0.499982 -0.866036 0
    outer loop
      vertex -4.47546 38.408 2.53757
      vertex -4.47546 38.408 -2.53757
      vertex -4.01887 38.6716 -2.82843
    endloop
  endfacet
  facet normal 0.499997 -0.866027 0
    outer loop
      vertex -4.01887 38.6716 2.82843
      vertex -4.01887 38.6716 -2.82843
      vertex -3.69099 38.8609 -3
    endloop
  endfacet
  facet normal 0.499993 -0.86603 0
    outer loop
      vertex -3.69099 38.8609 3
      vertex -3.69099 38.8609 -3
      vertex 2.10335 42.2062 3
    endloop
  endfacet
  facet normal 0.499993 -0.86603 0
    outer loop
      vertex 2.10335 42.2062 3
      vertex -3.69099 38.8609 -3
      vertex 2.10335 42.2062 -3
    endloop
  endfacet
  facet normal 0.783214 0.621753 0
    outer loop
      vertex -44.864 8.87973 3
      vertex -45.1386 9.22564 -3
      vertex -45.1386 9.22564 3
    endloop
  endfacet
  facet normal 0.783214 0.621753 0
    outer loop
      vertex -45.1386 9.22564 -3
      vertex -44.864 8.87973 3
      vertex -44.864 8.87973 -3
    endloop
  endfacet
  facet normal 0.977433 -0.211245 0
    outer loop
      vertex -45.9207 12.5798 3
      vertex -45.8274 13.0115 -3
      vertex -45.8274 13.0115 3
    endloop
  endfacet
  facet normal 0.977433 -0.211245 0
    outer loop
      vertex -45.8274 13.0115 -3
      vertex -45.9207 12.5798 3
      vertex -45.9207 12.5798 -3
    endloop
  endfacet
  facet normal -0.456916 0.88951 0
    outer loop
      vertex -39.2308 7.94967 -3
      vertex -39.6236 7.7479 3
      vertex -39.2308 7.94967 3
    endloop
  endfacet
  facet normal -0.456916 0.88951 0
    outer loop
      vertex -39.6236 7.7479 3
      vertex -39.2308 7.94967 -3
      vertex -39.6236 7.7479 -3
    endloop
  endfacet
  facet normal 0.718595 0.695429 0
    outer loop
      vertex -44.5569 8.5624 3
      vertex -44.864 8.87973 -3
      vertex -44.864 8.87973 3
    endloop
  endfacet
  facet normal 0.718595 0.695429 0
    outer loop
      vertex -44.864 8.87973 -3
      vertex -44.5569 8.5624 3
      vertex -44.5569 8.5624 -3
    endloop
  endfacet
  facet normal 0.695463 -0.718562 0
    outer loop
      vertex -44.7651 14.923 -3
      vertex -44.4478 15.2301 3
      vertex -44.7651 14.923 3
    endloop
  endfacet
  facet normal 0.695463 -0.718562 0
    outer loop
      vertex -44.4478 15.2301 3
      vertex -44.7651 14.923 -3
      vertex -44.4478 15.2301 -3
    endloop
  endfacet
  facet normal 0.840453 0.541884 0
    outer loop
      vertex -45.1386 9.22564 3
      vertex -45.3779 9.59679 -3
      vertex -45.3779 9.59679 3
    endloop
  endfacet
  facet normal 0.840453 0.541884 0
    outer loop
      vertex -45.3779 9.59679 -3
      vertex -45.1386 9.22564 3
      vertex -45.1386 9.22564 -3
    endloop
  endfacet
  facet normal -0.500001 0.866025 -0.000266557
    outer loop
      vertex -15.704 21.5328 2.67878
      vertex -39.2308 7.94967 3
      vertex -15.4409 21.6848 3
    endloop
  endfacet
  facet normal -0.499997 0.866027 7.76143e-05
    outer loop
      vertex -16.1049 21.3014 2.03199
      vertex -39.2308 7.94967 3
      vertex -15.704 21.5328 2.67878
    endloop
  endfacet
  facet normal -0.499999 0.866026 1.50372e-05
    outer loop
      vertex -16.394 21.1345 1.36563
      vertex -39.2308 7.94967 3
      vertex -16.1049 21.3014 2.03199
    endloop
  endfacet
  facet normal -0.5 0.866026 6.67899e-06
    outer loop
      vertex -16.5686 21.0337 0.686119
      vertex -39.2308 7.94967 3
      vertex -16.394 21.1345 1.36563
    endloop
  endfacet
  facet normal -0.500004 0.866023 -5.0645e-05
    outer loop
      vertex -16.6269 21 0
      vertex -39.2308 7.94967 3
      vertex -16.5686 21.0337 0.686119
    endloop
  endfacet
  facet normal -0.500004 0.866023 5.0645e-05
    outer loop
      vertex -39.2308 7.94967 -3
      vertex -16.6269 21 0
      vertex -16.5686 21.0337 -0.686119
    endloop
  endfacet
  facet normal -0.5 0.866026 -6.67899e-06
    outer loop
      vertex -39.2308 7.94967 -3
      vertex -16.5686 21.0337 -0.686119
      vertex -16.394 21.1345 -1.36563
    endloop
  endfacet
  facet normal -0.499999 0.866026 -1.50372e-05
    outer loop
      vertex -39.2308 7.94967 -3
      vertex -16.394 21.1345 -1.36563
      vertex -16.1049 21.3014 -2.03199
    endloop
  endfacet
  facet normal -0.499997 0.866027 -7.76143e-05
    outer loop
      vertex -39.2308 7.94967 -3
      vertex -16.1049 21.3014 -2.03199
      vertex -15.704 21.5328 -2.67878
    endloop
  endfacet
  facet normal -0.500001 0.866025 0.000266557
    outer loop
      vertex -39.2308 7.94967 -3
      vertex -15.704 21.5328 -2.67878
      vertex -15.4409 21.6848 -3
    endloop
  endfacet
  facet normal -0.499999 0.866026 0
    outer loop
      vertex -16.6269 21 0
      vertex -39.2308 7.94967 -3
      vertex -39.2308 7.94967 3
    endloop
  endfacet
  facet normal -0.499996 0.866028 0
    outer loop
      vertex 0.06852 30.6391 -3
      vertex 0.06852 30.6391 3
      vertex 0.396401 30.8284 2.82843
    endloop
  endfacet
  facet normal -0.499996 0.866028 0
    outer loop
      vertex 0.06852 30.6391 3
      vertex 0.06852 30.6391 -3
      vertex -9.07368 25.3609 3
    endloop
  endfacet
  facet normal -0.499979 0.866037 0
    outer loop
      vertex 0.396401 30.8284 -2.82843
      vertex 0.396401 30.8284 2.82843
      vertex 0.852995 31.092 2.53757
    endloop
  endfacet
  facet normal -0.499996 0.866028 0
    outer loop
      vertex -9.07368 25.3609 -3
      vertex -9.07368 25.3609 3
      vertex 0.06852 30.6391 -3
    endloop
  endfacet
  facet normal -0.500103 0.865966 0
    outer loop
      vertex 0.852995 31.092 -2.53757
      vertex 0.852995 31.092 2.53757
      vertex 1.25801 31.3259 2.22228
    endloop
  endfacet
  facet normal -0.499997 0.866027 0
    outer loop
      vertex -9.07368 25.3609 3
      vertex -9.07368 25.3609 -3
      vertex -9.40156 25.1716 2.82843
    endloop
  endfacet
  facet normal -0.499987 0.866033 0
    outer loop
      vertex 1.25801 31.3259 -2.22228
      vertex 1.25801 31.3259 2.22228
      vertex 1.60755 31.5277 1.88559
    endloop
  endfacet
  facet normal -0.499997 0.866027 0
    outer loop
      vertex -9.40156 25.1716 -2.82843
      vertex -9.40156 25.1716 2.82843
      vertex -9.07368 25.3609 -3
    endloop
  endfacet
  facet normal -0.49992 0.866071 0
    outer loop
      vertex 1.60755 31.5277 -1.88559
      vertex 1.60755 31.5277 1.88559
      vertex 1.89825 31.6955 1.53073
    endloop
  endfacet
  facet normal -0.499982 0.866036 0
    outer loop
      vertex -9.40156 25.1716 2.82843
      vertex -9.40156 25.1716 -2.82843
      vertex -9.85815 24.908 2.53757
    endloop
  endfacet
  facet normal -0.500164 0.865931 0
    outer loop
      vertex 1.89825 31.6955 -1.53073
      vertex 1.89825 31.6955 1.53073
      vertex 2.1273 31.8278 1.16114
    endloop
  endfacet
  facet normal -0.499982 0.866036 0
    outer loop
      vertex -9.85815 24.908 -2.53757
      vertex -9.85815 24.908 2.53757
      vertex -9.40156 25.1716 -2.82843
    endloop
  endfacet
  facet normal -0.499692 0.866203 0
    outer loop
      vertex 2.1273 31.8278 -1.16114
      vertex 2.1273 31.8278 1.16114
      vertex 2.2925 31.9231 0.780361
    endloop
  endfacet
  facet normal -0.500071 0.865984 0
    outer loop
      vertex -9.85815 24.908 2.53757
      vertex -9.85815 24.908 -2.53757
      vertex -10.2632 24.6741 2.22228
    endloop
  endfacet
  facet normal -0.499941 0.86606 2.8189e-05
    outer loop
      vertex 2.1273 31.8278 -1.16114
      vertex 2.2925 31.9231 0.780361
      vertex 2.39226 31.9807 0.392068
    endloop
  endfacet
  facet normal -0.500071 0.865984 0
    outer loop
      vertex -10.2632 24.6741 -2.22228
      vertex -10.2632 24.6741 2.22228
      vertex -9.85815 24.908 -2.53757
    endloop
  endfacet
  facet normal -0.500097 0.865969 6.37049e-05
    outer loop
      vertex 2.1273 31.8278 -1.16114
      vertex 2.39226 31.9807 0.392068
      vertex 2.42563 32 0
    endloop
  endfacet
  facet normal -0.50003 0.866008 0
    outer loop
      vertex -10.2632 24.6741 2.22228
      vertex -10.2632 24.6741 -2.22228
      vertex -10.6127 24.4723 1.88559
    endloop
  endfacet
  facet normal -0.499541 0.866291 -0.000126867
    outer loop
      vertex 2.1273 31.8278 -1.16114
      vertex 2.42563 32 0
      vertex 2.39226 31.9807 -0.392068
    endloop
  endfacet
  facet normal -0.50003 0.866008 0
    outer loop
      vertex -10.6127 24.4723 -1.88559
      vertex -10.6127 24.4723 1.88559
      vertex -10.2632 24.6741 -2.22228
    endloop
  endfacet
  facet normal -0.499211 0.86648 -0.000277968
    outer loop
      vertex 2.1273 31.8278 -1.16114
      vertex 2.39226 31.9807 -0.392068
      vertex 2.2925 31.9231 -0.780361
    endloop
  endfacet
  facet normal -0.49992 0.866071 0
    outer loop
      vertex -10.6127 24.4723 1.88559
      vertex -10.6127 24.4723 -1.88559
      vertex -10.9034 24.3045 1.53073
    endloop
  endfacet
  facet normal -0.500164 0.865931 0
    outer loop
      vertex 2.1273 31.8278 1.16114
      vertex 2.1273 31.8278 -1.16114
      vertex 1.89825 31.6955 -1.53073
    endloop
  endfacet
  facet normal -0.49992 0.866071 0
    outer loop
      vertex -10.9034 24.3045 -1.53073
      vertex -10.9034 24.3045 1.53073
      vertex -10.6127 24.4723 -1.88559
    endloop
  endfacet
  facet normal -0.49992 0.866071 0
    outer loop
      vertex 1.89825 31.6955 1.53073
      vertex 1.89825 31.6955 -1.53073
      vertex 1.60755 31.5277 -1.88559
    endloop
  endfacet
  facet normal -0.500082 0.865978 0
    outer loop
      vertex -10.9034 24.3045 1.53073
      vertex -10.9034 24.3045 -1.53073
      vertex -11.1325 24.1722 1.16114
    endloop
  endfacet
  facet normal -0.499987 0.866033 0
    outer loop
      vertex 1.60755 31.5277 1.88559
      vertex 1.60755 31.5277 -1.88559
      vertex 1.25801 31.3259 -2.22228
    endloop
  endfacet
  facet normal -0.500082 0.865978 0
    outer loop
      vertex -11.1325 24.1722 -1.16114
      vertex -11.1325 24.1722 1.16114
      vertex -10.9034 24.3045 -1.53073
    endloop
  endfacet
  facet normal -0.500103 0.865966 0
    outer loop
      vertex 1.25801 31.3259 2.22228
      vertex 1.25801 31.3259 -2.22228
      vertex 0.852995 31.092 -2.53757
    endloop
  endfacet
  facet normal -0.50011 0.865962 -4.7412e-05
    outer loop
      vertex -11.2977 24.0769 0.780361
      vertex -11.1325 24.1722 -1.16114
      vertex -11.3974 24.0193 0.392068
    endloop
  endfacet
  facet normal -0.499979 0.866037 0
    outer loop
      vertex 0.852995 31.092 2.53757
      vertex 0.852995 31.092 -2.53757
      vertex 0.396401 30.8284 -2.82843
    endloop
  endfacet
  facet normal -0.500041 0.866002 -3.17516e-05
    outer loop
      vertex -11.3974 24.0193 0.392068
      vertex -11.1325 24.1722 -1.16114
      vertex -11.4308 24 0
    endloop
  endfacet
  facet normal -0.499996 0.866028 0
    outer loop
      vertex 0.396401 30.8284 2.82843
      vertex 0.396401 30.8284 -2.82843
      vertex 0.06852 30.6391 -3
    endloop
  endfacet
  facet normal -0.499764 0.866162 6.32681e-05
    outer loop
      vertex -11.4308 24 0
      vertex -11.1325 24.1722 -1.16114
      vertex -11.3974 24.0193 -0.392068
    endloop
  endfacet
  facet normal -0.498884 0.866669 0.000467059
    outer loop
      vertex -11.3974 24.0193 -0.392068
      vertex -11.1325 24.1722 -1.16114
      vertex -11.2977 24.0769 -0.780361
    endloop
  endfacet
  facet normal -0.499692 0.866203 0
    outer loop
      vertex -11.1325 24.1722 1.16114
      vertex -11.1325 24.1722 -1.16114
      vertex -11.2977 24.0769 0.780361
    endloop
  endfacet
  facet normal -0.499991 0.866031 0
    outer loop
      vertex 12.4793 37.8045 -1.53073
      vertex 12.4793 37.8045 1.53073
      vertex 12.7308 37.9497 1.83771
    endloop
  endfacet
  facet normal -0.500082 0.865978 0
    outer loop
      vertex 12.4793 37.8045 1.53073
      vertex 12.4793 37.8045 -1.53073
      vertex 12.2502 37.6722 1.16114
    endloop
  endfacet
  facet normal -0.499692 0.866203 0
    outer loop
      vertex 12.2502 37.6722 1.16114
      vertex 12.2502 37.6722 -1.16114
      vertex 12.085 37.5769 0.780361
    endloop
  endfacet
  facet normal -0.500249 0.865882 0
    outer loop
      vertex 12.085 37.5769 0.780361
      vertex 12.085 37.5769 -0.780361
      vertex 11.9853 37.5193 0.392068
    endloop
  endfacet
  facet normal -0.500321 0.86584 0
    outer loop
      vertex 11.9853 37.5193 0.392068
      vertex 11.9853 37.5193 -0.392068
      vertex 11.9519 37.5 0
    endloop
  endfacet
  facet normal -0.500249 0.865882 0
    outer loop
      vertex 11.9853 37.5193 0.392068
      vertex 12.085 37.5769 -0.780361
      vertex 11.9853 37.5193 -0.392068
    endloop
  endfacet
  facet normal -0.499692 0.866203 0
    outer loop
      vertex 12.085 37.5769 0.780361
      vertex 12.2502 37.6722 -1.16114
      vertex 12.085 37.5769 -0.780361
    endloop
  endfacet
  facet normal -0.500082 0.865978 0
    outer loop
      vertex 12.2502 37.6722 1.16114
      vertex 12.4793 37.8045 -1.53073
      vertex 12.2502 37.6722 -1.16114
    endloop
  endfacet
  facet normal -0.499991 0.866031 0
    outer loop
      vertex 12.4793 37.8045 -1.53073
      vertex 12.7308 37.9497 1.83771
      vertex 12.7308 37.9497 -1.83771
    endloop
  endfacet
  facet normal 0.999863 -0.0165323 0
    outer loop
      vertex -45.9784 11.6996 3
      vertex -45.9711 12.1411 -3
      vertex -45.9711 12.1411 3
    endloop
  endfacet
  facet normal 0.999863 -0.0165323 0
    outer loop
      vertex -45.9711 12.1411 -3
      vertex -45.9784 11.6996 3
      vertex -45.9784 11.6996 -3
    endloop
  endfacet
  facet normal -0.554068 -0.832458 -0.00476738
    outer loop
      vertex 13.1279 45.4807 0.392068
      vertex 13.2202 45.4169 0.805369
      vertex 13.2111 45.4231 0.780361
    endloop
  endfacet
  facet normal -0.567824 -0.82315 -0.000258295
    outer loop
      vertex 13.1001 45.5 0
      vertex 13.2202 45.4169 0.805369
      vertex 13.1279 45.4807 0.392068
    endloop
  endfacet
  facet normal -0.569412 -0.822052 9.16985e-05
    outer loop
      vertex 13.1279 45.4807 -0.392068
      vertex 13.2202 45.4169 0.805369
      vertex 13.1001 45.5 0
    endloop
  endfacet
  facet normal -0.554068 -0.832458 0.00476738
    outer loop
      vertex 13.2202 45.4169 -0.805369
      vertex 13.1279 45.4807 -0.392068
      vertex 13.2111 45.4231 -0.780361
    endloop
  endfacet
  facet normal -0.568607 -0.822609 0
    outer loop
      vertex 13.1279 45.4807 -0.392068
      vertex 13.2202 45.4169 -0.805369
      vertex 13.2202 45.4169 0.805369
    endloop
  endfacet
  facet normal -0.996654 -0.0817338 0
    outer loop
      vertex 14.9784 41.994 -3
      vertex 14.9423 42.4342 3
      vertex 14.9423 42.4342 -3
    endloop
  endfacet
  facet normal -0.996654 -0.0817338 0
    outer loop
      vertex 14.9423 42.4342 3
      vertex 14.9784 41.994 -3
      vertex 14.9784 41.994 3
    endloop
  endfacet
  facet normal 0.305864 0.952075 -0
    outer loop
      vertex -42.6454 7.50012 -3
      vertex -43.0659 7.63521 3
      vertex -42.6454 7.50012 3
    endloop
  endfacet
  facet normal 0.305864 0.952075 0
    outer loop
      vertex -43.0659 7.63521 3
      vertex -42.6454 7.50012 -3
      vertex -43.0659 7.63521 -3
    endloop
  endfacet
  facet normal -0.367522 0.930015 0
    outer loop
      vertex -39.6236 7.7479 -3
      vertex -40.0343 7.5856 3
      vertex -39.6236 7.7479 3
    endloop
  endfacet
  facet normal -0.367522 0.930015 0
    outer loop
      vertex -40.0343 7.5856 3
      vertex -39.6236 7.7479 -3
      vertex -40.0343 7.5856 -3
    endloop
  endfacet
  facet normal -0.178995 0.98385 0
    outer loop
      vertex -40.4589 7.46434 -3
      vertex -40.8934 7.38529 3
      vertex -40.4589 7.46434 3
    endloop
  endfacet
  facet normal -0.178995 0.98385 0
    outer loop
      vertex -40.8934 7.38529 3
      vertex -40.4589 7.46434 -3
      vertex -40.8934 7.38529 -3
    endloop
  endfacet
  facet normal 0.98383 0.179105 0
    outer loop
      vertex -45.8632 10.8249 3
      vertex -45.9423 11.2594 -3
      vertex -45.9423 11.2594 3
    endloop
  endfacet
  facet normal 0.98383 0.179105 0
    outer loop
      vertex -45.9423 11.2594 -3
      vertex -45.8632 10.8249 3
      vertex -45.8632 10.8249 -3
    endloop
  endfacet
  facet normal 0.930012 0.36753 0
    outer loop
      vertex -45.5796 9.98961 3
      vertex -45.7419 10.4003 -3
      vertex -45.7419 10.4003 3
    endloop
  endfacet
  facet normal 0.930012 0.36753 0
    outer loop
      vertex -45.7419 10.4003 -3
      vertex -45.5796 9.98961 3
      vertex -45.5796 9.98961 -3
    endloop
  endfacet
  facet normal 0.822168 -0.569245 0
    outer loop
      vertex -45.3022 14.2231 3
      vertex -45.0508 14.5862 -3
      vertex -45.0508 14.5862 3
    endloop
  endfacet
  facet normal 0.822168 -0.569245 0
    outer loop
      vertex -45.0508 14.5862 -3
      vertex -45.3022 14.2231 3
      vertex -45.3022 14.2231 -3
    endloop
  endfacet
  facet normal -0.646424 -0.762978 -0.000445033
    outer loop
      vertex 13.3252 45.3278 1.16114
      vertex 13.5569 45.1312 1.66677
      vertex 13.4811 45.1955 1.53073
    endloop
  endfacet
  facet normal -0.646941 -0.76254 -3.82037e-05
    outer loop
      vertex 13.2202 45.4169 0.805369
      vertex 13.5569 45.1312 1.66677
      vertex 13.3252 45.3278 1.16114
    endloop
  endfacet
  facet normal -0.646997 -0.762492 0
    outer loop
      vertex 13.2202 45.4169 -0.805369
      vertex 13.5569 45.1312 1.66677
      vertex 13.2202 45.4169 0.805369
    endloop
  endfacet
  facet normal -0.64701 -0.762482 2.95455e-06
    outer loop
      vertex 13.3252 45.3278 -1.16114
      vertex 13.5569 45.1312 1.66677
      vertex 13.2202 45.4169 -0.805369
    endloop
  endfacet
  facet normal -0.646424 -0.762978 0.000445033
    outer loop
      vertex 13.5569 45.1312 -1.66677
      vertex 13.3252 45.3278 -1.16114
      vertex 13.4811 45.1955 -1.53073
    endloop
  endfacet
  facet normal -0.646989 -0.762499 0
    outer loop
      vertex 13.3252 45.3278 -1.16114
      vertex 13.5569 45.1312 -1.66677
      vertex 13.5569 45.1312 1.66677
    endloop
  endfacet
  facet normal -0.274607 0.961556 0
    outer loop
      vertex -40.0343 7.5856 -3
      vertex -40.4589 7.46434 3
      vertex -40.0343 7.5856 3
    endloop
  endfacet
  facet normal -0.274607 0.961556 0
    outer loop
      vertex -40.4589 7.46434 3
      vertex -40.0343 7.5856 -3
      vertex -40.4589 7.46434 -3
    endloop
  endfacet
  facet normal 0.397728 0.917503 -0
    outer loop
      vertex -43.0659 7.63521 -3
      vertex -43.4711 7.81086 3
      vertex -43.0659 7.63521 3
    endloop
  endfacet
  facet normal 0.397728 0.917503 0
    outer loop
      vertex -43.4711 7.81086 3
      vertex -43.0659 7.63521 -3
      vertex -43.4711 7.81086 -3
    endloop
  endfacet
  facet normal 0.569123 0.822253 -0
    outer loop
      vertex -43.8571 8.02538 -3
      vertex -44.2202 8.2767 3
      vertex -43.8571 8.02538 3
    endloop
  endfacet
  facet normal 0.569123 0.822253 0
    outer loop
      vertex -44.2202 8.2767 3
      vertex -43.8571 8.02538 -3
      vertex -44.2202 8.2767 -3
    endloop
  endfacet
  facet normal 0.889584 0.456772 0
    outer loop
      vertex -45.3779 9.59679 3
      vertex -45.5796 9.98961 -3
      vertex -45.5796 9.98961 3
    endloop
  endfacet
  facet normal 0.889584 0.456772 0
    outer loop
      vertex -45.5796 9.98961 -3
      vertex -45.3779 9.59679 3
      vertex -45.3779 9.59679 -3
    endloop
  endfacet
  facet normal 0.874104 -0.485739 0
    outer loop
      vertex -45.5167 13.8371 3
      vertex -45.3022 14.2231 -3
      vertex -45.3022 14.2231 3
    endloop
  endfacet
  facet normal 0.874104 -0.485739 0
    outer loop
      vertex -45.3022 14.2231 -3
      vertex -45.5167 13.8371 3
      vertex -45.5167 13.8371 -3
    endloop
  endfacet
  facet normal 0.961532 0.274691 0
    outer loop
      vertex -45.7419 10.4003 3
      vertex -45.8632 10.8249 -3
      vertex -45.8632 10.8249 3
    endloop
  endfacet
  facet normal 0.961532 0.274691 0
    outer loop
      vertex -45.8632 10.8249 -3
      vertex -45.7419 10.4003 3
      vertex -45.7419 10.4003 -3
    endloop
  endfacet
  facet normal 0.541936 -0.84042 0
    outer loop
      vertex -44.1019 15.5046 -3
      vertex -43.7308 15.7439 3
      vertex -44.1019 15.5046 3
    endloop
  endfacet
  facet normal 0.541936 -0.84042 0
    outer loop
      vertex -43.7308 15.7439 3
      vertex -44.1019 15.5046 -3
      vertex -43.7308 15.7439 -3
    endloop
  endfacet
  facet normal -0.783683 -0.62116 -0.000779932
    outer loop
      vertex 14.1386 44.4679 -2.6745
      vertex 13.864 44.8138 -2.23851
      vertex 14.0401 44.592 -2.53757
    endloop
  endfacet
  facet normal -0.783205 -0.621764 0
    outer loop
      vertex 13.864 44.8138 -2.23851
      vertex 14.1386 44.4679 -2.6745
      vertex 13.864 44.8138 2.23851
    endloop
  endfacet
  facet normal -0.783205 -0.621764 -0
    outer loop
      vertex 14.1386 44.4679 2.6745
      vertex 13.864 44.8138 2.23851
      vertex 14.1386 44.4679 -2.6745
    endloop
  endfacet
  facet normal -0.783683 -0.62116 0.000779932
    outer loop
      vertex 13.864 44.8138 2.23851
      vertex 14.1386 44.4679 2.6745
      vertex 14.0401 44.592 2.53757
    endloop
  endfacet
  facet normal -0.719844 -0.694134 -0.00130475
    outer loop
      vertex 13.864 44.8138 -2.23851
      vertex 13.5569 45.1312 -1.66677
      vertex 13.6571 45.0277 -1.88559
    endloop
  endfacet
  facet normal -0.718671 -0.69535 0
    outer loop
      vertex 13.5569 45.1312 -1.66677
      vertex 13.864 44.8138 -2.23851
      vertex 13.5569 45.1312 1.66677
    endloop
  endfacet
  facet normal -0.735295 -0.677437 -0.0204828
    outer loop
      vertex 13.864 44.8138 -2.23851
      vertex 13.6571 45.0277 -1.88559
      vertex 13.8524 44.8259 -2.22228
    endloop
  endfacet
  facet normal -0.718671 -0.69535 -0
    outer loop
      vertex 13.864 44.8138 2.23851
      vertex 13.5569 45.1312 1.66677
      vertex 13.864 44.8138 -2.23851
    endloop
  endfacet
  facet normal -0.719844 -0.694134 0.00130475
    outer loop
      vertex 13.5569 45.1312 1.66677
      vertex 13.864 44.8138 2.23851
      vertex 13.6571 45.0277 1.88559
    endloop
  endfacet
  facet normal -0.735295 -0.677437 0.0204828
    outer loop
      vertex 13.6571 45.0277 1.88559
      vertex 13.864 44.8138 2.23851
      vertex 13.8524 44.8259 2.22228
    endloop
  endfacet
  facet normal -0.551378 0.83416 0.0126158
    outer loop
      vertex 13.1019 38.189 2.24231
      vertex 12.7659 37.9723 1.88559
      vertex 13.0789 38.1741 2.22228
    endloop
  endfacet
  facet normal -0.544208 0.838945 0.00295658
    outer loop
      vertex 13.1019 38.189 2.24231
      vertex 12.7308 37.9497 1.83771
      vertex 12.7659 37.9723 1.88559
    endloop
  endfacet
  facet normal -0.541936 0.84042 0
    outer loop
      vertex 13.1019 38.189 2.24231
      vertex 12.7308 37.9497 -1.83771
      vertex 12.7308 37.9497 1.83771
    endloop
  endfacet
  facet normal -0.541936 0.84042 0
    outer loop
      vertex 13.1019 38.189 -2.24231
      vertex 12.7308 37.9497 -1.83771
      vertex 13.1019 38.189 2.24231
    endloop
  endfacet
  facet normal -0.544208 0.838945 -0.00295658
    outer loop
      vertex 12.7308 37.9497 -1.83771
      vertex 13.1019 38.189 -2.24231
      vertex 12.7659 37.9723 -1.88559
    endloop
  endfacet
  facet normal -0.551378 0.83416 -0.0126158
    outer loop
      vertex 12.7659 37.9723 -1.88559
      vertex 13.1019 38.189 -2.24231
      vertex 13.0789 38.1741 -2.22228
    endloop
  endfacet
  facet normal -0.0817297 0.996655 0
    outer loop
      vertex -40.8934 7.38529 -3
      vertex -41.3335 7.3492 3
      vertex -40.8934 7.38529 3
    endloop
  endfacet
  facet normal -0.0817297 0.996655 0
    outer loop
      vertex -41.3335 7.3492 3
      vertex -40.8934 7.38529 -3
      vertex -41.3335 7.3492 -3
    endloop
  endfacet
  facet normal -0.874104 0.485739 0
    outer loop
      vertex 14.3022 39.4705 -3
      vertex 14.5167 39.8565 3
      vertex 14.5167 39.8565 -3
    endloop
  endfacet
  facet normal -0.874104 0.485739 0
    outer loop
      vertex 14.5167 39.8565 3
      vertex 14.3022 39.4705 -3
      vertex 14.3022 39.4705 3
    endloop
  endfacet
  facet normal -0.952047 0.305951 0
    outer loop
      vertex 14.6923 40.2617 -3
      vertex 14.8274 40.6821 3
      vertex 14.8274 40.6821 -3
    endloop
  endfacet
  facet normal -0.952047 0.305951 0
    outer loop
      vertex 14.8274 40.6821 3
      vertex 14.6923 40.2617 -3
      vertex 14.6923 40.2617 3
    endloop
  endfacet
  facet normal -0.839832 -0.542844 0.0014666
    outer loop
      vertex 14.3779 44.0968 -3
      vertex 14.1386 44.4679 -2.6745
      vertex 14.2285 44.3284 -2.82843
    endloop
  endfacet
  facet normal -0.84042 -0.541936 0
    outer loop
      vertex 14.1386 44.4679 -2.6745
      vertex 14.3779 44.0968 -3
      vertex 14.1386 44.4679 2.6745
    endloop
  endfacet
  facet normal -0.840209 -0.542263 0.000354264
    outer loop
      vertex 14.3779 44.0968 -3
      vertex 14.2285 44.3284 -2.82843
      vertex 14.3506 44.1391 -3
    endloop
  endfacet
  facet normal -0.84042 -0.541936 -0
    outer loop
      vertex 14.3779 44.0968 3
      vertex 14.1386 44.4679 2.6745
      vertex 14.3779 44.0968 -3
    endloop
  endfacet
  facet normal -0.839832 -0.542844 -0.0014666
    outer loop
      vertex 14.1386 44.4679 2.6745
      vertex 14.3779 44.0968 3
      vertex 14.2285 44.3284 2.82843
    endloop
  endfacet
  facet normal -0.840209 -0.542263 -0.000354264
    outer loop
      vertex 14.2285 44.3284 2.82843
      vertex 14.3779 44.0968 3
      vertex 14.3506 44.1391 3
    endloop
  endfacet
  facet normal 0.646997 0.762492 -0
    outer loop
      vertex -44.2202 8.2767 -3
      vertex -44.5569 8.5624 3
      vertex -44.2202 8.2767 3
    endloop
  endfacet
  facet normal 0.646997 0.762492 0
    outer loop
      vertex -44.5569 8.5624 3
      vertex -44.2202 8.2767 -3
      vertex -44.5569 8.5624 -3
    endloop
  endfacet
  facet normal 0.485774 0.874085 -0
    outer loop
      vertex -43.4711 7.81086 -3
      vertex -43.8571 8.02538 3
      vertex -43.4711 7.81086 3
    endloop
  endfacet
  facet normal 0.485774 0.874085 0
    outer loop
      vertex -43.8571 8.02538 3
      vertex -43.4711 7.81086 -3
      vertex -43.8571 8.02538 -3
    endloop
  endfacet
  facet normal -0.693165 0.720767 -0.00418678
    outer loop
      vertex 13.7652 38.7706 2.9182
      vertex 13.4478 38.4635 2.59886
      vertex 13.6628 38.6716 2.82843
    endloop
  endfacet
  facet normal -0.69535 0.718671 0
    outer loop
      vertex 13.7652 38.7706 2.9182
      vertex 13.4478 38.4635 -2.59886
      vertex 13.4478 38.4635 2.59886
    endloop
  endfacet
  facet normal -0.69535 0.718671 0
    outer loop
      vertex 13.7652 38.7706 -2.9182
      vertex 13.4478 38.4635 -2.59886
      vertex 13.7652 38.7706 2.9182
    endloop
  endfacet
  facet normal -0.693165 0.720767 0.00418678
    outer loop
      vertex 13.4478 38.4635 -2.59886
      vertex 13.7652 38.7706 -2.9182
      vertex 13.6628 38.6716 -2.82843
    endloop
  endfacet
  facet normal 0.993465 -0.114134 0
    outer loop
      vertex -45.9711 12.1411 3
      vertex -45.9207 12.5798 -3
      vertex -45.9207 12.5798 3
    endloop
  endfacet
  facet normal 0.993465 -0.114134 0
    outer loop
      vertex -45.9207 12.5798 -3
      vertex -45.9711 12.1411 3
      vertex -45.9711 12.1411 -3
    endloop
  endfacet
  facet normal 0.621625 -0.783315 0
    outer loop
      vertex -44.4478 15.2301 -3
      vertex -44.1019 15.5046 3
      vertex -44.4478 15.2301 3
    endloop
  endfacet
  facet normal 0.621625 -0.783315 0
    outer loop
      vertex -44.1019 15.5046 3
      vertex -44.4478 15.2301 -3
      vertex -44.1019 15.5046 -3
    endloop
  endfacet
  facet normal 0.21114 0.977456 -0
    outer loop
      vertex -42.2138 7.40689 -3
      vertex -42.6454 7.50012 3
      vertex -42.2138 7.40689 3
    endloop
  endfacet
  facet normal 0.21114 0.977456 0
    outer loop
      vertex -42.6454 7.50012 3
      vertex -42.2138 7.40689 -3
      vertex -42.6454 7.50012 -3
    endloop
  endfacet
  facet normal 0.114291 0.993447 -0
    outer loop
      vertex -41.7751 7.35642 -3
      vertex -42.2138 7.40689 3
      vertex -41.7751 7.35642 3
    endloop
  endfacet
  facet normal 0.114291 0.993447 0
    outer loop
      vertex -42.2138 7.40689 3
      vertex -41.7751 7.35642 -3
      vertex -42.2138 7.40689 -3
    endloop
  endfacet
  facet normal -0.889574 -0.45679 0
    outer loop
      vertex 14.5796 43.704 -3
      vertex 14.3779 44.0968 3
      vertex 14.3779 44.0968 -3
    endloop
  endfacet
  facet normal -0.889574 -0.45679 0
    outer loop
      vertex 14.3779 44.0968 3
      vertex 14.5796 43.704 -3
      vertex 14.5796 43.704 3
    endloop
  endfacet
  facet normal -0.930015 -0.367522 0
    outer loop
      vertex 14.7419 43.2933 -3
      vertex 14.5796 43.704 3
      vertex 14.5796 43.704 -3
    endloop
  endfacet
  facet normal -0.930015 -0.367522 0
    outer loop
      vertex 14.5796 43.704 3
      vertex 14.7419 43.2933 -3
      vertex 14.7419 43.2933 3
    endloop
  endfacet
  facet normal -0.619299 0.785147 -0.00366638
    outer loop
      vertex 13.4478 38.4635 2.59886
      vertex 13.1019 38.189 2.24231
      vertex 13.3778 38.408 2.53757
    endloop
  endfacet
  facet normal -0.621625 0.783315 0
    outer loop
      vertex 13.4478 38.4635 2.59886
      vertex 13.1019 38.189 -2.24231
      vertex 13.1019 38.189 2.24231
    endloop
  endfacet
  facet normal -0.621625 0.783315 0
    outer loop
      vertex 13.4478 38.4635 -2.59886
      vertex 13.1019 38.189 -2.24231
      vertex 13.4478 38.4635 2.59886
    endloop
  endfacet
  facet normal -0.619299 0.785147 0.00366638
    outer loop
      vertex 13.1019 38.189 -2.24231
      vertex 13.4478 38.4635 -2.59886
      vertex 13.3778 38.408 -2.53757
    endloop
  endfacet
  facet normal 0.762587 -0.646886 0
    outer loop
      vertex -45.0508 14.5862 3
      vertex -44.7651 14.923 -3
      vertex -44.7651 14.923 3
    endloop
  endfacet
  facet normal 0.762587 -0.646886 0
    outer loop
      vertex -44.7651 14.923 -3
      vertex -45.0508 14.5862 3
      vertex -45.0508 14.5862 -3
    endloop
  endfacet
  facet normal 0.917545 -0.397633 0
    outer loop
      vertex -45.6923 13.4319 3
      vertex -45.5167 13.8371 -3
      vertex -45.5167 13.8371 3
    endloop
  endfacet
  facet normal 0.917545 -0.397633 0
    outer loop
      vertex -45.5167 13.8371 -3
      vertex -45.6923 13.4319 3
      vertex -45.6923 13.4319 -3
    endloop
  endfacet
  facet normal -0.977433 0.211245 0
    outer loop
      vertex 14.8274 40.6821 -3
      vertex 14.9207 41.1138 3
      vertex 14.9207 41.1138 -3
    endloop
  endfacet
  facet normal -0.977433 0.211245 0
    outer loop
      vertex 14.9207 41.1138 3
      vertex 14.8274 40.6821 -3
      vertex 14.8274 40.6821 3
    endloop
  endfacet
  facet normal -0.993465 0.114134 0
    outer loop
      vertex 14.9207 41.1138 -3
      vertex 14.9711 41.5525 3
      vertex 14.9711 41.5525 -3
    endloop
  endfacet
  facet normal -0.993465 0.114134 0
    outer loop
      vertex 14.9711 41.5525 3
      vertex 14.9207 41.1138 -3
      vertex 14.9207 41.1138 3
    endloop
  endfacet
  facet normal -0.917545 0.397633 0
    outer loop
      vertex 14.5167 39.8565 -3
      vertex 14.6923 40.2617 3
      vertex 14.6923 40.2617 -3
    endloop
  endfacet
  facet normal -0.917545 0.397633 0
    outer loop
      vertex 14.6923 40.2617 3
      vertex 14.5167 39.8565 -3
      vertex 14.5167 39.8565 3
    endloop
  endfacet
  facet normal 0.0163475 0.999866 -0
    outer loop
      vertex -41.3335 7.3492 -3
      vertex -41.7751 7.35642 3
      vertex -41.3335 7.3492 3
    endloop
  endfacet
  facet normal 0.0163475 0.999866 0
    outer loop
      vertex -41.7751 7.35642 3
      vertex -41.3335 7.3492 -3
      vertex -41.7751 7.35642 -3
    endloop
  endfacet
  facet normal -0.762435 0.647064 0.00126709
    outer loop
      vertex 13.7652 38.7706 -2.9182
      vertex 14.0509 39.1074 -3
      vertex 13.8417 38.8609 -3
    endloop
  endfacet
  facet normal -0.762587 0.646886 0
    outer loop
      vertex 14.0509 39.1074 -3
      vertex 13.7652 38.7706 -2.9182
      vertex 14.0509 39.1074 3
    endloop
  endfacet
  facet normal -0.762587 0.646886 0
    outer loop
      vertex 13.7652 38.7706 2.9182
      vertex 14.0509 39.1074 3
      vertex 13.7652 38.7706 -2.9182
    endloop
  endfacet
  facet normal -0.762435 0.647064 -0.00126709
    outer loop
      vertex 14.0509 39.1074 3
      vertex 13.7652 38.7706 2.9182
      vertex 13.8417 38.8609 3
    endloop
  endfacet
  facet normal 0.996654 0.0817338 0
    outer loop
      vertex -45.9423 11.2594 3
      vertex -45.9784 11.6996 -3
      vertex -45.9784 11.6996 3
    endloop
  endfacet
  facet normal 0.996654 0.0817338 0
    outer loop
      vertex -45.9784 11.6996 -3
      vertex -45.9423 11.2594 3
      vertex -45.9423 11.2594 -3
    endloop
  endfacet
  facet normal -0.822274 0.569092 0
    outer loop
      vertex 14.0509 39.1074 -3
      vertex 14.3022 39.4705 3
      vertex 14.3022 39.4705 -3
    endloop
  endfacet
  facet normal -0.822274 0.569092 0
    outer loop
      vertex 14.3022 39.4705 3
      vertex 14.0509 39.1074 -3
      vertex 14.0509 39.1074 3
    endloop
  endfacet
  facet normal -0.983823 -0.179145 0
    outer loop
      vertex 14.9423 42.4342 -3
      vertex 14.8632 42.8686 3
      vertex 14.8632 42.8686 -3
    endloop
  endfacet
  facet normal -0.983823 -0.179145 0
    outer loop
      vertex 14.8632 42.8686 3
      vertex 14.9423 42.4342 -3
      vertex 14.9423 42.4342 3
    endloop
  endfacet
  facet normal -0.96155 -0.274631 0
    outer loop
      vertex 14.8632 42.8686 -3
      vertex 14.7419 43.2933 3
      vertex 14.7419 43.2933 -3
    endloop
  endfacet
  facet normal -0.96155 -0.274631 0
    outer loop
      vertex 14.7419 43.2933 3
      vertex 14.8632 42.8686 -3
      vertex 14.8632 42.8686 3
    endloop
  endfacet
  facet normal 0.952047 -0.305951 0
    outer loop
      vertex -45.8274 13.0115 3
      vertex -45.6923 13.4319 -3
      vertex -45.6923 13.4319 3
    endloop
  endfacet
  facet normal 0.952047 -0.305951 0
    outer loop
      vertex -45.6923 13.4319 -3
      vertex -45.8274 13.0115 3
      vertex -45.8274 13.0115 -3
    endloop
  endfacet
  facet normal -0.999863 0.0165323 0
    outer loop
      vertex 14.9711 41.5525 -3
      vertex 14.9784 41.994 3
      vertex 14.9784 41.994 -3
    endloop
  endfacet
  facet normal -0.999863 0.0165323 0
    outer loop
      vertex 14.9784 41.994 3
      vertex 14.9711 41.5525 -3
      vertex 14.9711 41.5525 3
    endloop
  endfacet
  facet normal 1 0 0
    outer loop
      vertex 22 48 3
      vertex 22 45.5 0
      vertex 22 48 -3
    endloop
  endfacet
  facet normal 1 0 0
    outer loop
      vertex 22 48 3
      vertex 22 45.4807 0.392068
      vertex 22 45.5 0
    endloop
  endfacet
  facet normal 1 0 0
    outer loop
      vertex 22 48 3
      vertex 22 45.4231 0.780361
      vertex 22 45.4807 0.392068
    endloop
  endfacet
  facet normal 1 0 0
    outer loop
      vertex 22 48 3
      vertex 22 45.3278 1.16114
      vertex 22 45.4231 0.780361
    endloop
  endfacet
  facet normal 1 0 0
    outer loop
      vertex 22 48 3
      vertex 22 45.1955 1.53073
      vertex 22 45.3278 1.16114
    endloop
  endfacet
  facet normal 1 0 0
    outer loop
      vertex 22 48 3
      vertex 22 45.0277 1.88559
      vertex 22 45.1955 1.53073
    endloop
  endfacet
  facet normal 1 0 0
    outer loop
      vertex 22 48 3
      vertex 22 44.8259 2.22228
      vertex 22 45.0277 1.88559
    endloop
  endfacet
  facet normal 1 0 0
    outer loop
      vertex 22 48 3
      vertex 22 44.592 2.53757
      vertex 22 44.8259 2.22228
    endloop
  endfacet
  facet normal 1 0 0
    outer loop
      vertex 22 48 3
      vertex 22 44.3284 2.82843
      vertex 22 44.592 2.53757
    endloop
  endfacet
  facet normal 1 0 -0
    outer loop
      vertex 22 44.3284 2.82843
      vertex 22 48 3
      vertex 22 44.1391 3
    endloop
  endfacet
  facet normal 1 -0 0
    outer loop
      vertex 22 45.4807 -0.392068
      vertex 22 48 -3
      vertex 22 45.5 0
    endloop
  endfacet
  facet normal 1 -0 0
    outer loop
      vertex 22 45.4231 -0.780361
      vertex 22 48 -3
      vertex 22 45.4807 -0.392068
    endloop
  endfacet
  facet normal 1 -0 0
    outer loop
      vertex 22 45.3278 -1.16114
      vertex 22 48 -3
      vertex 22 45.4231 -0.780361
    endloop
  endfacet
  facet normal 1 -0 0
    outer loop
      vertex 22 45.1955 -1.53073
      vertex 22 48 -3
      vertex 22 45.3278 -1.16114
    endloop
  endfacet
  facet normal 1 -0 0
    outer loop
      vertex 22 45.0277 -1.88559
      vertex 22 48 -3
      vertex 22 45.1955 -1.53073
    endloop
  endfacet
  facet normal 1 -0 0
    outer loop
      vertex 22 44.8259 -2.22228
      vertex 22 48 -3
      vertex 22 45.0277 -1.88559
    endloop
  endfacet
  facet normal 1 -0 0
    outer loop
      vertex 22 44.592 -2.53757
      vertex 22 48 -3
      vertex 22 44.8259 -2.22228
    endloop
  endfacet
  facet normal 1 -0 0
    outer loop
      vertex 22 44.3284 -2.82843
      vertex 22 48 -3
      vertex 22 44.592 -2.53757
    endloop
  endfacet
  facet normal 1 0 0
    outer loop
      vertex 22 48 -3
      vertex 22 44.3284 -2.82843
      vertex 22 44.1391 -3
    endloop
  endfacet
  facet normal 0.941527 0.336939 0
    outer loop
      vertex 21.9354 48.4354 3
      vertex 21.8858 48.574 -3
      vertex 21.8858 48.574 3
    endloop
  endfacet
  facet normal 0.941527 0.336939 0
    outer loop
      vertex 21.8858 48.574 -3
      vertex 21.9354 48.4354 3
      vertex 21.9354 48.4354 -3
    endloop
  endfacet
  facet normal 0.74123 0.671251 0
    outer loop
      vertex 21.6595 48.9516 3
      vertex 21.5607 49.0607 -3
      vertex 21.5607 49.0607 3
    endloop
  endfacet
  facet normal 0.74123 0.671251 0
    outer loop
      vertex 21.5607 49.0607 -3
      vertex 21.6595 48.9516 3
      vertex 21.6595 48.9516 -3
    endloop
  endfacet
  facet normal 0.671251 0.74123 -0
    outer loop
      vertex 21.5607 49.0607 -3
      vertex 21.4516 49.1595 3
      vertex 21.5607 49.0607 3
    endloop
  endfacet
  facet normal 0.671251 0.74123 0
    outer loop
      vertex 21.4516 49.1595 3
      vertex 21.5607 49.0607 -3
      vertex 21.4516 49.1595 -3
    endloop
  endfacet
  facet normal 0.998803 0.0489209 0
    outer loop
      vertex 22 48 3
      vertex 21.9928 48.147 -3
      vertex 21.9928 48.147 3
    endloop
  endfacet
  facet normal 0.998803 0.0489209 0
    outer loop
      vertex 21.9928 48.147 -3
      vertex 22 48 3
      vertex 22 48 -3
    endloop
  endfacet
  facet normal 0 1 -0
    outer loop
      vertex 20.5 49.5 -3
      vertex 17.6092 49.5 3
      vertex 20.5 49.5 3
    endloop
  endfacet
  facet normal 0 1 0
    outer loop
      vertex 17.6092 49.5 3
      vertex 20.5 49.5 -3
      vertex 17.6092 49.5 -3
    endloop
  endfacet
  facet normal 0.514096 0.857733 -0
    outer loop
      vertex 21.3334 49.2472 -3
      vertex 21.2071 49.3229 3
      vertex 21.3334 49.2472 3
    endloop
  endfacet
  facet normal 0.514096 0.857733 0
    outer loop
      vertex 21.2071 49.3229 3
      vertex 21.3334 49.2472 -3
      vertex 21.2071 49.3229 -3
    endloop
  endfacet
  facet normal 0.904125 0.427269 0
    outer loop
      vertex 21.8858 48.574 3
      vertex 21.8229 48.7071 -3
      vertex 21.8229 48.7071 3
    endloop
  endfacet
  facet normal 0.904125 0.427269 0
    outer loop
      vertex 21.8229 48.7071 -3
      vertex 21.8858 48.574 3
      vertex 21.8858 48.574 -3
    endloop
  endfacet
  facet normal 0.427269 0.904125 -0
    outer loop
      vertex 21.2071 49.3229 -3
      vertex 21.074 49.3858 3
      vertex 21.2071 49.3229 3
    endloop
  endfacet
  facet normal 0.427269 0.904125 0
    outer loop
      vertex 21.074 49.3858 3
      vertex 21.2071 49.3229 -3
      vertex 21.074 49.3858 -3
    endloop
  endfacet
  facet normal 0.0489209 0.998803 -0
    outer loop
      vertex 20.647 49.4928 -3
      vertex 20.5 49.5 3
      vertex 20.647 49.4928 3
    endloop
  endfacet
  facet normal 0.0489209 0.998803 0
    outer loop
      vertex 20.5 49.5 3
      vertex 20.647 49.4928 -3
      vertex 20.5 49.5 -3
    endloop
  endfacet
  facet normal 0.146746 0.989174 -0
    outer loop
      vertex 20.7926 49.4712 -3
      vertex 20.647 49.4928 3
      vertex 20.7926 49.4712 3
    endloop
  endfacet
  facet normal 0.146746 0.989174 0
    outer loop
      vertex 20.647 49.4928 3
      vertex 20.7926 49.4712 -3
      vertex 20.647 49.4928 -3
    endloop
  endfacet
  facet normal 0.857733 0.514096 0
    outer loop
      vertex 21.8229 48.7071 3
      vertex 21.7472 48.8334 -3
      vertex 21.7472 48.8334 3
    endloop
  endfacet
  facet normal 0.857733 0.514096 0
    outer loop
      vertex 21.7472 48.8334 -3
      vertex 21.8229 48.7071 3
      vertex 21.8229 48.7071 -3
    endloop
  endfacet
  facet normal 0.595861 0.803088 -0
    outer loop
      vertex 21.4516 49.1595 -3
      vertex 21.3334 49.2472 3
      vertex 21.4516 49.1595 3
    endloop
  endfacet
  facet normal 0.595861 0.803088 0
    outer loop
      vertex 21.3334 49.2472 3
      vertex 21.4516 49.1595 -3
      vertex 21.3334 49.2472 -3
    endloop
  endfacet
  facet normal 0.989174 0.146746 0
    outer loop
      vertex 21.9928 48.147 3
      vertex 21.9712 48.2926 -3
      vertex 21.9712 48.2926 3
    endloop
  endfacet
  facet normal 0.989174 0.146746 0
    outer loop
      vertex 21.9712 48.2926 -3
      vertex 21.9928 48.147 3
      vertex 21.9928 48.147 -3
    endloop
  endfacet
  facet normal 0.243175 0.969982 -0
    outer loop
      vertex 20.9354 49.4354 -3
      vertex 20.7926 49.4712 3
      vertex 20.9354 49.4354 3
    endloop
  endfacet
  facet normal 0.243175 0.969982 0
    outer loop
      vertex 20.7926 49.4712 3
      vertex 20.9354 49.4354 -3
      vertex 20.7926 49.4712 -3
    endloop
  endfacet
  facet normal 0.336939 0.941527 -0
    outer loop
      vertex 21.074 49.3858 -3
      vertex 20.9354 49.4354 3
      vertex 21.074 49.3858 3
    endloop
  endfacet
  facet normal 0.336939 0.941527 0
    outer loop
      vertex 20.9354 49.4354 3
      vertex 21.074 49.3858 -3
      vertex 20.9354 49.4354 -3
    endloop
  endfacet
  facet normal 0.803088 0.595861 0
    outer loop
      vertex 21.7472 48.8334 3
      vertex 21.6595 48.9516 -3
      vertex 21.6595 48.9516 3
    endloop
  endfacet
  facet normal 0.803088 0.595861 0
    outer loop
      vertex 21.6595 48.9516 -3
      vertex 21.7472 48.8334 3
      vertex 21.7472 48.8334 -3
    endloop
  endfacet
  facet normal 0.969982 0.243175 0
    outer loop
      vertex 21.9712 48.2926 3
      vertex 21.9354 48.4354 -3
      vertex 21.9354 48.4354 3
    endloop
  endfacet
  facet normal 0.969982 0.243175 0
    outer loop
      vertex 21.9354 48.4354 -3
      vertex 21.9712 48.2926 3
      vertex 21.9712 48.2926 -3
    endloop
  endfacet
  facet normal -0.0103319 0.907176 -0.420625
    outer loop
      vertex 12.4793 37.8045 1.53073
      vertex 12.7659 37.9723 1.88559
      vertex 12.7308 37.9497 1.83771
    endloop
  endfacet
  facet normal 0 0.904025 -0.42748
    outer loop
      vertex 12.7659 37.9723 1.88559
      vertex 12.4793 37.8045 1.53073
      vertex -5.23002 37.9723 1.88559
    endloop
  endfacet
  facet normal 0 0.904025 -0.42748
    outer loop
      vertex -5.23002 37.9723 1.88559
      vertex 12.4793 37.8045 1.53073
      vertex -5.52072 37.8045 1.53073
    endloop
  endfacet
  facet normal -0.0103319 0.907176 0.420625
    outer loop
      vertex 12.7659 37.9723 -1.88559
      vertex 12.4793 37.8045 -1.53073
      vertex 12.7308 37.9497 -1.83771
    endloop
  endfacet
  facet normal 0 0.904025 0.42748
    outer loop
      vertex 12.4793 37.8045 -1.53073
      vertex 12.7659 37.9723 -1.88559
      vertex -5.23002 37.9723 -1.88559
    endloop
  endfacet
  facet normal 0 0.904025 0.42748
    outer loop
      vertex 12.4793 37.8045 -1.53073
      vertex -5.23002 37.9723 -1.88559
      vertex -5.52072 37.8045 -1.53073
    endloop
  endfacet
  facet normal -0 -0.740977 -0.671531
    outer loop
      vertex 22 44.592 2.53757
      vertex 20.595 44.3284 2.82843
      vertex 20.4428 44.592 2.53757
    endloop
  endfacet
  facet normal 0 -0.740977 -0.671531
    outer loop
      vertex 20.595 44.3284 2.82843
      vertex 22 44.592 2.53757
      vertex 22 44.3284 2.82843
    endloop
  endfacet
  facet normal 0 -0.740977 -0.671531
    outer loop
      vertex 6.23568 44.592 2.53757
      vertex 14.2285 44.3284 2.82843
      vertex 5.77909 44.3284 2.82843
    endloop
  endfacet
  facet normal -0 -0.740977 -0.671531
    outer loop
      vertex 14.0401 44.592 2.53757
      vertex 14.2285 44.3284 2.82843
      vertex 6.23568 44.592 2.53757
    endloop
  endfacet
  facet normal -0.000254113 -0.741059 -0.67144
    outer loop
      vertex 14.2285 44.3284 2.82843
      vertex 14.0401 44.592 2.53757
      vertex 14.1386 44.4679 2.6745
    endloop
  endfacet
  facet normal 0 0.857733 -0.514095
    outer loop
      vertex 12.7659 37.9723 1.88559
      vertex -4.88048 38.1741 2.22228
      vertex 13.0789 38.1741 2.22228
    endloop
  endfacet
  facet normal 0 0.857733 -0.514095
    outer loop
      vertex -4.88048 38.1741 2.22228
      vertex 12.7659 37.9723 1.88559
      vertex -5.23002 37.9723 1.88559
    endloop
  endfacet
  facet normal 0 -0.671556 -0.740954
    outer loop
      vertex 20.7043 44.1391 3
      vertex 22 44.3284 2.82843
      vertex 22 44.1391 3
    endloop
  endfacet
  facet normal -0 -0.671556 -0.740954
    outer loop
      vertex 22 44.3284 2.82843
      vertex 20.7043 44.1391 3
      vertex 20.595 44.3284 2.82843
    endloop
  endfacet
  facet normal 0 -0.671556 -0.740954
    outer loop
      vertex 14.3506 44.1391 3
      vertex 5.77909 44.3284 2.82843
      vertex 14.2285 44.3284 2.82843
    endloop
  endfacet
  facet normal -1.79487e-05 -0.672002 -0.74055
    outer loop
      vertex 14.3506 44.1391 3
      vertex 5.69792 44.2816 2.8709
      vertex 5.77909 44.3284 2.82843
    endloop
  endfacet
  facet normal -0.00290259 -0.684824 -0.728703
    outer loop
      vertex 5.69792 44.2816 2.8709
      vertex 5.36319 44.3219 2.83436
      vertex 5.68005 44.2854 2.8674
    endloop
  endfacet
  facet normal 4.07486e-05 -0.671517 -0.74099
    outer loop
      vertex 5.69792 44.2816 2.8709
      vertex 5.0443 44.3271 2.82963
      vertex 5.36319 44.3219 2.83436
    endloop
  endfacet
  facet normal 5.72948e-05 -0.671386 -0.741108
    outer loop
      vertex 5.69792 44.2816 2.8709
      vertex 4.72643 44.301 2.85325
      vertex 5.0443 44.3271 2.82963
    endloop
  endfacet
  facet normal 4.65134e-05 -0.671682 -0.74084
    outer loop
      vertex 5.69792 44.2816 2.8709
      vertex 4.41264 44.2439 2.905
      vertex 4.72643 44.301 2.85325
    endloop
  endfacet
  facet normal 0 -0.671403 -0.741092
    outer loop
      vertex 4.06234 44.1391 3
      vertex 5.69792 44.2816 2.8709
      vertex 14.3506 44.1391 3
    endloop
  endfacet
  facet normal 4.76843e-05 -0.671704 -0.74082
    outer loop
      vertex 5.69792 44.2816 2.8709
      vertex 4.06234 44.1391 3
      vertex 4.41264 44.2439 2.905
    endloop
  endfacet
  facet normal -0.00327034 -0.66559 -0.74631
    outer loop
      vertex 4.41264 44.2439 2.905
      vertex 4.06234 44.1391 3
      vertex 4.10596 44.1564 2.98438
    endloop
  endfacet
  facet normal -0 0.857733 0.514095
    outer loop
      vertex -4.88048 38.1741 -2.22228
      vertex 12.7659 37.9723 -1.88559
      vertex 13.0789 38.1741 -2.22228
    endloop
  endfacet
  facet normal 0 0.857733 0.514095
    outer loop
      vertex 12.7659 37.9723 -1.88559
      vertex -4.88048 38.1741 -2.22228
      vertex -5.23002 37.9723 -1.88559
    endloop
  endfacet
  facet normal 0 0.970079 -0.242788
    outer loop
      vertex 12.085 37.5769 0.780361
      vertex -5.74977 37.6722 1.16114
      vertex 12.2502 37.6722 1.16114
    endloop
  endfacet
  facet normal 0 0.970079 -0.242788
    outer loop
      vertex -5.74977 37.6722 1.16114
      vertex 12.085 37.5769 0.780361
      vertex -5.91497 37.5769 0.780361
    endloop
  endfacet
  facet normal -0 -0.941497 -0.337022
    outer loop
      vertex 22 45.3278 1.16114
      vertex 20.0944 45.1955 1.53073
      vertex 20.018 45.3278 1.16114
    endloop
  endfacet
  facet normal 0 -0.941497 -0.337022
    outer loop
      vertex 20.0944 45.1955 1.53073
      vertex 22 45.3278 1.16114
      vertex 22 45.1955 1.53073
    endloop
  endfacet
  facet normal 0 -0.941497 -0.337022
    outer loop
      vertex 7.50998 45.3278 1.16114
      vertex 13.4811 45.1955 1.53073
      vertex 7.28093 45.1955 1.53073
    endloop
  endfacet
  facet normal 0 -0.941497 -0.337022
    outer loop
      vertex 13.4811 45.1955 1.53073
      vertex 7.50998 45.3278 1.16114
      vertex 13.3252 45.3278 1.16114
    endloop
  endfacet
  facet normal -0 0.998791 0.0491666
    outer loop
      vertex -6.01473 37.5193 -0.392068
      vertex 11.9519 37.5 0
      vertex 11.9853 37.5193 -0.392068
    endloop
  endfacet
  facet normal 0 0.998791 0.0491666
    outer loop
      vertex 11.9519 37.5 0
      vertex -6.01473 37.5193 -0.392068
      vertex -6.04809 37.5 0
    endloop
  endfacet
  facet normal -0 0.989176 0.146736
    outer loop
      vertex -5.91497 37.5769 -0.780361
      vertex 11.9853 37.5193 -0.392068
      vertex 12.085 37.5769 -0.780361
    endloop
  endfacet
  facet normal 0 0.989176 0.146736
    outer loop
      vertex 11.9853 37.5193 -0.392068
      vertex -5.91497 37.5769 -0.780361
      vertex -6.01473 37.5193 -0.392068
    endloop
  endfacet
  facet normal -0 -0.998791 -0.0491666
    outer loop
      vertex 22 45.5 0
      vertex 19.9297 45.4807 0.392068
      vertex 19.9186 45.5 0
    endloop
  endfacet
  facet normal 0 -0.998791 -0.0491666
    outer loop
      vertex 19.9297 45.4807 0.392068
      vertex 22 45.5 0
      vertex 22 45.4807 0.392068
    endloop
  endfacet
  facet normal 0 -0.998791 -0.0491666
    outer loop
      vertex 7.80831 45.5 0
      vertex 13.1279 45.4807 0.392068
      vertex 7.77495 45.4807 0.392068
    endloop
  endfacet
  facet normal 0 -0.998791 -0.0491666
    outer loop
      vertex 13.1279 45.4807 0.392068
      vertex 7.80831 45.5 0
      vertex 13.1001 45.5 0
    endloop
  endfacet
  facet normal -0 -0.989176 -0.146736
    outer loop
      vertex 22 45.4807 0.392068
      vertex 19.963 45.4231 0.780361
      vertex 19.9297 45.4807 0.392068
    endloop
  endfacet
  facet normal 0 -0.989176 -0.146736
    outer loop
      vertex 19.963 45.4231 0.780361
      vertex 22 45.4807 0.392068
      vertex 22 45.4231 0.780361
    endloop
  endfacet
  facet normal 0 -0.989176 -0.146736
    outer loop
      vertex 7.77495 45.4807 0.392068
      vertex 13.2111 45.4231 0.780361
      vertex 7.67519 45.4231 0.780361
    endloop
  endfacet
  facet normal 0 -0.989176 -0.146736
    outer loop
      vertex 13.2111 45.4231 0.780361
      vertex 7.77495 45.4807 0.392068
      vertex 13.1279 45.4807 0.392068
    endloop
  endfacet
  facet normal -0.00816805 0.806791 0.59078
    outer loop
      vertex 13.3778 38.408 -2.53757
      vertex 13.0789 38.1741 -2.22228
      vertex 13.1019 38.189 -2.24231
    endloop
  endfacet
  facet normal 0 0.803128 0.595806
    outer loop
      vertex 13.0789 38.1741 -2.22228
      vertex 13.3778 38.408 -2.53757
      vertex -4.47546 38.408 -2.53757
    endloop
  endfacet
  facet normal 0 0.803128 0.595806
    outer loop
      vertex 13.0789 38.1741 -2.22228
      vertex -4.47546 38.408 -2.53757
      vertex -4.88048 38.1741 -2.22228
    endloop
  endfacet
  facet normal 0 -0.998791 0.0491666
    outer loop
      vertex 19.9297 45.4807 -0.392068
      vertex 22 45.5 0
      vertex 19.9186 45.5 0
    endloop
  endfacet
  facet normal 0 -0.998791 0.0491666
    outer loop
      vertex 22 45.5 0
      vertex 19.9297 45.4807 -0.392068
      vertex 22 45.4807 -0.392068
    endloop
  endfacet
  facet normal 0 -0.998791 0.0491666
    outer loop
      vertex 13.1279 45.4807 -0.392068
      vertex 7.80831 45.5 0
      vertex 7.77495 45.4807 -0.392068
    endloop
  endfacet
  facet normal 0 -0.998791 0.0491666
    outer loop
      vertex 7.80831 45.5 0
      vertex 13.1279 45.4807 -0.392068
      vertex 13.1001 45.5 0
    endloop
  endfacet
  facet normal 0 -0.857733 0.514095
    outer loop
      vertex 20.3078 44.8259 -2.22228
      vertex 22 45.0277 -1.88559
      vertex 20.1913 45.0277 -1.88559
    endloop
  endfacet
  facet normal 0 -0.857733 0.514095
    outer loop
      vertex 22 45.0277 -1.88559
      vertex 20.3078 44.8259 -2.22228
      vertex 22 44.8259 -2.22228
    endloop
  endfacet
  facet normal 0 -0.857733 0.514095
    outer loop
      vertex 13.8524 44.8259 -2.22228
      vertex 6.99024 45.0277 -1.88559
      vertex 6.6407 44.8259 -2.22228
    endloop
  endfacet
  facet normal 0 -0.857733 0.514095
    outer loop
      vertex 6.99024 45.0277 -1.88559
      vertex 13.8524 44.8259 -2.22228
      vertex 13.6571 45.0277 -1.88559
    endloop
  endfacet
  facet normal 0 -0.803128 0.595806
    outer loop
      vertex 20.4428 44.592 -2.53757
      vertex 22 44.8259 -2.22228
      vertex 20.3078 44.8259 -2.22228
    endloop
  endfacet
  facet normal 0 -0.803128 0.595806
    outer loop
      vertex 22 44.8259 -2.22228
      vertex 20.4428 44.592 -2.53757
      vertex 22 44.592 -2.53757
    endloop
  endfacet
  facet normal 0 -0.803128 0.595806
    outer loop
      vertex 14.0401 44.592 -2.53757
      vertex 13.8524 44.8259 -2.22228
      vertex 6.6407 44.8259 -2.22228
    endloop
  endfacet
  facet normal 0 -0.803128 0.595806
    outer loop
      vertex 14.0401 44.592 -2.53757
      vertex 6.6407 44.8259 -2.22228
      vertex 6.23568 44.592 -2.53757
    endloop
  endfacet
  facet normal -0.024937 -0.809925 0.586003
    outer loop
      vertex 13.8524 44.8259 -2.22228
      vertex 14.0401 44.592 -2.53757
      vertex 13.864 44.8138 -2.23851
    endloop
  endfacet
  facet normal -0 -0.803128 -0.595806
    outer loop
      vertex 22 44.8259 2.22228
      vertex 20.4428 44.592 2.53757
      vertex 20.3078 44.8259 2.22228
    endloop
  endfacet
  facet normal 0 -0.803128 -0.595806
    outer loop
      vertex 20.4428 44.592 2.53757
      vertex 22 44.8259 2.22228
      vertex 22 44.592 2.53757
    endloop
  endfacet
  facet normal 0 -0.803128 -0.595806
    outer loop
      vertex 6.6407 44.8259 2.22228
      vertex 14.0401 44.592 2.53757
      vertex 6.23568 44.592 2.53757
    endloop
  endfacet
  facet normal -0 -0.803128 -0.595806
    outer loop
      vertex 13.8524 44.8259 2.22228
      vertex 14.0401 44.592 2.53757
      vertex 6.6407 44.8259 2.22228
    endloop
  endfacet
  facet normal -0.024937 -0.809925 -0.586003
    outer loop
      vertex 14.0401 44.592 2.53757
      vertex 13.8524 44.8259 2.22228
      vertex 13.864 44.8138 2.23851
    endloop
  endfacet
  facet normal 0 -0.904025 0.42748
    outer loop
      vertex 20.1913 45.0277 -1.88559
      vertex 22 45.1955 -1.53073
      vertex 20.0944 45.1955 -1.53073
    endloop
  endfacet
  facet normal 0 -0.904025 0.42748
    outer loop
      vertex 22 45.1955 -1.53073
      vertex 20.1913 45.0277 -1.88559
      vertex 22 45.0277 -1.88559
    endloop
  endfacet
  facet normal 0 -0.904025 0.42748
    outer loop
      vertex 13.6571 45.0277 -1.88559
      vertex 13.4811 45.1955 -1.53073
      vertex 7.28093 45.1955 -1.53073
    endloop
  endfacet
  facet normal 0 -0.904025 0.42748
    outer loop
      vertex 13.6571 45.0277 -1.88559
      vertex 7.28093 45.1955 -1.53073
      vertex 6.99024 45.0277 -1.88559
    endloop
  endfacet
  facet normal 0.00306122 -0.903433 0.428718
    outer loop
      vertex 13.4811 45.1955 -1.53073
      vertex 13.6571 45.0277 -1.88559
      vertex 13.5569 45.1312 -1.66677
    endloop
  endfacet
  facet normal 0 -0.671556 0.740954
    outer loop
      vertex 22 44.3284 -2.82843
      vertex 20.7043 44.1391 -3
      vertex 22 44.1391 -3
    endloop
  endfacet
  facet normal 0 -0.671556 0.740954
    outer loop
      vertex 20.7043 44.1391 -3
      vertex 22 44.3284 -2.82843
      vertex 20.595 44.3284 -2.82843
    endloop
  endfacet
  facet normal 0 -0.671556 0.740954
    outer loop
      vertex 5.77909 44.3284 -2.82843
      vertex 14.3506 44.1391 -3
      vertex 14.2285 44.3284 -2.82843
    endloop
  endfacet
  facet normal -1.79487e-05 -0.672002 0.74055
    outer loop
      vertex 5.69792 44.2816 -2.8709
      vertex 14.3506 44.1391 -3
      vertex 5.77909 44.3284 -2.82843
    endloop
  endfacet
  facet normal -0.00290259 -0.684824 0.728703
    outer loop
      vertex 5.36319 44.3219 -2.83436
      vertex 5.69792 44.2816 -2.8709
      vertex 5.68005 44.2854 -2.8674
    endloop
  endfacet
  facet normal 4.07486e-05 -0.671517 0.74099
    outer loop
      vertex 5.0443 44.3271 -2.82963
      vertex 5.69792 44.2816 -2.8709
      vertex 5.36319 44.3219 -2.83436
    endloop
  endfacet
  facet normal 5.72948e-05 -0.671386 0.741108
    outer loop
      vertex 4.72643 44.301 -2.85325
      vertex 5.69792 44.2816 -2.8709
      vertex 5.0443 44.3271 -2.82963
    endloop
  endfacet
  facet normal 4.65134e-05 -0.671682 0.74084
    outer loop
      vertex 4.41264 44.2439 -2.905
      vertex 5.69792 44.2816 -2.8709
      vertex 4.72643 44.301 -2.85325
    endloop
  endfacet
  facet normal 4.76843e-05 -0.671704 0.74082
    outer loop
      vertex 4.06234 44.1391 -3
      vertex 5.69792 44.2816 -2.8709
      vertex 4.41264 44.2439 -2.905
    endloop
  endfacet
  facet normal -0.00327034 -0.66559 0.74631
    outer loop
      vertex 4.06234 44.1391 -3
      vertex 4.41264 44.2439 -2.905
      vertex 4.10596 44.1564 -2.98438
    endloop
  endfacet
  facet normal 0 -0.671403 0.741092
    outer loop
      vertex 5.69792 44.2816 -2.8709
      vertex 4.06234 44.1391 -3
      vertex 14.3506 44.1391 -3
    endloop
  endfacet
  facet normal 0 -0.989176 0.146736
    outer loop
      vertex 19.963 45.4231 -0.780361
      vertex 22 45.4807 -0.392068
      vertex 19.9297 45.4807 -0.392068
    endloop
  endfacet
  facet normal 0 -0.989176 0.146736
    outer loop
      vertex 22 45.4807 -0.392068
      vertex 19.963 45.4231 -0.780361
      vertex 22 45.4231 -0.780361
    endloop
  endfacet
  facet normal 0 -0.989176 0.146736
    outer loop
      vertex 13.2111 45.4231 -0.780361
      vertex 7.77495 45.4807 -0.392068
      vertex 7.67519 45.4231 -0.780361
    endloop
  endfacet
  facet normal 0 -0.989176 0.146736
    outer loop
      vertex 7.77495 45.4807 -0.392068
      vertex 13.2111 45.4231 -0.780361
      vertex 13.1279 45.4807 -0.392068
    endloop
  endfacet
  facet normal -0 0.941497 0.337022
    outer loop
      vertex -5.52072 37.8045 -1.53073
      vertex 12.2502 37.6722 -1.16114
      vertex 12.4793 37.8045 -1.53073
    endloop
  endfacet
  facet normal 0 0.941497 0.337022
    outer loop
      vertex 12.2502 37.6722 -1.16114
      vertex -5.52072 37.8045 -1.53073
      vertex -5.74977 37.6722 -1.16114
    endloop
  endfacet
  facet normal -0 -0.970079 -0.242788
    outer loop
      vertex 22 45.4231 0.780361
      vertex 20.018 45.3278 1.16114
      vertex 19.963 45.4231 0.780361
    endloop
  endfacet
  facet normal 0 -0.970079 -0.242788
    outer loop
      vertex 20.018 45.3278 1.16114
      vertex 22 45.4231 0.780361
      vertex 22 45.3278 1.16114
    endloop
  endfacet
  facet normal 0 -0.970079 -0.242788
    outer loop
      vertex 7.67519 45.4231 0.780361
      vertex 13.3252 45.3278 1.16114
      vertex 7.50998 45.3278 1.16114
    endloop
  endfacet
  facet normal 1.10452e-05 -0.970041 -0.242942
    outer loop
      vertex 13.3252 45.3278 1.16114
      vertex 7.67519 45.4231 0.780361
      vertex 13.2202 45.4169 0.805369
    endloop
  endfacet
  facet normal 0 -0.970616 -0.240636
    outer loop
      vertex 13.2202 45.4169 0.805369
      vertex 7.67519 45.4231 0.780361
      vertex 13.2111 45.4231 0.780361
    endloop
  endfacet
  facet normal -0 0.970079 0.242788
    outer loop
      vertex -5.74977 37.6722 -1.16114
      vertex 12.085 37.5769 -0.780361
      vertex 12.2502 37.6722 -1.16114
    endloop
  endfacet
  facet normal 0 0.970079 0.242788
    outer loop
      vertex 12.085 37.5769 -0.780361
      vertex -5.74977 37.6722 -1.16114
      vertex -5.91497 37.5769 -0.780361
    endloop
  endfacet
  facet normal -0 -0.857733 -0.514095
    outer loop
      vertex 22 45.0277 1.88559
      vertex 20.3078 44.8259 2.22228
      vertex 20.1913 45.0277 1.88559
    endloop
  endfacet
  facet normal 0 -0.857733 -0.514095
    outer loop
      vertex 20.3078 44.8259 2.22228
      vertex 22 45.0277 1.88559
      vertex 22 44.8259 2.22228
    endloop
  endfacet
  facet normal 0 -0.857733 -0.514095
    outer loop
      vertex 6.99024 45.0277 1.88559
      vertex 13.8524 44.8259 2.22228
      vertex 6.6407 44.8259 2.22228
    endloop
  endfacet
  facet normal 0 -0.857733 -0.514095
    outer loop
      vertex 13.8524 44.8259 2.22228
      vertex 6.99024 45.0277 1.88559
      vertex 13.6571 45.0277 1.88559
    endloop
  endfacet
  facet normal -0 -0.904025 -0.42748
    outer loop
      vertex 22 45.1955 1.53073
      vertex 20.1913 45.0277 1.88559
      vertex 20.0944 45.1955 1.53073
    endloop
  endfacet
  facet normal 0 -0.904025 -0.42748
    outer loop
      vertex 20.1913 45.0277 1.88559
      vertex 22 45.1955 1.53073
      vertex 22 45.0277 1.88559
    endloop
  endfacet
  facet normal 0 -0.904025 -0.42748
    outer loop
      vertex 7.28093 45.1955 1.53073
      vertex 13.6571 45.0277 1.88559
      vertex 6.99024 45.0277 1.88559
    endloop
  endfacet
  facet normal -0 -0.904025 -0.42748
    outer loop
      vertex 13.4811 45.1955 1.53073
      vertex 13.6571 45.0277 1.88559
      vertex 7.28093 45.1955 1.53073
    endloop
  endfacet
  facet normal 0.00306122 -0.903433 -0.428718
    outer loop
      vertex 13.6571 45.0277 1.88559
      vertex 13.4811 45.1955 1.53073
      vertex 13.5569 45.1312 1.66677
    endloop
  endfacet
  facet normal 0 -0.740977 0.671531
    outer loop
      vertex 20.595 44.3284 -2.82843
      vertex 22 44.592 -2.53757
      vertex 20.4428 44.592 -2.53757
    endloop
  endfacet
  facet normal 0 -0.740977 0.671531
    outer loop
      vertex 22 44.592 -2.53757
      vertex 20.595 44.3284 -2.82843
      vertex 22 44.3284 -2.82843
    endloop
  endfacet
  facet normal 0 -0.740977 0.671531
    outer loop
      vertex 14.2285 44.3284 -2.82843
      vertex 14.0401 44.592 -2.53757
      vertex 6.23568 44.592 -2.53757
    endloop
  endfacet
  facet normal 0 -0.740977 0.671531
    outer loop
      vertex 14.2285 44.3284 -2.82843
      vertex 6.23568 44.592 -2.53757
      vertex 5.77909 44.3284 -2.82843
    endloop
  endfacet
  facet normal -0.000254113 -0.741059 0.67144
    outer loop
      vertex 14.0401 44.592 -2.53757
      vertex 14.2285 44.3284 -2.82843
      vertex 14.1386 44.4679 -2.6745
    endloop
  endfacet
  facet normal 0.00356439 0.6697 -0.742623
    outer loop
      vertex 13.6628 38.6716 2.82843
      vertex 13.8417 38.8609 3
      vertex 13.7652 38.7706 2.9182
    endloop
  endfacet
  facet normal 0 0.671556 -0.740954
    outer loop
      vertex 13.6628 38.6716 2.82843
      vertex -3.69099 38.8609 3
      vertex 13.8417 38.8609 3
    endloop
  endfacet
  facet normal 0 0.671556 -0.740954
    outer loop
      vertex -3.69099 38.8609 3
      vertex 13.6628 38.6716 2.82843
      vertex -4.01887 38.6716 2.82843
    endloop
  endfacet
  facet normal 0 -0.941497 0.337022
    outer loop
      vertex 20.0944 45.1955 -1.53073
      vertex 22 45.3278 -1.16114
      vertex 20.018 45.3278 -1.16114
    endloop
  endfacet
  facet normal 0 -0.941497 0.337022
    outer loop
      vertex 22 45.3278 -1.16114
      vertex 20.0944 45.1955 -1.53073
      vertex 22 45.1955 -1.53073
    endloop
  endfacet
  facet normal 0 -0.941497 0.337022
    outer loop
      vertex 13.4811 45.1955 -1.53073
      vertex 7.50998 45.3278 -1.16114
      vertex 7.28093 45.1955 -1.53073
    endloop
  endfacet
  facet normal 0 -0.941497 0.337022
    outer loop
      vertex 7.50998 45.3278 -1.16114
      vertex 13.4811 45.1955 -1.53073
      vertex 13.3252 45.3278 -1.16114
    endloop
  endfacet
  facet normal 0 -0.970079 0.242788
    outer loop
      vertex 20.018 45.3278 -1.16114
      vertex 22 45.4231 -0.780361
      vertex 19.963 45.4231 -0.780361
    endloop
  endfacet
  facet normal 0 -0.970079 0.242788
    outer loop
      vertex 22 45.4231 -0.780361
      vertex 20.018 45.3278 -1.16114
      vertex 22 45.3278 -1.16114
    endloop
  endfacet
  facet normal 0 -0.970616 0.240636
    outer loop
      vertex 7.67519 45.4231 -0.780361
      vertex 13.2202 45.4169 -0.805369
      vertex 13.2111 45.4231 -0.780361
    endloop
  endfacet
  facet normal 0 -0.970079 0.242788
    outer loop
      vertex 13.3252 45.3278 -1.16114
      vertex 7.67519 45.4231 -0.780361
      vertex 7.50998 45.3278 -1.16114
    endloop
  endfacet
  facet normal 1.10452e-05 -0.970041 0.242942
    outer loop
      vertex 7.67519 45.4231 -0.780361
      vertex 13.3252 45.3278 -1.16114
      vertex 13.2202 45.4169 -0.805369
    endloop
  endfacet
  facet normal -0.00816805 0.806791 -0.59078
    outer loop
      vertex 13.0789 38.1741 2.22228
      vertex 13.3778 38.408 2.53757
      vertex 13.1019 38.189 2.24231
    endloop
  endfacet
  facet normal 0 0.803128 -0.595806
    outer loop
      vertex 13.3778 38.408 2.53757
      vertex 13.0789 38.1741 2.22228
      vertex -4.47546 38.408 2.53757
    endloop
  endfacet
  facet normal 0 0.803128 -0.595806
    outer loop
      vertex -4.47546 38.408 2.53757
      vertex 13.0789 38.1741 2.22228
      vertex -4.88048 38.1741 2.22228
    endloop
  endfacet
  facet normal 0.00340294 0.739311 -0.673356
    outer loop
      vertex 13.3778 38.408 2.53757
      vertex 13.6628 38.6716 2.82843
      vertex 13.4478 38.4635 2.59886
    endloop
  endfacet
  facet normal 0 0.740977 -0.671531
    outer loop
      vertex 13.6628 38.6716 2.82843
      vertex 13.3778 38.408 2.53757
      vertex -4.01887 38.6716 2.82843
    endloop
  endfacet
  facet normal 0 0.740977 -0.671531
    outer loop
      vertex -4.01887 38.6716 2.82843
      vertex 13.3778 38.408 2.53757
      vertex -4.47546 38.408 2.53757
    endloop
  endfacet
  facet normal 0 0.998791 -0.0491666
    outer loop
      vertex 11.9519 37.5 0
      vertex -6.01473 37.5193 0.392068
      vertex 11.9853 37.5193 0.392068
    endloop
  endfacet
  facet normal 0 0.998791 -0.0491666
    outer loop
      vertex -6.01473 37.5193 0.392068
      vertex 11.9519 37.5 0
      vertex -6.04809 37.5 0
    endloop
  endfacet
  facet normal 0 0.989176 -0.146736
    outer loop
      vertex 11.9853 37.5193 0.392068
      vertex -5.91497 37.5769 0.780361
      vertex 12.085 37.5769 0.780361
    endloop
  endfacet
  facet normal 0 0.989176 -0.146736
    outer loop
      vertex -5.91497 37.5769 0.780361
      vertex 11.9853 37.5193 0.392068
      vertex -6.01473 37.5193 0.392068
    endloop
  endfacet
  facet normal 0 0.941497 -0.337022
    outer loop
      vertex 12.2502 37.6722 1.16114
      vertex -5.52072 37.8045 1.53073
      vertex 12.4793 37.8045 1.53073
    endloop
  endfacet
  facet normal 0 0.941497 -0.337022
    outer loop
      vertex -5.52072 37.8045 1.53073
      vertex 12.2502 37.6722 1.16114
      vertex -5.74977 37.6722 1.16114
    endloop
  endfacet
  facet normal 0.00356439 0.6697 0.742623
    outer loop
      vertex 13.8417 38.8609 -3
      vertex 13.6628 38.6716 -2.82843
      vertex 13.7652 38.7706 -2.9182
    endloop
  endfacet
  facet normal -0 0.671556 0.740954
    outer loop
      vertex -3.69099 38.8609 -3
      vertex 13.6628 38.6716 -2.82843
      vertex 13.8417 38.8609 -3
    endloop
  endfacet
  facet normal 0 0.671556 0.740954
    outer loop
      vertex 13.6628 38.6716 -2.82843
      vertex -3.69099 38.8609 -3
      vertex -4.01887 38.6716 -2.82843
    endloop
  endfacet
  facet normal 0.00340294 0.739311 0.673356
    outer loop
      vertex 13.6628 38.6716 -2.82843
      vertex 13.3778 38.408 -2.53757
      vertex 13.4478 38.4635 -2.59886
    endloop
  endfacet
  facet normal 0 0.740977 0.671531
    outer loop
      vertex 13.3778 38.408 -2.53757
      vertex 13.6628 38.6716 -2.82843
      vertex -4.01887 38.6716 -2.82843
    endloop
  endfacet
  facet normal 0 0.740977 0.671531
    outer loop
      vertex 13.3778 38.408 -2.53757
      vertex -4.01887 38.6716 -2.82843
      vertex -4.47546 38.408 -2.53757
    endloop
  endfacet
endsolid OpenSCAD_Model
