solid OpenSCAD_Model
  facet normal 0.989176 0.146736 0
    outer loop
      vertex 19.4061 1.91133 12.5
      vertex 19.1253 3.80426 -12.5
      vertex 19.1253 3.80426 12.5
    endloop
  endfacet
  facet normal 0.989176 0.146736 0
    outer loop
      vertex 19.1253 3.80426 -12.5
      vertex 19.4061 1.91133 12.5
      vertex 19.4061 1.91133 -12.5
    endloop
  endfacet
  facet normal 0.998795 0.0490689 0
    outer loop
      vertex 19.5 0 12.5
      vertex 19.4061 1.91133 -12.5
      vertex 19.4061 1.91133 12.5
    endloop
  endfacet
  facet normal 0.998795 0.0490689 0
    outer loop
      vertex 19.4061 1.91133 -12.5
      vertex 19.5 0 12.5
      vertex 19.5 0 -12.5
    endloop
  endfacet
  facet normal 0.970028 0.242992 0
    outer loop
      vertex 19.1253 3.80426 12.5
      vertex 18.6603 5.66055 -12.5
      vertex 18.6603 5.66055 12.5
    endloop
  endfacet
  facet normal 0.970028 0.242992 0
    outer loop
      vertex 18.6603 5.66055 -12.5
      vertex 19.1253 3.80426 12.5
      vertex 19.1253 3.80426 -12.5
    endloop
  endfacet
  facet normal -0.514105 -0.857727 0
    outer loop
      vertex -10.8336 -16.2137 -12.5
      vertex -9.19224 -17.1975 12.5
      vertex -10.8336 -16.2137 12.5
    endloop
  endfacet
  facet normal -0.514105 -0.857727 -0
    outer loop
      vertex -9.19224 -17.1975 12.5
      vertex -10.8336 -16.2137 -12.5
      vertex -9.19224 -17.1975 -12.5
    endloop
  endfacet
  facet normal -0.514105 0.857727 0
    outer loop
      vertex -9.19224 17.1975 -12.5
      vertex -10.8336 16.2137 8.29323
      vertex -9.19224 17.1975 8.86123
    endloop
  endfacet
  facet normal -0.514105 0.857727 0
    outer loop
      vertex -10.8336 16.2137 8.29323
      vertex -9.19224 17.1975 -12.5
      vertex -10.8336 16.2137 -12.5
    endloop
  endfacet
  facet normal -0.941559 0.336849 0
    outer loop
      vertex -18.6603 5.66055 -12.5
      vertex -18.0157 7.46233 12.5
      vertex -18.0157 7.46233 -12.5
    endloop
  endfacet
  facet normal -0.941559 0.336849 0
    outer loop
      vertex -18.0157 7.46233 12.5
      vertex -18.6603 5.66055 -12.5
      vertex -18.6603 5.66055 12.5
    endloop
  endfacet
  facet normal 0.336849 0.941559 0
    outer loop
      vertex 5.66055 18.6603 -12.5
      vertex 7.46233 18.0157 9.33361
      vertex 7.46233 18.0157 -12.5
    endloop
  endfacet
  facet normal 0.336849 0.941559 0
    outer loop
      vertex 7.46233 18.0157 9.33361
      vertex 5.66055 18.6603 -12.5
      vertex 5.66055 18.6603 9.70582
    endloop
  endfacet
  facet normal 0 0 -1
    outer loop
      vertex 16.5 0 -12.5
      vertex 19.5 0 -12.5
      vertex 19.4061 -1.91133 -12.5
    endloop
  endfacet
  facet normal 0 0 -1
    outer loop
      vertex 16.4205 -1.61728 -12.5
      vertex 19.4061 -1.91133 -12.5
      vertex 19.1253 -3.80426 -12.5
    endloop
  endfacet
  facet normal 0 0 -1
    outer loop
      vertex 19.5 0 -12.5
      vertex 16.5 0 -12.5
      vertex 19.4061 1.91133 -12.5
    endloop
  endfacet
  facet normal 0 0 -1
    outer loop
      vertex 16.183 -3.21899 -12.5
      vertex 19.1253 -3.80426 -12.5
      vertex 18.6603 -5.66055 -12.5
    endloop
  endfacet
  facet normal 0 0 -1
    outer loop
      vertex 16.4205 1.61728 -12.5
      vertex 19.4061 1.91133 -12.5
      vertex 16.5 0 -12.5
    endloop
  endfacet
  facet normal 0 0 -1
    outer loop
      vertex 15.7895 -4.7897 -12.5
      vertex 18.6603 -5.66055 -12.5
      vertex 18.0157 -7.46233 -12.5
    endloop
  endfacet
  facet normal -0 0 -1
    outer loop
      vertex 19.4061 1.91133 -12.5
      vertex 16.4205 1.61728 -12.5
      vertex 19.1253 3.80426 -12.5
    endloop
  endfacet
  facet normal 0 0 -1
    outer loop
      vertex 15.244 -6.31428 -12.5
      vertex 18.0157 -7.46233 -12.5
      vertex 17.1975 -9.19224 -12.5
    endloop
  endfacet
  facet normal 0 0 -1
    outer loop
      vertex 16.183 3.21899 -12.5
      vertex 19.1253 3.80426 -12.5
      vertex 16.4205 1.61728 -12.5
    endloop
  endfacet
  facet normal -0 0 -1
    outer loop
      vertex 19.1253 3.80426 -12.5
      vertex 16.183 3.21899 -12.5
      vertex 18.6603 5.66055 -12.5
    endloop
  endfacet
  facet normal 0 0 -1
    outer loop
      vertex 19.4061 -1.91133 -12.5
      vertex 16.4205 -1.61728 -12.5
      vertex 16.5 0 -12.5
    endloop
  endfacet
  facet normal 0 0 -1
    outer loop
      vertex 14.5517 -7.77805 -12.5
      vertex 17.1975 -9.19224 -12.5
      vertex 16.2137 -10.8336 -12.5
    endloop
  endfacet
  facet normal 0 0 -1
    outer loop
      vertex 19.1253 -3.80426 -12.5
      vertex 16.183 -3.21899 -12.5
      vertex 16.4205 -1.61728 -12.5
    endloop
  endfacet
  facet normal 0 0 -1
    outer loop
      vertex 18.6603 -5.66055 -12.5
      vertex 15.7895 -4.7897 -12.5
      vertex 16.183 -3.21899 -12.5
    endloop
  endfacet
  facet normal 0 0 -1
    outer loop
      vertex 18.0157 -7.46233 -12.5
      vertex 15.244 -6.31428 -12.5
      vertex 15.7895 -4.7897 -12.5
    endloop
  endfacet
  facet normal 0 0 -1
    outer loop
      vertex 13.7192 -9.16691 -12.5
      vertex 16.2137 -10.8336 -12.5
      vertex 15.0737 -12.3707 -12.5
    endloop
  endfacet
  facet normal 0 0 -1
    outer loop
      vertex 17.1975 -9.19224 -12.5
      vertex 14.5517 -7.77805 -12.5
      vertex 15.244 -6.31428 -12.5
    endloop
  endfacet
  facet normal 0 0 -1
    outer loop
      vertex 12.7547 -10.4675 -12.5
      vertex 15.0737 -12.3707 -12.5
      vertex 13.7886 -13.7886 -12.5
    endloop
  endfacet
  facet normal 0 0 -1
    outer loop
      vertex 16.2137 -10.8336 -12.5
      vertex 13.7192 -9.16691 -12.5
      vertex 14.5517 -7.77805 -12.5
    endloop
  endfacet
  facet normal 0 0 -1
    outer loop
      vertex 15.0737 -12.3707 -12.5
      vertex 12.7547 -10.4675 -12.5
      vertex 13.7192 -9.16691 -12.5
    endloop
  endfacet
  facet normal 0 0 -1
    outer loop
      vertex 11.6673 -11.6673 -12.5
      vertex 13.7886 -13.7886 -12.5
      vertex 12.3707 -15.0737 -12.5
    endloop
  endfacet
  facet normal 0 0 -1
    outer loop
      vertex 13.7886 -13.7886 -12.5
      vertex 11.6673 -11.6673 -12.5
      vertex 12.7547 -10.4675 -12.5
    endloop
  endfacet
  facet normal 0 0 -1
    outer loop
      vertex 10.4675 -12.7547 -12.5
      vertex 12.3707 -15.0737 -12.5
      vertex 10.8336 -16.2137 -12.5
    endloop
  endfacet
  facet normal 0 0 -1
    outer loop
      vertex 12.3707 -15.0737 -12.5
      vertex 10.4675 -12.7547 -12.5
      vertex 11.6673 -11.6673 -12.5
    endloop
  endfacet
  facet normal 0 0 -1
    outer loop
      vertex 9.16691 -13.7192 -12.5
      vertex 10.8336 -16.2137 -12.5
      vertex 9.19224 -17.1975 -12.5
    endloop
  endfacet
  facet normal 0 0 -1
    outer loop
      vertex 10.8336 -16.2137 -12.5
      vertex 9.16691 -13.7192 -12.5
      vertex 10.4675 -12.7547 -12.5
    endloop
  endfacet
  facet normal 0 0 -1
    outer loop
      vertex 9.19224 -17.1975 -12.5
      vertex 7.77805 -14.5517 -12.5
      vertex 9.16691 -13.7192 -12.5
    endloop
  endfacet
  facet normal 0 0 -1
    outer loop
      vertex 7.46233 -18.0157 -12.5
      vertex 7.77805 -14.5517 -12.5
      vertex 9.19224 -17.1975 -12.5
    endloop
  endfacet
  facet normal 0 0 -1
    outer loop
      vertex 7.46233 -18.0157 -12.5
      vertex 6.31428 -15.244 -12.5
      vertex 7.77805 -14.5517 -12.5
    endloop
  endfacet
  facet normal 0 0 -1
    outer loop
      vertex 5.66055 -18.6603 -12.5
      vertex 6.31428 -15.244 -12.5
      vertex 7.46233 -18.0157 -12.5
    endloop
  endfacet
  facet normal 0 0 -1
    outer loop
      vertex 5.66055 -18.6603 -12.5
      vertex 4.7897 -15.7895 -12.5
      vertex 6.31428 -15.244 -12.5
    endloop
  endfacet
  facet normal 0 0 -1
    outer loop
      vertex 3.80426 -19.1253 -12.5
      vertex 4.7897 -15.7895 -12.5
      vertex 5.66055 -18.6603 -12.5
    endloop
  endfacet
  facet normal 0 0 -1
    outer loop
      vertex 3.80426 -19.1253 -12.5
      vertex 3.21899 -16.183 -12.5
      vertex 4.7897 -15.7895 -12.5
    endloop
  endfacet
  facet normal 0 0 -1
    outer loop
      vertex 1.91133 -19.4061 -12.5
      vertex 3.21899 -16.183 -12.5
      vertex 3.80426 -19.1253 -12.5
    endloop
  endfacet
  facet normal 0 0 -1
    outer loop
      vertex 1.91133 -19.4061 -12.5
      vertex 1.61728 -16.4205 -12.5
      vertex 3.21899 -16.183 -12.5
    endloop
  endfacet
  facet normal 0 0 -1
    outer loop
      vertex 0 -19.5 -12.5
      vertex 1.61728 -16.4205 -12.5
      vertex 1.91133 -19.4061 -12.5
    endloop
  endfacet
  facet normal 0 0 -1
    outer loop
      vertex 0 -19.5 -12.5
      vertex 0 -16.5 -12.5
      vertex 1.61728 -16.4205 -12.5
    endloop
  endfacet
  facet normal 0 0 -1
    outer loop
      vertex 0 -19.5 -12.5
      vertex -1.61728 -16.4205 -12.5
      vertex 0 -16.5 -12.5
    endloop
  endfacet
  facet normal 0 0 -1
    outer loop
      vertex -1.91133 -19.4061 -12.5
      vertex -1.61728 -16.4205 -12.5
      vertex 0 -19.5 -12.5
    endloop
  endfacet
  facet normal 0 0 -1
    outer loop
      vertex -1.91133 -19.4061 -12.5
      vertex -3.21899 -16.183 -12.5
      vertex -1.61728 -16.4205 -12.5
    endloop
  endfacet
  facet normal 0 0 -1
    outer loop
      vertex -3.80426 -19.1253 -12.5
      vertex -3.21899 -16.183 -12.5
      vertex -1.91133 -19.4061 -12.5
    endloop
  endfacet
  facet normal 0 0 -1
    outer loop
      vertex -3.80426 -19.1253 -12.5
      vertex -4.7897 -15.7895 -12.5
      vertex -3.21899 -16.183 -12.5
    endloop
  endfacet
  facet normal 0 0 -1
    outer loop
      vertex -5.66055 -18.6603 -12.5
      vertex -4.7897 -15.7895 -12.5
      vertex -3.80426 -19.1253 -12.5
    endloop
  endfacet
  facet normal 0 0 -1
    outer loop
      vertex -5.66055 -18.6603 -12.5
      vertex -6.31428 -15.244 -12.5
      vertex -4.7897 -15.7895 -12.5
    endloop
  endfacet
  facet normal 0 0 -1
    outer loop
      vertex -7.46233 -18.0157 -12.5
      vertex -6.31428 -15.244 -12.5
      vertex -5.66055 -18.6603 -12.5
    endloop
  endfacet
  facet normal 0 0 -1
    outer loop
      vertex -7.46233 -18.0157 -12.5
      vertex -7.77805 -14.5517 -12.5
      vertex -6.31428 -15.244 -12.5
    endloop
  endfacet
  facet normal 0 0 -1
    outer loop
      vertex -9.19224 -17.1975 -12.5
      vertex -7.77805 -14.5517 -12.5
      vertex -7.46233 -18.0157 -12.5
    endloop
  endfacet
  facet normal -0 0 -1
    outer loop
      vertex -7.77805 -14.5517 -12.5
      vertex -9.19224 -17.1975 -12.5
      vertex -9.16691 -13.7192 -12.5
    endloop
  endfacet
  facet normal 0 0 -1
    outer loop
      vertex -10.8336 -16.2137 -12.5
      vertex -9.16691 -13.7192 -12.5
      vertex -9.19224 -17.1975 -12.5
    endloop
  endfacet
  facet normal -0 0 -1
    outer loop
      vertex -9.16691 -13.7192 -12.5
      vertex -10.8336 -16.2137 -12.5
      vertex -10.4675 -12.7547 -12.5
    endloop
  endfacet
  facet normal 0 0 -1
    outer loop
      vertex -12.3707 -15.0737 -12.5
      vertex -10.4675 -12.7547 -12.5
      vertex -10.8336 -16.2137 -12.5
    endloop
  endfacet
  facet normal -0 0 -1
    outer loop
      vertex -10.4675 -12.7547 -12.5
      vertex -12.3707 -15.0737 -12.5
      vertex -11.6673 -11.6673 -12.5
    endloop
  endfacet
  facet normal 0 0 -1
    outer loop
      vertex -13.7886 -13.7886 -12.5
      vertex -11.6673 -11.6673 -12.5
      vertex -12.3707 -15.0737 -12.5
    endloop
  endfacet
  facet normal -0 0 -1
    outer loop
      vertex -11.6673 -11.6673 -12.5
      vertex -13.7886 -13.7886 -12.5
      vertex -12.7547 -10.4675 -12.5
    endloop
  endfacet
  facet normal 0 0 -1
    outer loop
      vertex -15.0737 -12.3707 -12.5
      vertex -12.7547 -10.4675 -12.5
      vertex -13.7886 -13.7886 -12.5
    endloop
  endfacet
  facet normal -0 0 -1
    outer loop
      vertex -12.7547 -10.4675 -12.5
      vertex -15.0737 -12.3707 -12.5
      vertex -13.7192 -9.16691 -12.5
    endloop
  endfacet
  facet normal 0 0 -1
    outer loop
      vertex -16.2137 -10.8336 -12.5
      vertex -13.7192 -9.16691 -12.5
      vertex -15.0737 -12.3707 -12.5
    endloop
  endfacet
  facet normal -0 0 -1
    outer loop
      vertex -13.7192 -9.16691 -12.5
      vertex -16.2137 -10.8336 -12.5
      vertex -14.5517 -7.77805 -12.5
    endloop
  endfacet
  facet normal 0 0 -1
    outer loop
      vertex -17.1975 -9.19224 -12.5
      vertex -14.5517 -7.77805 -12.5
      vertex -16.2137 -10.8336 -12.5
    endloop
  endfacet
  facet normal -0 0 -1
    outer loop
      vertex -14.5517 -7.77805 -12.5
      vertex -17.1975 -9.19224 -12.5
      vertex -15.244 -6.31428 -12.5
    endloop
  endfacet
  facet normal 0 0 -1
    outer loop
      vertex -18.0157 -7.46233 -12.5
      vertex -15.244 -6.31428 -12.5
      vertex -17.1975 -9.19224 -12.5
    endloop
  endfacet
  facet normal -0 0 -1
    outer loop
      vertex -15.244 -6.31428 -12.5
      vertex -18.0157 -7.46233 -12.5
      vertex -15.7895 -4.7897 -12.5
    endloop
  endfacet
  facet normal 0 0 -1
    outer loop
      vertex -18.6603 -5.66055 -12.5
      vertex -15.7895 -4.7897 -12.5
      vertex -18.0157 -7.46233 -12.5
    endloop
  endfacet
  facet normal -0 0 -1
    outer loop
      vertex -15.7895 -4.7897 -12.5
      vertex -18.6603 -5.66055 -12.5
      vertex -16.183 -3.21899 -12.5
    endloop
  endfacet
  facet normal 0 0 -1
    outer loop
      vertex 15.7895 4.7897 -12.5
      vertex 18.6603 5.66055 -12.5
      vertex 16.183 3.21899 -12.5
    endloop
  endfacet
  facet normal -0 0 -1
    outer loop
      vertex 18.6603 5.66055 -12.5
      vertex 15.7895 4.7897 -12.5
      vertex 18.0157 7.46233 -12.5
    endloop
  endfacet
  facet normal 0 0 -1
    outer loop
      vertex 15.244 6.31428 -12.5
      vertex 18.0157 7.46233 -12.5
      vertex 15.7895 4.7897 -12.5
    endloop
  endfacet
  facet normal -0 0 -1
    outer loop
      vertex 18.0157 7.46233 -12.5
      vertex 15.244 6.31428 -12.5
      vertex 17.1975 9.19224 -12.5
    endloop
  endfacet
  facet normal 0 0 -1
    outer loop
      vertex 14.5517 7.77805 -12.5
      vertex 17.1975 9.19224 -12.5
      vertex 15.244 6.31428 -12.5
    endloop
  endfacet
  facet normal -0 0 -1
    outer loop
      vertex 17.1975 9.19224 -12.5
      vertex 14.5517 7.77805 -12.5
      vertex 16.2137 10.8336 -12.5
    endloop
  endfacet
  facet normal 0 0 -1
    outer loop
      vertex 13.7192 9.16691 -12.5
      vertex 16.2137 10.8336 -12.5
      vertex 14.5517 7.77805 -12.5
    endloop
  endfacet
  facet normal -0 0 -1
    outer loop
      vertex 16.2137 10.8336 -12.5
      vertex 13.7192 9.16691 -12.5
      vertex 15.0737 12.3707 -12.5
    endloop
  endfacet
  facet normal 0 0 -1
    outer loop
      vertex 12.7547 10.4675 -12.5
      vertex 15.0737 12.3707 -12.5
      vertex 13.7192 9.16691 -12.5
    endloop
  endfacet
  facet normal -0 0 -1
    outer loop
      vertex 15.0737 12.3707 -12.5
      vertex 12.7547 10.4675 -12.5
      vertex 13.7886 13.7886 -12.5
    endloop
  endfacet
  facet normal 0 0 -1
    outer loop
      vertex 11.6673 11.6673 -12.5
      vertex 13.7886 13.7886 -12.5
      vertex 12.7547 10.4675 -12.5
    endloop
  endfacet
  facet normal -0 0 -1
    outer loop
      vertex 13.7886 13.7886 -12.5
      vertex 11.6673 11.6673 -12.5
      vertex 12.3707 15.0737 -12.5
    endloop
  endfacet
  facet normal 0 0 -1
    outer loop
      vertex 10.4675 12.7547 -12.5
      vertex 12.3707 15.0737 -12.5
      vertex 11.6673 11.6673 -12.5
    endloop
  endfacet
  facet normal -0 0 -1
    outer loop
      vertex 12.3707 15.0737 -12.5
      vertex 10.4675 12.7547 -12.5
      vertex 10.8336 16.2137 -12.5
    endloop
  endfacet
  facet normal 0 0 -1
    outer loop
      vertex 9.16691 13.7192 -12.5
      vertex 10.8336 16.2137 -12.5
      vertex 10.4675 12.7547 -12.5
    endloop
  endfacet
  facet normal -0 0 -1
    outer loop
      vertex 10.8336 16.2137 -12.5
      vertex 9.16691 13.7192 -12.5
      vertex 9.19224 17.1975 -12.5
    endloop
  endfacet
  facet normal 0 0 -1
    outer loop
      vertex 7.77805 14.5517 -12.5
      vertex 9.19224 17.1975 -12.5
      vertex 9.16691 13.7192 -12.5
    endloop
  endfacet
  facet normal 0 0 -1
    outer loop
      vertex 7.77805 14.5517 -12.5
      vertex 7.46233 18.0157 -12.5
      vertex 9.19224 17.1975 -12.5
    endloop
  endfacet
  facet normal 0 0 -1
    outer loop
      vertex 6.31428 15.244 -12.5
      vertex 7.46233 18.0157 -12.5
      vertex 7.77805 14.5517 -12.5
    endloop
  endfacet
  facet normal 0 0 -1
    outer loop
      vertex 6.31428 15.244 -12.5
      vertex 5.66055 18.6603 -12.5
      vertex 7.46233 18.0157 -12.5
    endloop
  endfacet
  facet normal 0 0 -1
    outer loop
      vertex 4.7897 15.7895 -12.5
      vertex 5.66055 18.6603 -12.5
      vertex 6.31428 15.244 -12.5
    endloop
  endfacet
  facet normal 0 0 -1
    outer loop
      vertex 4.7897 15.7895 -12.5
      vertex 3.80426 19.1253 -12.5
      vertex 5.66055 18.6603 -12.5
    endloop
  endfacet
  facet normal 0 0 -1
    outer loop
      vertex 3.21899 16.183 -12.5
      vertex 3.80426 19.1253 -12.5
      vertex 4.7897 15.7895 -12.5
    endloop
  endfacet
  facet normal 0 0 -1
    outer loop
      vertex 3.21899 16.183 -12.5
      vertex 1.91133 19.4061 -12.5
      vertex 3.80426 19.1253 -12.5
    endloop
  endfacet
  facet normal 0 0 -1
    outer loop
      vertex 1.61728 16.4205 -12.5
      vertex 1.91133 19.4061 -12.5
      vertex 3.21899 16.183 -12.5
    endloop
  endfacet
  facet normal 0 0 -1
    outer loop
      vertex 0 16.5 -12.5
      vertex 1.91133 19.4061 -12.5
      vertex 1.61728 16.4205 -12.5
    endloop
  endfacet
  facet normal 0 0 -1
    outer loop
      vertex 0 16.5 -12.5
      vertex 0 19.5 -12.5
      vertex 1.91133 19.4061 -12.5
    endloop
  endfacet
  facet normal 0 0 -1
    outer loop
      vertex -1.61728 16.4205 -12.5
      vertex 0 19.5 -12.5
      vertex 0 16.5 -12.5
    endloop
  endfacet
  facet normal 0 0 -1
    outer loop
      vertex -1.61728 16.4205 -12.5
      vertex -1.91133 19.4061 -12.5
      vertex 0 19.5 -12.5
    endloop
  endfacet
  facet normal 0 0 -1
    outer loop
      vertex -3.21899 16.183 -12.5
      vertex -1.91133 19.4061 -12.5
      vertex -1.61728 16.4205 -12.5
    endloop
  endfacet
  facet normal 0 0 -1
    outer loop
      vertex -3.21899 16.183 -12.5
      vertex -3.80426 19.1253 -12.5
      vertex -1.91133 19.4061 -12.5
    endloop
  endfacet
  facet normal 0 0 -1
    outer loop
      vertex -4.7897 15.7895 -12.5
      vertex -3.80426 19.1253 -12.5
      vertex -3.21899 16.183 -12.5
    endloop
  endfacet
  facet normal 0 0 -1
    outer loop
      vertex -4.7897 15.7895 -12.5
      vertex -5.66055 18.6603 -12.5
      vertex -3.80426 19.1253 -12.5
    endloop
  endfacet
  facet normal 0 0 -1
    outer loop
      vertex -6.31428 15.244 -12.5
      vertex -5.66055 18.6603 -12.5
      vertex -4.7897 15.7895 -12.5
    endloop
  endfacet
  facet normal 0 0 -1
    outer loop
      vertex -6.31428 15.244 -12.5
      vertex -7.46233 18.0157 -12.5
      vertex -5.66055 18.6603 -12.5
    endloop
  endfacet
  facet normal 0 0 -1
    outer loop
      vertex -7.77805 14.5517 -12.5
      vertex -7.46233 18.0157 -12.5
      vertex -6.31428 15.244 -12.5
    endloop
  endfacet
  facet normal 0 0 -1
    outer loop
      vertex -9.19224 17.1975 -12.5
      vertex -7.77805 14.5517 -12.5
      vertex -9.16691 13.7192 -12.5
    endloop
  endfacet
  facet normal 0 0 -1
    outer loop
      vertex -7.77805 14.5517 -12.5
      vertex -9.19224 17.1975 -12.5
      vertex -7.46233 18.0157 -12.5
    endloop
  endfacet
  facet normal 0 0 -1
    outer loop
      vertex -10.8336 16.2137 -12.5
      vertex -9.16691 13.7192 -12.5
      vertex -10.4675 12.7547 -12.5
    endloop
  endfacet
  facet normal 0 0 -1
    outer loop
      vertex -9.16691 13.7192 -12.5
      vertex -10.8336 16.2137 -12.5
      vertex -9.19224 17.1975 -12.5
    endloop
  endfacet
  facet normal 0 0 -1
    outer loop
      vertex -12.3707 15.0737 -12.5
      vertex -10.4675 12.7547 -12.5
      vertex -11.6673 11.6673 -12.5
    endloop
  endfacet
  facet normal 0 0 -1
    outer loop
      vertex -10.4675 12.7547 -12.5
      vertex -12.3707 15.0737 -12.5
      vertex -10.8336 16.2137 -12.5
    endloop
  endfacet
  facet normal 0 0 -1
    outer loop
      vertex -13.7886 13.7886 -12.5
      vertex -11.6673 11.6673 -12.5
      vertex -12.7547 10.4675 -12.5
    endloop
  endfacet
  facet normal 0 0 -1
    outer loop
      vertex -15.0737 12.3707 -12.5
      vertex -12.7547 10.4675 -12.5
      vertex -13.7192 9.16691 -12.5
    endloop
  endfacet
  facet normal 0 0 -1
    outer loop
      vertex -11.6673 11.6673 -12.5
      vertex -13.7886 13.7886 -12.5
      vertex -12.3707 15.0737 -12.5
    endloop
  endfacet
  facet normal 0 0 -1
    outer loop
      vertex -16.2137 10.8336 -12.5
      vertex -13.7192 9.16691 -12.5
      vertex -14.5517 7.77805 -12.5
    endloop
  endfacet
  facet normal 0 0 -1
    outer loop
      vertex -12.7547 10.4675 -12.5
      vertex -15.0737 12.3707 -12.5
      vertex -13.7886 13.7886 -12.5
    endloop
  endfacet
  facet normal 0 0 -1
    outer loop
      vertex -17.1975 9.19224 -12.5
      vertex -14.5517 7.77805 -12.5
      vertex -15.244 6.31428 -12.5
    endloop
  endfacet
  facet normal 0 0 -1
    outer loop
      vertex -18.0157 7.46233 -12.5
      vertex -15.244 6.31428 -12.5
      vertex -15.7895 4.7897 -12.5
    endloop
  endfacet
  facet normal 0 0 -1
    outer loop
      vertex -18.6603 5.66055 -12.5
      vertex -15.7895 4.7897 -12.5
      vertex -16.183 3.21899 -12.5
    endloop
  endfacet
  facet normal 0 0 -1
    outer loop
      vertex -13.7192 9.16691 -12.5
      vertex -16.2137 10.8336 -12.5
      vertex -15.0737 12.3707 -12.5
    endloop
  endfacet
  facet normal 0 0 -1
    outer loop
      vertex -19.1253 3.80426 -12.5
      vertex -16.183 3.21899 -12.5
      vertex -16.4205 1.61728 -12.5
    endloop
  endfacet
  facet normal 0 0 -1
    outer loop
      vertex -19.4061 1.91133 -12.5
      vertex -16.4205 1.61728 -12.5
      vertex -16.5 0 -12.5
    endloop
  endfacet
  facet normal 0 0 -1
    outer loop
      vertex -19.1253 -3.80426 -12.5
      vertex -16.183 -3.21899 -12.5
      vertex -18.6603 -5.66055 -12.5
    endloop
  endfacet
  facet normal 0 0 -1
    outer loop
      vertex -14.5517 7.77805 -12.5
      vertex -17.1975 9.19224 -12.5
      vertex -16.2137 10.8336 -12.5
    endloop
  endfacet
  facet normal -0 0 -1
    outer loop
      vertex -16.183 -3.21899 -12.5
      vertex -19.1253 -3.80426 -12.5
      vertex -16.4205 -1.61728 -12.5
    endloop
  endfacet
  facet normal 0 0 -1
    outer loop
      vertex -15.244 6.31428 -12.5
      vertex -18.0157 7.46233 -12.5
      vertex -17.1975 9.19224 -12.5
    endloop
  endfacet
  facet normal 0 0 -1
    outer loop
      vertex -19.4061 -1.91133 -12.5
      vertex -16.4205 -1.61728 -12.5
      vertex -19.1253 -3.80426 -12.5
    endloop
  endfacet
  facet normal 0 0 -1
    outer loop
      vertex -15.7895 4.7897 -12.5
      vertex -18.6603 5.66055 -12.5
      vertex -18.0157 7.46233 -12.5
    endloop
  endfacet
  facet normal -0 0 -1
    outer loop
      vertex -16.4205 -1.61728 -12.5
      vertex -19.4061 -1.91133 -12.5
      vertex -16.5 0 -12.5
    endloop
  endfacet
  facet normal 0 0 -1
    outer loop
      vertex -16.183 3.21899 -12.5
      vertex -19.1253 3.80426 -12.5
      vertex -18.6603 5.66055 -12.5
    endloop
  endfacet
  facet normal 0 0 -1
    outer loop
      vertex -19.5 0 -12.5
      vertex -16.5 0 -12.5
      vertex -19.4061 -1.91133 -12.5
    endloop
  endfacet
  facet normal 0 0 -1
    outer loop
      vertex -16.4205 1.61728 -12.5
      vertex -19.4061 1.91133 -12.5
      vertex -19.1253 3.80426 -12.5
    endloop
  endfacet
  facet normal 0 0 -1
    outer loop
      vertex -16.5 0 -12.5
      vertex -19.5 0 -12.5
      vertex -19.4061 1.91133 -12.5
    endloop
  endfacet
  facet normal -0.941559 -0.336849 0
    outer loop
      vertex -18.0157 -7.46233 -12.5
      vertex -18.6603 -5.66055 12.5
      vertex -18.6603 -5.66055 -12.5
    endloop
  endfacet
  facet normal -0.941559 -0.336849 0
    outer loop
      vertex -18.6603 -5.66055 12.5
      vertex -18.0157 -7.46233 -12.5
      vertex -18.0157 -7.46233 12.5
    endloop
  endfacet
  facet normal -0.146736 0.989176 0
    outer loop
      vertex -1.91133 19.4061 -12.5
      vertex -3.80426 19.1253 9.97427
      vertex -1.91133 19.4061 10.1364
    endloop
  endfacet
  facet normal -0.146736 0.989176 0
    outer loop
      vertex -3.80426 19.1253 9.97427
      vertex -1.91133 19.4061 -12.5
      vertex -3.80426 19.1253 -12.5
    endloop
  endfacet
  facet normal -0.740958 0.671552 0
    outer loop
      vertex -13.7886 13.7886 -12.5
      vertex -15 12.452 6.12143
      vertex -13.7886 13.7886 6.89311
    endloop
  endfacet
  facet normal -0.740888 0.671629 0
    outer loop
      vertex -15.0737 12.3707 12.5
      vertex -15 12.452 6.12143
      vertex -15.0737 12.3707 -12.5
    endloop
  endfacet
  facet normal -0.740954 0.671556 5.78096e-07
    outer loop
      vertex -15.0737 12.3707 -12.5
      vertex -15 12.452 6.12143
      vertex -13.7886 13.7886 -12.5
    endloop
  endfacet
  facet normal -0.740956 0.671554 -6.32066e-06
    outer loop
      vertex -15.0737 12.3707 12.5
      vertex -13.7886 13.7886 11.5119
      vertex -15 12.452 10.7402
    endloop
  endfacet
  facet normal -0.740954 0.671556 0
    outer loop
      vertex -13.7886 13.7886 11.5119
      vertex -15.0737 12.3707 12.5
      vertex -13.7886 13.7886 12.5
    endloop
  endfacet
  facet normal -0.740888 0.671629 0
    outer loop
      vertex -15 12.452 6.12143
      vertex -15.0737 12.3707 12.5
      vertex -15 12.452 10.7402
    endloop
  endfacet
  facet normal 0.0490689 0.998795 0
    outer loop
      vertex 0 19.5 -12.5
      vertex 1.91133 19.4061 10.1364
      vertex 1.91133 19.4061 -12.5
    endloop
  endfacet
  facet normal 0.0490689 0.998795 0
    outer loop
      vertex 1.91133 19.4061 10.1364
      vertex 0 19.5 -12.5
      vertex 0 19.5 10.1906
    endloop
  endfacet
  facet normal 0.427561 0.903987 0
    outer loop
      vertex 7.46233 18.0157 -12.5
      vertex 9.19224 17.1975 8.86123
      vertex 9.19224 17.1975 -12.5
    endloop
  endfacet
  facet normal 0.427561 0.903987 0
    outer loop
      vertex 9.19224 17.1975 8.86123
      vertex 7.46233 18.0157 -12.5
      vertex 7.46233 18.0157 9.33361
    endloop
  endfacet
  facet normal -0.427561 0.903987 0
    outer loop
      vertex -7.46233 18.0157 -12.5
      vertex -9.19224 17.1975 8.86123
      vertex -7.46233 18.0157 9.33361
    endloop
  endfacet
  facet normal -0.427561 0.903987 0
    outer loop
      vertex -9.19224 17.1975 8.86123
      vertex -7.46233 18.0157 -12.5
      vertex -9.19224 17.1975 -12.5
    endloop
  endfacet
  facet normal -0.857727 -0.514105 0
    outer loop
      vertex -16.2137 -10.8336 -12.5
      vertex -17.1975 -9.19224 12.5
      vertex -17.1975 -9.19224 -12.5
    endloop
  endfacet
  facet normal -0.857727 -0.514105 0
    outer loop
      vertex -17.1975 -9.19224 12.5
      vertex -16.2137 -10.8336 -12.5
      vertex -16.2137 -10.8336 12.5
    endloop
  endfacet
  facet normal -0.242992 -0.970028 0
    outer loop
      vertex -5.66055 -18.6603 -12.5
      vertex -3.80426 -19.1253 12.5
      vertex -5.66055 -18.6603 12.5
    endloop
  endfacet
  facet normal -0.242992 -0.970028 -0
    outer loop
      vertex -3.80426 -19.1253 12.5
      vertex -5.66055 -18.6603 -12.5
      vertex -3.80426 -19.1253 -12.5
    endloop
  endfacet
  facet normal -0.970028 -0.242992 0
    outer loop
      vertex -18.6603 -5.66055 -12.5
      vertex -19.1253 -3.80426 12.5
      vertex -19.1253 -3.80426 -12.5
    endloop
  endfacet
  facet normal -0.970028 -0.242992 0
    outer loop
      vertex -19.1253 -3.80426 12.5
      vertex -18.6603 -5.66055 -12.5
      vertex -18.6603 -5.66055 12.5
    endloop
  endfacet
  facet normal -0.671556 -0.740954 0
    outer loop
      vertex -13.7886 -13.7886 -12.5
      vertex -12.3707 -15.0737 12.5
      vertex -13.7886 -13.7886 12.5
    endloop
  endfacet
  facet normal -0.671556 -0.740954 -0
    outer loop
      vertex -12.3707 -15.0737 12.5
      vertex -13.7886 -13.7886 -12.5
      vertex -12.3707 -15.0737 -12.5
    endloop
  endfacet
  facet normal -0.336849 0.941559 0
    outer loop
      vertex -5.66055 18.6603 -12.5
      vertex -7.46233 18.0157 9.33361
      vertex -5.66055 18.6603 9.70582
    endloop
  endfacet
  facet normal -0.336849 0.941559 0
    outer loop
      vertex -7.46233 18.0157 9.33361
      vertex -5.66055 18.6603 -12.5
      vertex -7.46233 18.0157 -12.5
    endloop
  endfacet
  facet normal -0.595702 0.803205 0
    outer loop
      vertex -10.8336 16.2137 -12.5
      vertex -12.3707 15.0737 7.63508
      vertex -10.8336 16.2137 8.29323
    endloop
  endfacet
  facet normal -0.595702 0.803205 0
    outer loop
      vertex -12.3707 15.0737 7.63508
      vertex -10.8336 16.2137 -12.5
      vertex -12.3707 15.0737 -12.5
    endloop
  endfacet
  facet normal -0.595699 0.803208 0
    outer loop
      vertex -11.7959 15.5 12.5
      vertex -12.3707 15.0737 12.2539
      vertex -12.3707 15.0737 12.5
    endloop
  endfacet
  facet normal -0.242992 0.970028 0
    outer loop
      vertex -3.80426 19.1253 -12.5
      vertex -5.66055 18.6603 9.70582
      vertex -3.80426 19.1253 9.97427
    endloop
  endfacet
  facet normal -0.242992 0.970028 0
    outer loop
      vertex -5.66055 18.6603 9.70582
      vertex -3.80426 19.1253 -12.5
      vertex -5.66055 18.6603 -12.5
    endloop
  endfacet
  facet normal 0.803205 0.595702 0
    outer loop
      vertex 16.2137 10.8336 12.5
      vertex 15.0737 12.3707 -12.5
      vertex 15.0737 12.3707 12.5
    endloop
  endfacet
  facet normal 0.803205 0.595702 0
    outer loop
      vertex 15.0737 12.3707 -12.5
      vertex 16.2137 10.8336 12.5
      vertex 16.2137 10.8336 -12.5
    endloop
  endfacet
  facet normal -0.857727 0.514105 0
    outer loop
      vertex -17.1975 9.19224 -12.5
      vertex -16.2137 10.8336 12.5
      vertex -16.2137 10.8336 -12.5
    endloop
  endfacet
  facet normal -0.857727 0.514105 0
    outer loop
      vertex -16.2137 10.8336 12.5
      vertex -17.1975 9.19224 -12.5
      vertex -17.1975 9.19224 12.5
    endloop
  endfacet
  facet normal -0 0 1
    outer loop
      vertex -11.7959 15.5 12.5
      vertex -6.31428 15.244 12.5
      vertex -5.59884 15.5 12.5
    endloop
  endfacet
  facet normal 0 0 1
    outer loop
      vertex -11.7959 15.5 12.5
      vertex -7.77805 14.5517 12.5
      vertex -6.31428 15.244 12.5
    endloop
  endfacet
  facet normal 0 0 1
    outer loop
      vertex -11.7959 15.5 12.5
      vertex -9.16691 13.7192 12.5
      vertex -7.77805 14.5517 12.5
    endloop
  endfacet
  facet normal 0 0 1
    outer loop
      vertex -11.7959 15.5 12.5
      vertex -10.4675 12.7547 12.5
      vertex -9.16691 13.7192 12.5
    endloop
  endfacet
  facet normal -0 0 1
    outer loop
      vertex -12.3707 15.0737 12.5
      vertex -10.4675 12.7547 12.5
      vertex -11.7959 15.5 12.5
    endloop
  endfacet
  facet normal 0 0 1
    outer loop
      vertex -10.4675 12.7547 12.5
      vertex -12.3707 15.0737 12.5
      vertex -11.6673 11.6673 12.5
    endloop
  endfacet
  facet normal -0 0 1
    outer loop
      vertex -13.7886 13.7886 12.5
      vertex -11.6673 11.6673 12.5
      vertex -12.3707 15.0737 12.5
    endloop
  endfacet
  facet normal 0 0 1
    outer loop
      vertex -11.6673 11.6673 12.5
      vertex -13.7886 13.7886 12.5
      vertex -12.7547 10.4675 12.5
    endloop
  endfacet
  facet normal -0 0 1
    outer loop
      vertex -15.0737 12.3707 12.5
      vertex -12.7547 10.4675 12.5
      vertex -13.7886 13.7886 12.5
    endloop
  endfacet
  facet normal 0 0 1
    outer loop
      vertex -12.7547 10.4675 12.5
      vertex -15.0737 12.3707 12.5
      vertex -13.7192 9.16691 12.5
    endloop
  endfacet
  facet normal -0 0 1
    outer loop
      vertex -16.2137 10.8336 12.5
      vertex -13.7192 9.16691 12.5
      vertex -15.0737 12.3707 12.5
    endloop
  endfacet
  facet normal 0 0 1
    outer loop
      vertex -13.7192 9.16691 12.5
      vertex -16.2137 10.8336 12.5
      vertex -14.5517 7.77805 12.5
    endloop
  endfacet
  facet normal -0 0 1
    outer loop
      vertex -17.1975 9.19224 12.5
      vertex -14.5517 7.77805 12.5
      vertex -16.2137 10.8336 12.5
    endloop
  endfacet
  facet normal 0 0 1
    outer loop
      vertex -14.5517 7.77805 12.5
      vertex -17.1975 9.19224 12.5
      vertex -15.244 6.31428 12.5
    endloop
  endfacet
  facet normal -0 0 1
    outer loop
      vertex -18.0157 7.46233 12.5
      vertex -15.244 6.31428 12.5
      vertex -17.1975 9.19224 12.5
    endloop
  endfacet
  facet normal 0 0 1
    outer loop
      vertex -15.244 6.31428 12.5
      vertex -18.0157 7.46233 12.5
      vertex -15.7895 4.7897 12.5
    endloop
  endfacet
  facet normal -0 0 1
    outer loop
      vertex -18.6603 5.66055 12.5
      vertex -15.7895 4.7897 12.5
      vertex -18.0157 7.46233 12.5
    endloop
  endfacet
  facet normal 0 0 1
    outer loop
      vertex -15.7895 4.7897 12.5
      vertex -18.6603 5.66055 12.5
      vertex -16.183 3.21899 12.5
    endloop
  endfacet
  facet normal 0 0 1
    outer loop
      vertex 16.5 0 12.5
      vertex 19.5 0 12.5
      vertex 19.4061 1.91133 12.5
    endloop
  endfacet
  facet normal 0 0 1
    outer loop
      vertex 16.4205 1.61728 12.5
      vertex 19.4061 1.91133 12.5
      vertex 19.1253 3.80426 12.5
    endloop
  endfacet
  facet normal 0 0 1
    outer loop
      vertex 19.5 0 12.5
      vertex 16.5 0 12.5
      vertex 19.4061 -1.91133 12.5
    endloop
  endfacet
  facet normal 0 0 1
    outer loop
      vertex 16.183 3.21899 12.5
      vertex 19.1253 3.80426 12.5
      vertex 18.6603 5.66055 12.5
    endloop
  endfacet
  facet normal -0 0 1
    outer loop
      vertex 16.4205 -1.61728 12.5
      vertex 19.4061 -1.91133 12.5
      vertex 16.5 0 12.5
    endloop
  endfacet
  facet normal 0 0 1
    outer loop
      vertex 15.7895 4.7897 12.5
      vertex 18.6603 5.66055 12.5
      vertex 18.0157 7.46233 12.5
    endloop
  endfacet
  facet normal 0 0 1
    outer loop
      vertex 19.4061 -1.91133 12.5
      vertex 16.4205 -1.61728 12.5
      vertex 19.1253 -3.80426 12.5
    endloop
  endfacet
  facet normal 0 0 1
    outer loop
      vertex 15.244 6.31428 12.5
      vertex 18.0157 7.46233 12.5
      vertex 17.1975 9.19224 12.5
    endloop
  endfacet
  facet normal -0 0 1
    outer loop
      vertex 16.183 -3.21899 12.5
      vertex 19.1253 -3.80426 12.5
      vertex 16.4205 -1.61728 12.5
    endloop
  endfacet
  facet normal 0 0 1
    outer loop
      vertex 19.1253 -3.80426 12.5
      vertex 16.183 -3.21899 12.5
      vertex 18.6603 -5.66055 12.5
    endloop
  endfacet
  facet normal 0 0 1
    outer loop
      vertex 19.4061 1.91133 12.5
      vertex 16.4205 1.61728 12.5
      vertex 16.5 0 12.5
    endloop
  endfacet
  facet normal 0 0 1
    outer loop
      vertex 14.5517 7.77805 12.5
      vertex 17.1975 9.19224 12.5
      vertex 16.2137 10.8336 12.5
    endloop
  endfacet
  facet normal 0 0 1
    outer loop
      vertex 19.1253 3.80426 12.5
      vertex 16.183 3.21899 12.5
      vertex 16.4205 1.61728 12.5
    endloop
  endfacet
  facet normal 0 0 1
    outer loop
      vertex 18.6603 5.66055 12.5
      vertex 15.7895 4.7897 12.5
      vertex 16.183 3.21899 12.5
    endloop
  endfacet
  facet normal 0 0 1
    outer loop
      vertex 18.0157 7.46233 12.5
      vertex 15.244 6.31428 12.5
      vertex 15.7895 4.7897 12.5
    endloop
  endfacet
  facet normal 0 0 1
    outer loop
      vertex 13.7192 9.16691 12.5
      vertex 16.2137 10.8336 12.5
      vertex 15.0737 12.3707 12.5
    endloop
  endfacet
  facet normal 0 0 1
    outer loop
      vertex 17.1975 9.19224 12.5
      vertex 14.5517 7.77805 12.5
      vertex 15.244 6.31428 12.5
    endloop
  endfacet
  facet normal 0 0 1
    outer loop
      vertex 12.7547 10.4675 12.5
      vertex 15.0737 12.3707 12.5
      vertex 13.7886 13.7886 12.5
    endloop
  endfacet
  facet normal 0 0 1
    outer loop
      vertex 16.2137 10.8336 12.5
      vertex 13.7192 9.16691 12.5
      vertex 14.5517 7.77805 12.5
    endloop
  endfacet
  facet normal 0 0 1
    outer loop
      vertex 15.0737 12.3707 12.5
      vertex 12.7547 10.4675 12.5
      vertex 13.7192 9.16691 12.5
    endloop
  endfacet
  facet normal 0 0 1
    outer loop
      vertex 11.6673 11.6673 12.5
      vertex 13.7886 13.7886 12.5
      vertex 12.3707 15.0737 12.5
    endloop
  endfacet
  facet normal 0 0 1
    outer loop
      vertex 10.4675 12.7547 12.5
      vertex 12.3707 15.0737 12.5
      vertex 11.7959 15.5 12.5
    endloop
  endfacet
  facet normal 0 0 1
    outer loop
      vertex 13.7886 13.7886 12.5
      vertex 11.6673 11.6673 12.5
      vertex 12.7547 10.4675 12.5
    endloop
  endfacet
  facet normal 0 0 1
    outer loop
      vertex 12.3707 15.0737 12.5
      vertex 10.4675 12.7547 12.5
      vertex 11.6673 11.6673 12.5
    endloop
  endfacet
  facet normal 0 0 1
    outer loop
      vertex 11.7959 15.5 12.5
      vertex 9.16691 13.7192 12.5
      vertex 10.4675 12.7547 12.5
    endloop
  endfacet
  facet normal 0 0 1
    outer loop
      vertex 11.7959 15.5 12.5
      vertex 7.77805 14.5517 12.5
      vertex 9.16691 13.7192 12.5
    endloop
  endfacet
  facet normal 0 0 1
    outer loop
      vertex 11.7959 15.5 12.5
      vertex 6.31428 15.244 12.5
      vertex 7.77805 14.5517 12.5
    endloop
  endfacet
  facet normal 0 -0 1
    outer loop
      vertex 6.31428 15.244 12.5
      vertex 11.7959 15.5 12.5
      vertex 5.59884 15.5 12.5
    endloop
  endfacet
  facet normal -0 0 1
    outer loop
      vertex 15.7895 -4.7897 12.5
      vertex 18.6603 -5.66055 12.5
      vertex 16.183 -3.21899 12.5
    endloop
  endfacet
  facet normal 0 0 1
    outer loop
      vertex 18.6603 -5.66055 12.5
      vertex 15.7895 -4.7897 12.5
      vertex 18.0157 -7.46233 12.5
    endloop
  endfacet
  facet normal -0 0 1
    outer loop
      vertex 15.244 -6.31428 12.5
      vertex 18.0157 -7.46233 12.5
      vertex 15.7895 -4.7897 12.5
    endloop
  endfacet
  facet normal 0 0 1
    outer loop
      vertex 18.0157 -7.46233 12.5
      vertex 15.244 -6.31428 12.5
      vertex 17.1975 -9.19224 12.5
    endloop
  endfacet
  facet normal -0 0 1
    outer loop
      vertex 14.5517 -7.77805 12.5
      vertex 17.1975 -9.19224 12.5
      vertex 15.244 -6.31428 12.5
    endloop
  endfacet
  facet normal 0 0 1
    outer loop
      vertex 17.1975 -9.19224 12.5
      vertex 14.5517 -7.77805 12.5
      vertex 16.2137 -10.8336 12.5
    endloop
  endfacet
  facet normal -0 0 1
    outer loop
      vertex 13.7192 -9.16691 12.5
      vertex 16.2137 -10.8336 12.5
      vertex 14.5517 -7.77805 12.5
    endloop
  endfacet
  facet normal 0 0 1
    outer loop
      vertex 16.2137 -10.8336 12.5
      vertex 13.7192 -9.16691 12.5
      vertex 15.0737 -12.3707 12.5
    endloop
  endfacet
  facet normal -0 0 1
    outer loop
      vertex 12.7547 -10.4675 12.5
      vertex 15.0737 -12.3707 12.5
      vertex 13.7192 -9.16691 12.5
    endloop
  endfacet
  facet normal 0 0 1
    outer loop
      vertex 15.0737 -12.3707 12.5
      vertex 12.7547 -10.4675 12.5
      vertex 13.7886 -13.7886 12.5
    endloop
  endfacet
  facet normal -0 0 1
    outer loop
      vertex 11.6673 -11.6673 12.5
      vertex 13.7886 -13.7886 12.5
      vertex 12.7547 -10.4675 12.5
    endloop
  endfacet
  facet normal 0 0 1
    outer loop
      vertex 13.7886 -13.7886 12.5
      vertex 11.6673 -11.6673 12.5
      vertex 12.3707 -15.0737 12.5
    endloop
  endfacet
  facet normal -0 0 1
    outer loop
      vertex 10.4675 -12.7547 12.5
      vertex 12.3707 -15.0737 12.5
      vertex 11.6673 -11.6673 12.5
    endloop
  endfacet
  facet normal 0 0 1
    outer loop
      vertex 12.3707 -15.0737 12.5
      vertex 10.4675 -12.7547 12.5
      vertex 10.8336 -16.2137 12.5
    endloop
  endfacet
  facet normal -0 0 1
    outer loop
      vertex 9.16691 -13.7192 12.5
      vertex 10.8336 -16.2137 12.5
      vertex 10.4675 -12.7547 12.5
    endloop
  endfacet
  facet normal 0 0 1
    outer loop
      vertex 10.8336 -16.2137 12.5
      vertex 9.16691 -13.7192 12.5
      vertex 9.19224 -17.1975 12.5
    endloop
  endfacet
  facet normal -0 0 1
    outer loop
      vertex 7.77805 -14.5517 12.5
      vertex 9.19224 -17.1975 12.5
      vertex 9.16691 -13.7192 12.5
    endloop
  endfacet
  facet normal 0 0 1
    outer loop
      vertex 7.77805 -14.5517 12.5
      vertex 7.46233 -18.0157 12.5
      vertex 9.19224 -17.1975 12.5
    endloop
  endfacet
  facet normal -0 0 1
    outer loop
      vertex 6.31428 -15.244 12.5
      vertex 7.46233 -18.0157 12.5
      vertex 7.77805 -14.5517 12.5
    endloop
  endfacet
  facet normal 0 0 1
    outer loop
      vertex 6.31428 -15.244 12.5
      vertex 5.66055 -18.6603 12.5
      vertex 7.46233 -18.0157 12.5
    endloop
  endfacet
  facet normal -0 0 1
    outer loop
      vertex 4.7897 -15.7895 12.5
      vertex 5.66055 -18.6603 12.5
      vertex 6.31428 -15.244 12.5
    endloop
  endfacet
  facet normal 0 0 1
    outer loop
      vertex 4.7897 -15.7895 12.5
      vertex 3.80426 -19.1253 12.5
      vertex 5.66055 -18.6603 12.5
    endloop
  endfacet
  facet normal -0 0 1
    outer loop
      vertex 3.21899 -16.183 12.5
      vertex 3.80426 -19.1253 12.5
      vertex 4.7897 -15.7895 12.5
    endloop
  endfacet
  facet normal 0 0 1
    outer loop
      vertex 3.21899 -16.183 12.5
      vertex 1.91133 -19.4061 12.5
      vertex 3.80426 -19.1253 12.5
    endloop
  endfacet
  facet normal -0 0 1
    outer loop
      vertex 1.61728 -16.4205 12.5
      vertex 1.91133 -19.4061 12.5
      vertex 3.21899 -16.183 12.5
    endloop
  endfacet
  facet normal -0 0 1
    outer loop
      vertex 0 -16.5 12.5
      vertex 1.91133 -19.4061 12.5
      vertex 1.61728 -16.4205 12.5
    endloop
  endfacet
  facet normal 0 0 1
    outer loop
      vertex 0 -16.5 12.5
      vertex 0 -19.5 12.5
      vertex 1.91133 -19.4061 12.5
    endloop
  endfacet
  facet normal 0 0 1
    outer loop
      vertex -1.61728 -16.4205 12.5
      vertex 0 -19.5 12.5
      vertex 0 -16.5 12.5
    endloop
  endfacet
  facet normal 0 0 1
    outer loop
      vertex -1.61728 -16.4205 12.5
      vertex -1.91133 -19.4061 12.5
      vertex 0 -19.5 12.5
    endloop
  endfacet
  facet normal 0 0 1
    outer loop
      vertex -3.21899 -16.183 12.5
      vertex -1.91133 -19.4061 12.5
      vertex -1.61728 -16.4205 12.5
    endloop
  endfacet
  facet normal 0 0 1
    outer loop
      vertex -3.21899 -16.183 12.5
      vertex -3.80426 -19.1253 12.5
      vertex -1.91133 -19.4061 12.5
    endloop
  endfacet
  facet normal 0 0 1
    outer loop
      vertex -4.7897 -15.7895 12.5
      vertex -3.80426 -19.1253 12.5
      vertex -3.21899 -16.183 12.5
    endloop
  endfacet
  facet normal 0 0 1
    outer loop
      vertex -4.7897 -15.7895 12.5
      vertex -5.66055 -18.6603 12.5
      vertex -3.80426 -19.1253 12.5
    endloop
  endfacet
  facet normal 0 0 1
    outer loop
      vertex -6.31428 -15.244 12.5
      vertex -5.66055 -18.6603 12.5
      vertex -4.7897 -15.7895 12.5
    endloop
  endfacet
  facet normal 0 0 1
    outer loop
      vertex -6.31428 -15.244 12.5
      vertex -7.46233 -18.0157 12.5
      vertex -5.66055 -18.6603 12.5
    endloop
  endfacet
  facet normal 0 0 1
    outer loop
      vertex -7.77805 -14.5517 12.5
      vertex -7.46233 -18.0157 12.5
      vertex -6.31428 -15.244 12.5
    endloop
  endfacet
  facet normal 0 0 1
    outer loop
      vertex -9.19224 -17.1975 12.5
      vertex -7.77805 -14.5517 12.5
      vertex -9.16691 -13.7192 12.5
    endloop
  endfacet
  facet normal 0 0 1
    outer loop
      vertex -7.77805 -14.5517 12.5
      vertex -9.19224 -17.1975 12.5
      vertex -7.46233 -18.0157 12.5
    endloop
  endfacet
  facet normal 0 0 1
    outer loop
      vertex -10.8336 -16.2137 12.5
      vertex -9.16691 -13.7192 12.5
      vertex -10.4675 -12.7547 12.5
    endloop
  endfacet
  facet normal 0 0 1
    outer loop
      vertex -9.16691 -13.7192 12.5
      vertex -10.8336 -16.2137 12.5
      vertex -9.19224 -17.1975 12.5
    endloop
  endfacet
  facet normal 0 0 1
    outer loop
      vertex -12.3707 -15.0737 12.5
      vertex -10.4675 -12.7547 12.5
      vertex -11.6673 -11.6673 12.5
    endloop
  endfacet
  facet normal 0 0 1
    outer loop
      vertex -10.4675 -12.7547 12.5
      vertex -12.3707 -15.0737 12.5
      vertex -10.8336 -16.2137 12.5
    endloop
  endfacet
  facet normal 0 0 1
    outer loop
      vertex -13.7886 -13.7886 12.5
      vertex -11.6673 -11.6673 12.5
      vertex -12.7547 -10.4675 12.5
    endloop
  endfacet
  facet normal 0 0 1
    outer loop
      vertex -15.0737 -12.3707 12.5
      vertex -12.7547 -10.4675 12.5
      vertex -13.7192 -9.16691 12.5
    endloop
  endfacet
  facet normal 0 0 1
    outer loop
      vertex -11.6673 -11.6673 12.5
      vertex -13.7886 -13.7886 12.5
      vertex -12.3707 -15.0737 12.5
    endloop
  endfacet
  facet normal 0 0 1
    outer loop
      vertex -16.2137 -10.8336 12.5
      vertex -13.7192 -9.16691 12.5
      vertex -14.5517 -7.77805 12.5
    endloop
  endfacet
  facet normal 0 0 1
    outer loop
      vertex -12.7547 -10.4675 12.5
      vertex -15.0737 -12.3707 12.5
      vertex -13.7886 -13.7886 12.5
    endloop
  endfacet
  facet normal 0 0 1
    outer loop
      vertex -17.1975 -9.19224 12.5
      vertex -14.5517 -7.77805 12.5
      vertex -15.244 -6.31428 12.5
    endloop
  endfacet
  facet normal 0 0 1
    outer loop
      vertex -18.0157 -7.46233 12.5
      vertex -15.244 -6.31428 12.5
      vertex -15.7895 -4.7897 12.5
    endloop
  endfacet
  facet normal 0 0 1
    outer loop
      vertex -18.6603 -5.66055 12.5
      vertex -15.7895 -4.7897 12.5
      vertex -16.183 -3.21899 12.5
    endloop
  endfacet
  facet normal 0 0 1
    outer loop
      vertex -13.7192 -9.16691 12.5
      vertex -16.2137 -10.8336 12.5
      vertex -15.0737 -12.3707 12.5
    endloop
  endfacet
  facet normal 0 0 1
    outer loop
      vertex -19.1253 -3.80426 12.5
      vertex -16.183 -3.21899 12.5
      vertex -16.4205 -1.61728 12.5
    endloop
  endfacet
  facet normal 0 0 1
    outer loop
      vertex -19.4061 -1.91133 12.5
      vertex -16.4205 -1.61728 12.5
      vertex -16.5 0 12.5
    endloop
  endfacet
  facet normal -0 0 1
    outer loop
      vertex -19.1253 3.80426 12.5
      vertex -16.183 3.21899 12.5
      vertex -18.6603 5.66055 12.5
    endloop
  endfacet
  facet normal 0 0 1
    outer loop
      vertex -14.5517 -7.77805 12.5
      vertex -17.1975 -9.19224 12.5
      vertex -16.2137 -10.8336 12.5
    endloop
  endfacet
  facet normal 0 0 1
    outer loop
      vertex -16.183 3.21899 12.5
      vertex -19.1253 3.80426 12.5
      vertex -16.4205 1.61728 12.5
    endloop
  endfacet
  facet normal 0 0 1
    outer loop
      vertex -15.244 -6.31428 12.5
      vertex -18.0157 -7.46233 12.5
      vertex -17.1975 -9.19224 12.5
    endloop
  endfacet
  facet normal -0 0 1
    outer loop
      vertex -19.4061 1.91133 12.5
      vertex -16.4205 1.61728 12.5
      vertex -19.1253 3.80426 12.5
    endloop
  endfacet
  facet normal 0 0 1
    outer loop
      vertex -15.7895 -4.7897 12.5
      vertex -18.6603 -5.66055 12.5
      vertex -18.0157 -7.46233 12.5
    endloop
  endfacet
  facet normal 0 0 1
    outer loop
      vertex -16.4205 1.61728 12.5
      vertex -19.4061 1.91133 12.5
      vertex -16.5 0 12.5
    endloop
  endfacet
  facet normal 0 0 1
    outer loop
      vertex -16.183 -3.21899 12.5
      vertex -19.1253 -3.80426 12.5
      vertex -18.6603 -5.66055 12.5
    endloop
  endfacet
  facet normal 0 0 1
    outer loop
      vertex -19.5 0 12.5
      vertex -16.5 0 12.5
      vertex -19.4061 1.91133 12.5
    endloop
  endfacet
  facet normal 0 0 1
    outer loop
      vertex -16.4205 -1.61728 12.5
      vertex -19.4061 -1.91133 12.5
      vertex -19.1253 -3.80426 12.5
    endloop
  endfacet
  facet normal 0 0 1
    outer loop
      vertex -16.5 0 12.5
      vertex -19.5 0 12.5
      vertex -19.4061 -1.91133 12.5
    endloop
  endfacet
  facet normal 0.146736 0.989176 0
    outer loop
      vertex 1.91133 19.4061 -12.5
      vertex 3.80426 19.1253 9.97427
      vertex 3.80426 19.1253 -12.5
    endloop
  endfacet
  facet normal 0.146736 0.989176 0
    outer loop
      vertex 3.80426 19.1253 9.97427
      vertex 1.91133 19.4061 -12.5
      vertex 1.91133 19.4061 10.1364
    endloop
  endfacet
  facet normal 0.242992 0.970028 0
    outer loop
      vertex 3.80426 19.1253 -12.5
      vertex 5.66055 18.6603 9.70582
      vertex 5.66055 18.6603 -12.5
    endloop
  endfacet
  facet normal 0.242992 0.970028 0
    outer loop
      vertex 5.66055 18.6603 9.70582
      vertex 3.80426 19.1253 -12.5
      vertex 3.80426 19.1253 9.97427
    endloop
  endfacet
  facet normal 0.514105 0.857727 0
    outer loop
      vertex 9.19224 17.1975 -12.5
      vertex 10.8336 16.2137 8.29323
      vertex 10.8336 16.2137 -12.5
    endloop
  endfacet
  facet normal 0.514105 0.857727 0
    outer loop
      vertex 10.8336 16.2137 8.29323
      vertex 9.19224 17.1975 -12.5
      vertex 9.19224 17.1975 8.86123
    endloop
  endfacet
  facet normal 0.595702 0.803205 0
    outer loop
      vertex 10.8336 16.2137 -12.5
      vertex 12.3707 15.0737 7.63508
      vertex 12.3707 15.0737 -12.5
    endloop
  endfacet
  facet normal 0.595702 0.803205 0
    outer loop
      vertex 12.3707 15.0737 7.63508
      vertex 10.8336 16.2137 -12.5
      vertex 10.8336 16.2137 8.29323
    endloop
  endfacet
  facet normal 0.595699 0.803208 -0
    outer loop
      vertex 12.3707 15.0737 12.2539
      vertex 11.7959 15.5 12.5
      vertex 12.3707 15.0737 12.5
    endloop
  endfacet
  facet normal 0.941559 0.336849 0
    outer loop
      vertex 18.6603 5.66055 12.5
      vertex 18.0157 7.46233 -12.5
      vertex 18.0157 7.46233 12.5
    endloop
  endfacet
  facet normal 0.941559 0.336849 0
    outer loop
      vertex 18.0157 7.46233 -12.5
      vertex 18.6603 5.66055 12.5
      vertex 18.6603 5.66055 -12.5
    endloop
  endfacet
  facet normal -0.998795 0.0490689 0
    outer loop
      vertex -19.5 0 -12.5
      vertex -19.4061 1.91133 12.5
      vertex -19.4061 1.91133 -12.5
    endloop
  endfacet
  facet normal -0.998795 0.0490689 0
    outer loop
      vertex -19.4061 1.91133 12.5
      vertex -19.5 0 -12.5
      vertex -19.5 0 12.5
    endloop
  endfacet
  facet normal 0.740954 0.671556 0
    outer loop
      vertex 15.0737 12.3707 12.5
      vertex 13.7886 13.7886 11.5119
      vertex 13.7886 13.7886 12.5
    endloop
  endfacet
  facet normal 0.740888 0.671629 0
    outer loop
      vertex 15 12.452 10.7402
      vertex 15.0737 12.3707 12.5
      vertex 15 12.452 6.12143
    endloop
  endfacet
  facet normal 0.740956 0.671554 -6.32066e-06
    outer loop
      vertex 13.7886 13.7886 11.5119
      vertex 15.0737 12.3707 12.5
      vertex 15 12.452 10.7402
    endloop
  endfacet
  facet normal 0.740958 0.671552 0
    outer loop
      vertex 15 12.452 6.12143
      vertex 13.7886 13.7886 -12.5
      vertex 13.7886 13.7886 6.89311
    endloop
  endfacet
  facet normal 0.740954 0.671556 5.78096e-07
    outer loop
      vertex 15 12.452 6.12143
      vertex 15.0737 12.3707 -12.5
      vertex 13.7886 13.7886 -12.5
    endloop
  endfacet
  facet normal 0.740888 0.671629 -0
    outer loop
      vertex 15.0737 12.3707 -12.5
      vertex 15 12.452 6.12143
      vertex 15.0737 12.3707 12.5
    endloop
  endfacet
  facet normal 0.903987 0.427561 0
    outer loop
      vertex 18.0157 7.46233 12.5
      vertex 17.1975 9.19224 -12.5
      vertex 17.1975 9.19224 12.5
    endloop
  endfacet
  facet normal 0.903987 0.427561 0
    outer loop
      vertex 17.1975 9.19224 -12.5
      vertex 18.0157 7.46233 12.5
      vertex 18.0157 7.46233 -12.5
    endloop
  endfacet
  facet normal 0.857727 0.514105 0
    outer loop
      vertex 17.1975 9.19224 12.5
      vertex 16.2137 10.8336 -12.5
      vertex 16.2137 10.8336 12.5
    endloop
  endfacet
  facet normal 0.857727 0.514105 0
    outer loop
      vertex 16.2137 10.8336 -12.5
      vertex 17.1975 9.19224 12.5
      vertex 17.1975 9.19224 -12.5
    endloop
  endfacet
  facet normal -0.671556 0.740954 0
    outer loop
      vertex -12.3707 15.0737 12.2539
      vertex -13.7886 13.7886 12.5
      vertex -12.3707 15.0737 12.5
    endloop
  endfacet
  facet normal -0.671556 0.740954 0
    outer loop
      vertex -13.7886 13.7886 12.5
      vertex -12.3707 15.0737 12.2539
      vertex -13.7886 13.7886 11.5119
    endloop
  endfacet
  facet normal -0.671556 0.740954 0
    outer loop
      vertex -12.3707 15.0737 -12.5
      vertex -13.7886 13.7886 6.89311
      vertex -12.3707 15.0737 7.63508
    endloop
  endfacet
  facet normal -0.671556 0.740954 0
    outer loop
      vertex -13.7886 13.7886 6.89311
      vertex -12.3707 15.0737 -12.5
      vertex -13.7886 13.7886 -12.5
    endloop
  endfacet
  facet normal -0.903987 0.427561 0
    outer loop
      vertex -18.0157 7.46233 -12.5
      vertex -17.1975 9.19224 12.5
      vertex -17.1975 9.19224 -12.5
    endloop
  endfacet
  facet normal -0.903987 0.427561 0
    outer loop
      vertex -17.1975 9.19224 12.5
      vertex -18.0157 7.46233 -12.5
      vertex -18.0157 7.46233 12.5
    endloop
  endfacet
  facet normal 0.671556 0.740954 0
    outer loop
      vertex 13.7886 13.7886 12.5
      vertex 12.3707 15.0737 12.2539
      vertex 12.3707 15.0737 12.5
    endloop
  endfacet
  facet normal 0.671556 0.740954 0
    outer loop
      vertex 12.3707 15.0737 12.2539
      vertex 13.7886 13.7886 12.5
      vertex 13.7886 13.7886 11.5119
    endloop
  endfacet
  facet normal 0.671556 0.740954 0
    outer loop
      vertex 12.3707 15.0737 -12.5
      vertex 13.7886 13.7886 6.89311
      vertex 13.7886 13.7886 -12.5
    endloop
  endfacet
  facet normal 0.671556 0.740954 0
    outer loop
      vertex 13.7886 13.7886 6.89311
      vertex 12.3707 15.0737 -12.5
      vertex 12.3707 15.0737 7.63508
    endloop
  endfacet
  facet normal -0.0490689 0.998795 0
    outer loop
      vertex 0 19.5 -12.5
      vertex -1.91133 19.4061 10.1364
      vertex 0 19.5 10.1906
    endloop
  endfacet
  facet normal -0.0490689 0.998795 0
    outer loop
      vertex -1.91133 19.4061 10.1364
      vertex 0 19.5 -12.5
      vertex -1.91133 19.4061 -12.5
    endloop
  endfacet
  facet normal -0.740954 -0.671556 0
    outer loop
      vertex -13.7886 -13.7886 -12.5
      vertex -15.0737 -12.3707 12.5
      vertex -15.0737 -12.3707 -12.5
    endloop
  endfacet
  facet normal -0.740954 -0.671556 0
    outer loop
      vertex -15.0737 -12.3707 12.5
      vertex -13.7886 -13.7886 -12.5
      vertex -13.7886 -13.7886 12.5
    endloop
  endfacet
  facet normal -0.595702 -0.803205 0
    outer loop
      vertex -12.3707 -15.0737 -12.5
      vertex -10.8336 -16.2137 12.5
      vertex -12.3707 -15.0737 12.5
    endloop
  endfacet
  facet normal -0.595702 -0.803205 -0
    outer loop
      vertex -10.8336 -16.2137 12.5
      vertex -12.3707 -15.0737 -12.5
      vertex -10.8336 -16.2137 -12.5
    endloop
  endfacet
  facet normal -0.989176 -0.146736 0
    outer loop
      vertex -19.1253 -3.80426 -12.5
      vertex -19.4061 -1.91133 12.5
      vertex -19.4061 -1.91133 -12.5
    endloop
  endfacet
  facet normal -0.989176 -0.146736 0
    outer loop
      vertex -19.4061 -1.91133 12.5
      vertex -19.1253 -3.80426 -12.5
      vertex -19.1253 -3.80426 12.5
    endloop
  endfacet
  facet normal -0.803205 -0.595702 0
    outer loop
      vertex -15.0737 -12.3707 -12.5
      vertex -16.2137 -10.8336 12.5
      vertex -16.2137 -10.8336 -12.5
    endloop
  endfacet
  facet normal -0.803205 -0.595702 0
    outer loop
      vertex -16.2137 -10.8336 12.5
      vertex -15.0737 -12.3707 -12.5
      vertex -15.0737 -12.3707 12.5
    endloop
  endfacet
  facet normal -0.998795 -0.0490689 0
    outer loop
      vertex -19.4061 -1.91133 -12.5
      vertex -19.5 0 12.5
      vertex -19.5 0 -12.5
    endloop
  endfacet
  facet normal -0.998795 -0.0490689 0
    outer loop
      vertex -19.5 0 12.5
      vertex -19.4061 -1.91133 -12.5
      vertex -19.4061 -1.91133 12.5
    endloop
  endfacet
  facet normal -0.970028 0.242992 0
    outer loop
      vertex -19.1253 3.80426 -12.5
      vertex -18.6603 5.66055 12.5
      vertex -18.6603 5.66055 -12.5
    endloop
  endfacet
  facet normal -0.970028 0.242992 0
    outer loop
      vertex -18.6603 5.66055 12.5
      vertex -19.1253 3.80426 -12.5
      vertex -19.1253 3.80426 12.5
    endloop
  endfacet
  facet normal -0.803205 0.595702 0
    outer loop
      vertex -16.2137 10.8336 -12.5
      vertex -15.0737 12.3707 12.5
      vertex -15.0737 12.3707 -12.5
    endloop
  endfacet
  facet normal -0.803205 0.595702 0
    outer loop
      vertex -15.0737 12.3707 12.5
      vertex -16.2137 10.8336 -12.5
      vertex -16.2137 10.8336 12.5
    endloop
  endfacet
  facet normal -0.427561 -0.903987 0
    outer loop
      vertex -9.19224 -17.1975 -12.5
      vertex -7.46233 -18.0157 12.5
      vertex -9.19224 -17.1975 12.5
    endloop
  endfacet
  facet normal -0.427561 -0.903987 -0
    outer loop
      vertex -7.46233 -18.0157 12.5
      vertex -9.19224 -17.1975 -12.5
      vertex -7.46233 -18.0157 -12.5
    endloop
  endfacet
  facet normal -0.0490689 -0.998795 0
    outer loop
      vertex -1.91133 -19.4061 -12.5
      vertex 0 -19.5 12.5
      vertex -1.91133 -19.4061 12.5
    endloop
  endfacet
  facet normal -0.0490689 -0.998795 -0
    outer loop
      vertex 0 -19.5 12.5
      vertex -1.91133 -19.4061 -12.5
      vertex 0 -19.5 -12.5
    endloop
  endfacet
  facet normal -0.146736 -0.989176 0
    outer loop
      vertex -3.80426 -19.1253 -12.5
      vertex -1.91133 -19.4061 12.5
      vertex -3.80426 -19.1253 12.5
    endloop
  endfacet
  facet normal -0.146736 -0.989176 -0
    outer loop
      vertex -1.91133 -19.4061 12.5
      vertex -3.80426 -19.1253 -12.5
      vertex -1.91133 -19.4061 -12.5
    endloop
  endfacet
  facet normal -0.903987 -0.427561 0
    outer loop
      vertex -17.1975 -9.19224 -12.5
      vertex -18.0157 -7.46233 12.5
      vertex -18.0157 -7.46233 -12.5
    endloop
  endfacet
  facet normal -0.903987 -0.427561 0
    outer loop
      vertex -18.0157 -7.46233 12.5
      vertex -17.1975 -9.19224 -12.5
      vertex -17.1975 -9.19224 12.5
    endloop
  endfacet
  facet normal -0.989176 0.146736 0
    outer loop
      vertex -19.4061 1.91133 -12.5
      vertex -19.1253 3.80426 12.5
      vertex -19.1253 3.80426 -12.5
    endloop
  endfacet
  facet normal -0.989176 0.146736 0
    outer loop
      vertex -19.1253 3.80426 12.5
      vertex -19.4061 1.91133 -12.5
      vertex -19.4061 1.91133 12.5
    endloop
  endfacet
  facet normal -0.336849 -0.941559 0
    outer loop
      vertex -7.46233 -18.0157 -12.5
      vertex -5.66055 -18.6603 12.5
      vertex -7.46233 -18.0157 12.5
    endloop
  endfacet
  facet normal -0.336849 -0.941559 -0
    outer loop
      vertex -5.66055 -18.6603 12.5
      vertex -7.46233 -18.0157 -12.5
      vertex -5.66055 -18.6603 -12.5
    endloop
  endfacet
  facet normal -0.998794 -0.0490973 0
    outer loop
      vertex 16.5 0 -12.5
      vertex 16.4205 1.61728 12.5
      vertex 16.4205 1.61728 -12.5
    endloop
  endfacet
  facet normal -0.998794 -0.0490973 0
    outer loop
      vertex 16.4205 1.61728 12.5
      vertex 16.5 0 -12.5
      vertex 16.5 0 12.5
    endloop
  endfacet
  facet normal 0.336903 -0.941539 0
    outer loop
      vertex -5.59884 15.5 12.5
      vertex -6.31428 15.244 12.5
      vertex -6.31428 15.244 12.3522
    endloop
  endfacet
  facet normal 0.336888 -0.941545 0
    outer loop
      vertex -4.7897 15.7895 -12.5
      vertex -6.31428 15.244 7.7334
      vertex -6.31428 15.244 -12.5
    endloop
  endfacet
  facet normal 0.336888 -0.941545 0
    outer loop
      vertex -6.31428 15.244 7.7334
      vertex -4.7897 15.7895 -12.5
      vertex -4.7897 15.7895 8.04835
    endloop
  endfacet
  facet normal 0.0490973 -0.998794 0
    outer loop
      vertex 0 16.5 -12.5
      vertex -1.61728 16.4205 8.41268
      vertex -1.61728 16.4205 -12.5
    endloop
  endfacet
  facet normal 0.0490973 -0.998794 0
    outer loop
      vertex -1.61728 16.4205 8.41268
      vertex 0 16.5 -12.5
      vertex 0 16.5 8.45855
    endloop
  endfacet
  facet normal 0.989185 -0.146675 0
    outer loop
      vertex -16.4205 1.61728 12.5
      vertex -16.183 3.21899 -12.5
      vertex -16.183 3.21899 12.5
    endloop
  endfacet
  facet normal 0.989185 -0.146675 0
    outer loop
      vertex -16.183 3.21899 -12.5
      vertex -16.4205 1.61728 12.5
      vertex -16.4205 1.61728 -12.5
    endloop
  endfacet
  facet normal -0.989185 -0.146675 0
    outer loop
      vertex 16.4205 1.61728 -12.5
      vertex 16.183 3.21899 12.5
      vertex 16.183 3.21899 -12.5
    endloop
  endfacet
  facet normal -0.989185 -0.146675 0
    outer loop
      vertex 16.183 3.21899 12.5
      vertex 16.4205 1.61728 -12.5
      vertex 16.4205 1.61728 12.5
    endloop
  endfacet
  facet normal 0.903997 0.427538 0
    outer loop
      vertex -15.244 -6.31428 12.5
      vertex -15 -6.8302 -0.392345
      vertex -15.244 -6.31428 -12.5
    endloop
  endfacet
  facet normal 0.903992 0.427549 -5.52605e-07
    outer loop
      vertex -14.5517 -7.77805 12.5
      vertex -15 -6.8302 -0.392345
      vertex -15.244 -6.31428 12.5
    endloop
  endfacet
  facet normal 0.903985 0.427563 6.98415e-07
    outer loop
      vertex -15 -6.8302 -0.392345
      vertex -14.5517 -7.77805 12.5
      vertex -14.7947 -7.26426 -0.642949
    endloop
  endfacet
  facet normal 0.903997 0.427538 -0
    outer loop
      vertex -15 -6.8302 -1.39476
      vertex -15.244 -6.31428 -12.5
      vertex -15 -6.8302 -0.392345
    endloop
  endfacet
  facet normal 0.903986 0.427562 -7.36365e-07
    outer loop
      vertex -14.5517 -7.77805 -12.5
      vertex -15 -6.8302 -1.39476
      vertex -14.7947 -7.26426 -0.642949
    endloop
  endfacet
  facet normal 0.903992 0.427549 6.41533e-07
    outer loop
      vertex -15 -6.8302 -1.39476
      vertex -14.5517 -7.77805 -12.5
      vertex -15.244 -6.31428 -12.5
    endloop
  endfacet
  facet normal 0.903992 0.427549 -0
    outer loop
      vertex -14.5517 -7.77805 -12.5
      vertex -14.7947 -7.26426 -0.642949
      vertex -14.5517 -7.77805 12.5
    endloop
  endfacet
  facet normal 0.243014 0.970023 -0
    outer loop
      vertex -3.21899 -16.183 -12.5
      vertex -4.7897 -15.7895 12.5
      vertex -3.21899 -16.183 12.5
    endloop
  endfacet
  facet normal 0.243014 0.970023 0
    outer loop
      vertex -4.7897 -15.7895 12.5
      vertex -3.21899 -16.183 -12.5
      vertex -4.7897 -15.7895 -12.5
    endloop
  endfacet
  facet normal 0.671547 0.740962 -0
    outer loop
      vertex -10.4675 -12.7547 -12.5
      vertex -11.6673 -11.6673 12.5
      vertex -10.4675 -12.7547 12.5
    endloop
  endfacet
  facet normal 0.671547 0.740962 0
    outer loop
      vertex -11.6673 -11.6673 12.5
      vertex -10.4675 -12.7547 -12.5
      vertex -11.6673 -11.6673 -12.5
    endloop
  endfacet
  facet normal -0.595666 -0.803232 0
    outer loop
      vertex 9.16691 13.7192 11.4719
      vertex 10.4675 12.7547 12.5
      vertex 9.16691 13.7192 12.5
    endloop
  endfacet
  facet normal -0.595666 -0.803232 -0
    outer loop
      vertex 10.4675 12.7547 12.5
      vertex 9.16691 13.7192 11.4719
      vertex 10.4675 12.7547 10.915
    endloop
  endfacet
  facet normal -0.595666 -0.803232 0
    outer loop
      vertex 9.16691 13.7192 -12.5
      vertex 10.4675 12.7547 6.29618
      vertex 9.16691 13.7192 6.85308
    endloop
  endfacet
  facet normal -0.595666 -0.803232 -0
    outer loop
      vertex 10.4675 12.7547 6.29618
      vertex 9.16691 13.7192 -12.5
      vertex 10.4675 12.7547 -12.5
    endloop
  endfacet
  facet normal 0.998794 -0.0490973 0
    outer loop
      vertex -16.5 0 12.5
      vertex -16.4205 1.61728 -12.5
      vertex -16.4205 1.61728 12.5
    endloop
  endfacet
  facet normal 0.998794 -0.0490973 0
    outer loop
      vertex -16.4205 1.61728 -12.5
      vertex -16.5 0 12.5
      vertex -16.5 0 -12.5
    endloop
  endfacet
  facet normal -0.970023 -0.243014 0
    outer loop
      vertex 16.183 3.21899 -12.5
      vertex 15.7895 4.7897 12.5
      vertex 15.7895 4.7897 -12.5
    endloop
  endfacet
  facet normal -0.970023 -0.243014 0
    outer loop
      vertex 15.7895 4.7897 12.5
      vertex 16.183 3.21899 -12.5
      vertex 16.183 3.21899 12.5
    endloop
  endfacet
  facet normal -0.0490973 -0.998794 0
    outer loop
      vertex 0 16.5 -12.5
      vertex 1.61728 16.4205 8.41268
      vertex 0 16.5 8.45855
    endloop
  endfacet
  facet normal -0.0490973 -0.998794 -0
    outer loop
      vertex 1.61728 16.4205 8.41268
      vertex 0 16.5 -12.5
      vertex 1.61728 16.4205 -12.5
    endloop
  endfacet
  facet normal -0.671547 -0.740962 0
    outer loop
      vertex 10.4675 12.7547 10.915
      vertex 11.6673 11.6673 12.5
      vertex 10.4675 12.7547 12.5
    endloop
  endfacet
  facet normal -0.671547 -0.740962 -0
    outer loop
      vertex 11.6673 11.6673 12.5
      vertex 10.4675 12.7547 10.915
      vertex 11.6673 11.6673 10.2872
    endloop
  endfacet
  facet normal -0.671547 -0.740962 0
    outer loop
      vertex 10.4675 12.7547 -12.5
      vertex 11.6673 11.6673 5.66837
      vertex 10.4675 12.7547 6.29618
    endloop
  endfacet
  facet normal -0.671547 -0.740962 -0
    outer loop
      vertex 11.6673 11.6673 5.66837
      vertex 10.4675 12.7547 -12.5
      vertex 11.6673 11.6673 -12.5
    endloop
  endfacet
  facet normal -0.941545 -0.336888 0
    outer loop
      vertex 15.7895 4.7897 -12.5
      vertex 15.244 6.31428 12.5
      vertex 15.244 6.31428 -12.5
    endloop
  endfacet
  facet normal -0.941545 -0.336888 0
    outer loop
      vertex 15.244 6.31428 12.5
      vertex 15.7895 4.7897 -12.5
      vertex 15.7895 4.7897 12.5
    endloop
  endfacet
  facet normal 0.595666 0.803232 -0
    outer loop
      vertex -9.16691 -13.7192 -12.5
      vertex -10.4675 -12.7547 12.5
      vertex -9.16691 -13.7192 12.5
    endloop
  endfacet
  facet normal 0.595666 0.803232 0
    outer loop
      vertex -10.4675 -12.7547 12.5
      vertex -9.16691 -13.7192 -12.5
      vertex -10.4675 -12.7547 -12.5
    endloop
  endfacet
  facet normal 0.989185 0.146675 0
    outer loop
      vertex -16.183 -3.21899 12.5
      vertex -16.4205 -1.61728 -12.5
      vertex -16.4205 -1.61728 12.5
    endloop
  endfacet
  facet normal 0.989185 0.146675 0
    outer loop
      vertex -16.4205 -1.61728 -12.5
      vertex -16.183 -3.21899 12.5
      vertex -16.183 -3.21899 -12.5
    endloop
  endfacet
  facet normal 0.740962 -0.671547 0
    outer loop
      vertex -12.7547 10.4675 12.5
      vertex -11.6673 11.6673 10.2872
      vertex -11.6673 11.6673 12.5
    endloop
  endfacet
  facet normal 0.740962 -0.671547 0
    outer loop
      vertex -11.6673 11.6673 10.2872
      vertex -12.7547 10.4675 12.5
      vertex -12.7547 10.4675 9.59448
    endloop
  endfacet
  facet normal 0.740962 -0.671547 0
    outer loop
      vertex -12.7547 10.4675 4.97568
      vertex -11.6673 11.6673 -12.5
      vertex -11.6673 11.6673 5.66837
    endloop
  endfacet
  facet normal 0.740962 -0.671547 0
    outer loop
      vertex -11.6673 11.6673 -12.5
      vertex -12.7547 10.4675 4.97568
      vertex -12.7547 10.4675 -12.5
    endloop
  endfacet
  facet normal -0.803232 -0.595666 -0
    outer loop
      vertex 13.7192 9.16691 12.5
      vertex 12.7547 10.4675 9.59448
      vertex 13.7192 9.16691 8.84359
    endloop
  endfacet
  facet normal -0.803232 -0.595666 0
    outer loop
      vertex 12.7547 10.4675 9.59448
      vertex 13.7192 9.16691 12.5
      vertex 12.7547 10.4675 12.5
    endloop
  endfacet
  facet normal -0.803232 -0.595666 -0
    outer loop
      vertex 13.7192 9.16691 4.22479
      vertex 12.7547 10.4675 -12.5
      vertex 13.7192 9.16691 -12.5
    endloop
  endfacet
  facet normal -0.803232 -0.595666 0
    outer loop
      vertex 12.7547 10.4675 -12.5
      vertex 13.7192 9.16691 4.22479
      vertex 12.7547 10.4675 4.97568
    endloop
  endfacet
  facet normal 0.427549 -0.903992 0
    outer loop
      vertex -7.77805 14.5517 12.5
      vertex -6.31428 15.244 12.3522
      vertex -6.31428 15.244 12.5
    endloop
  endfacet
  facet normal 0.427549 -0.903992 0
    outer loop
      vertex -6.31428 15.244 12.3522
      vertex -7.77805 14.5517 12.5
      vertex -7.77805 14.5517 11.9525
    endloop
  endfacet
  facet normal 0.427549 -0.903992 0
    outer loop
      vertex -6.31428 15.244 -12.5
      vertex -7.77805 14.5517 7.3337
      vertex -7.77805 14.5517 -12.5
    endloop
  endfacet
  facet normal 0.427549 -0.903992 0
    outer loop
      vertex -7.77805 14.5517 7.3337
      vertex -6.31428 15.244 -12.5
      vertex -6.31428 15.244 7.7334
    endloop
  endfacet
  facet normal 0.427549 0.903992 -0
    outer loop
      vertex -6.31428 -15.244 -12.5
      vertex -7.77805 -14.5517 12.5
      vertex -6.31428 -15.244 12.5
    endloop
  endfacet
  facet normal 0.427549 0.903992 0
    outer loop
      vertex -7.77805 -14.5517 12.5
      vertex -6.31428 -15.244 -12.5
      vertex -7.77805 -14.5517 -12.5
    endloop
  endfacet
  facet normal 0.336888 0.941545 -0
    outer loop
      vertex -4.7897 -15.7895 -12.5
      vertex -6.31428 -15.244 12.5
      vertex -4.7897 -15.7895 12.5
    endloop
  endfacet
  facet normal 0.336888 0.941545 0
    outer loop
      vertex -6.31428 -15.244 12.5
      vertex -4.7897 -15.7895 -12.5
      vertex -6.31428 -15.244 -12.5
    endloop
  endfacet
  facet normal -0.903989 -0.427555 0
    outer loop
      vertex 14.5517 7.77805 -12.5
      vertex 15 6.8302 2.87568
      vertex 14.5517 7.77805 3.42293
    endloop
  endfacet
  facet normal -0.903997 -0.427538 -0
    outer loop
      vertex 15.244 6.31428 12.5
      vertex 15 6.8302 2.87568
      vertex 15.244 6.31428 -12.5
    endloop
  endfacet
  facet normal -0.903992 -0.427549 4.63354e-07
    outer loop
      vertex 15.244 6.31428 -12.5
      vertex 15 6.8302 2.87568
      vertex 14.5517 7.77805 -12.5
    endloop
  endfacet
  facet normal -0.90399 -0.427554 -2.07456e-06
    outer loop
      vertex 15.244 6.31428 12.5
      vertex 14.5517 7.77805 8.04173
      vertex 15 6.8302 7.49449
    endloop
  endfacet
  facet normal -0.903992 -0.427549 0
    outer loop
      vertex 14.5517 7.77805 8.04173
      vertex 15.244 6.31428 12.5
      vertex 14.5517 7.77805 12.5
    endloop
  endfacet
  facet normal -0.903997 -0.427538 0
    outer loop
      vertex 15 6.8302 2.87568
      vertex 15.244 6.31428 12.5
      vertex 15 6.8302 7.49449
    endloop
  endfacet
  facet normal 0.857715 -0.514125 0
    outer loop
      vertex -14.5517 7.77805 12.5
      vertex -13.7192 9.16691 8.84359
      vertex -13.7192 9.16691 12.5
    endloop
  endfacet
  facet normal 0.857715 -0.514125 0
    outer loop
      vertex -13.7192 9.16691 8.84359
      vertex -14.5517 7.77805 12.5
      vertex -14.5517 7.77805 8.04173
    endloop
  endfacet
  facet normal 0.857715 -0.514125 0
    outer loop
      vertex -14.5517 7.77805 3.42293
      vertex -13.7192 9.16691 -12.5
      vertex -13.7192 9.16691 4.22479
    endloop
  endfacet
  facet normal 0.857715 -0.514125 0
    outer loop
      vertex -13.7192 9.16691 -12.5
      vertex -14.5517 7.77805 3.42293
      vertex -14.5517 7.77805 -12.5
    endloop
  endfacet
  facet normal -0.336903 -0.941539 0
    outer loop
      vertex 6.31428 15.244 12.3522
      vertex 6.31428 15.244 12.5
      vertex 5.59884 15.5 12.5
    endloop
  endfacet
  facet normal -0.336888 -0.941545 0
    outer loop
      vertex 4.7897 15.7895 -12.5
      vertex 6.31428 15.244 7.7334
      vertex 4.7897 15.7895 8.04835
    endloop
  endfacet
  facet normal -0.336888 -0.941545 -0
    outer loop
      vertex 6.31428 15.244 7.7334
      vertex 4.7897 15.7895 -12.5
      vertex 6.31428 15.244 -12.5
    endloop
  endfacet
  facet normal -0.146675 -0.989185 0
    outer loop
      vertex 1.61728 16.4205 -12.5
      vertex 3.21899 16.183 8.2755
      vertex 1.61728 16.4205 8.41268
    endloop
  endfacet
  facet normal -0.146675 -0.989185 -0
    outer loop
      vertex 3.21899 16.183 8.2755
      vertex 1.61728 16.4205 -12.5
      vertex 3.21899 16.183 -12.5
    endloop
  endfacet
  facet normal 0.857715 0.514125 0
    outer loop
      vertex -13.7192 -9.16691 12.5
      vertex -14.5517 -7.77805 -12.5
      vertex -14.5517 -7.77805 12.5
    endloop
  endfacet
  facet normal 0.857715 0.514125 0
    outer loop
      vertex -14.5517 -7.77805 -12.5
      vertex -13.7192 -9.16691 12.5
      vertex -13.7192 -9.16691 -12.5
    endloop
  endfacet
  facet normal -0.427549 -0.903992 0
    outer loop
      vertex 6.31428 15.244 12.3522
      vertex 7.77805 14.5517 12.5
      vertex 6.31428 15.244 12.5
    endloop
  endfacet
  facet normal -0.427549 -0.903992 -0
    outer loop
      vertex 7.77805 14.5517 12.5
      vertex 6.31428 15.244 12.3522
      vertex 7.77805 14.5517 11.9525
    endloop
  endfacet
  facet normal -0.427549 -0.903992 0
    outer loop
      vertex 6.31428 15.244 -12.5
      vertex 7.77805 14.5517 7.3337
      vertex 6.31428 15.244 7.7334
    endloop
  endfacet
  facet normal -0.427549 -0.903992 -0
    outer loop
      vertex 7.77805 14.5517 7.3337
      vertex 6.31428 15.244 -12.5
      vertex 7.77805 14.5517 -12.5
    endloop
  endfacet
  facet normal -0.857715 -0.514125 -0
    outer loop
      vertex 14.5517 7.77805 12.5
      vertex 13.7192 9.16691 8.84359
      vertex 14.5517 7.77805 8.04173
    endloop
  endfacet
  facet normal -0.857715 -0.514125 0
    outer loop
      vertex 13.7192 9.16691 8.84359
      vertex 14.5517 7.77805 12.5
      vertex 13.7192 9.16691 12.5
    endloop
  endfacet
  facet normal -0.857715 -0.514125 -0
    outer loop
      vertex 14.5517 7.77805 3.42293
      vertex 13.7192 9.16691 -12.5
      vertex 14.5517 7.77805 -12.5
    endloop
  endfacet
  facet normal -0.857715 -0.514125 0
    outer loop
      vertex 13.7192 9.16691 -12.5
      vertex 14.5517 7.77805 3.42293
      vertex 13.7192 9.16691 4.22479
    endloop
  endfacet
  facet normal 0.0490973 0.998794 -0
    outer loop
      vertex 0 -16.5 -12.5
      vertex -1.61728 -16.4205 12.5
      vertex 0 -16.5 12.5
    endloop
  endfacet
  facet normal 0.0490973 0.998794 0
    outer loop
      vertex -1.61728 -16.4205 12.5
      vertex 0 -16.5 -12.5
      vertex -1.61728 -16.4205 -12.5
    endloop
  endfacet
  facet normal -0.740962 -0.671547 -0
    outer loop
      vertex 12.7547 10.4675 12.5
      vertex 11.6673 11.6673 10.2872
      vertex 12.7547 10.4675 9.59448
    endloop
  endfacet
  facet normal -0.740962 -0.671547 0
    outer loop
      vertex 11.6673 11.6673 10.2872
      vertex 12.7547 10.4675 12.5
      vertex 11.6673 11.6673 12.5
    endloop
  endfacet
  facet normal -0.740962 -0.671547 -0
    outer loop
      vertex 12.7547 10.4675 4.97568
      vertex 11.6673 11.6673 -12.5
      vertex 12.7547 10.4675 -12.5
    endloop
  endfacet
  facet normal -0.740962 -0.671547 0
    outer loop
      vertex 11.6673 11.6673 -12.5
      vertex 12.7547 10.4675 4.97568
      vertex 11.6673 11.6673 5.66837
    endloop
  endfacet
  facet normal 0.514125 -0.857715 0
    outer loop
      vertex -9.16691 13.7192 12.5
      vertex -7.77805 14.5517 11.9525
      vertex -7.77805 14.5517 12.5
    endloop
  endfacet
  facet normal 0.514125 -0.857715 0
    outer loop
      vertex -7.77805 14.5517 11.9525
      vertex -9.16691 13.7192 12.5
      vertex -9.16691 13.7192 11.4719
    endloop
  endfacet
  facet normal 0.514125 -0.857715 0
    outer loop
      vertex -7.77805 14.5517 -12.5
      vertex -9.16691 13.7192 6.85308
      vertex -9.16691 13.7192 -12.5
    endloop
  endfacet
  facet normal 0.514125 -0.857715 0
    outer loop
      vertex -9.16691 13.7192 6.85308
      vertex -7.77805 14.5517 -12.5
      vertex -7.77805 14.5517 7.3337
    endloop
  endfacet
  facet normal -0.243014 -0.970023 0
    outer loop
      vertex 3.21899 16.183 -12.5
      vertex 4.7897 15.7895 8.04835
      vertex 3.21899 16.183 8.2755
    endloop
  endfacet
  facet normal -0.243014 -0.970023 -0
    outer loop
      vertex 4.7897 15.7895 8.04835
      vertex 3.21899 16.183 -12.5
      vertex 4.7897 15.7895 -12.5
    endloop
  endfacet
  facet normal 0.941545 0.336888 0
    outer loop
      vertex -15.244 -6.31428 12.5
      vertex -15.7895 -4.7897 -12.5
      vertex -15.7895 -4.7897 12.5
    endloop
  endfacet
  facet normal 0.941545 0.336888 0
    outer loop
      vertex -15.7895 -4.7897 -12.5
      vertex -15.244 -6.31428 12.5
      vertex -15.244 -6.31428 -12.5
    endloop
  endfacet
  facet normal 0.243014 -0.970023 0
    outer loop
      vertex -3.21899 16.183 -12.5
      vertex -4.7897 15.7895 8.04835
      vertex -4.7897 15.7895 -12.5
    endloop
  endfacet
  facet normal 0.243014 -0.970023 0
    outer loop
      vertex -4.7897 15.7895 8.04835
      vertex -3.21899 16.183 -12.5
      vertex -3.21899 16.183 8.2755
    endloop
  endfacet
  facet normal 0.970023 -0.243014 0
    outer loop
      vertex -16.183 3.21899 12.5
      vertex -15.7895 4.7897 -12.5
      vertex -15.7895 4.7897 12.5
    endloop
  endfacet
  facet normal 0.970023 -0.243014 0
    outer loop
      vertex -15.7895 4.7897 -12.5
      vertex -16.183 3.21899 12.5
      vertex -16.183 3.21899 -12.5
    endloop
  endfacet
  facet normal 0.941545 -0.336888 0
    outer loop
      vertex -15.7895 4.7897 12.5
      vertex -15.244 6.31428 -12.5
      vertex -15.244 6.31428 12.5
    endloop
  endfacet
  facet normal 0.941545 -0.336888 0
    outer loop
      vertex -15.244 6.31428 -12.5
      vertex -15.7895 4.7897 12.5
      vertex -15.7895 4.7897 -12.5
    endloop
  endfacet
  facet normal 0.595666 -0.803232 0
    outer loop
      vertex -10.4675 12.7547 12.5
      vertex -9.16691 13.7192 11.4719
      vertex -9.16691 13.7192 12.5
    endloop
  endfacet
  facet normal 0.595666 -0.803232 0
    outer loop
      vertex -9.16691 13.7192 11.4719
      vertex -10.4675 12.7547 12.5
      vertex -10.4675 12.7547 10.915
    endloop
  endfacet
  facet normal 0.595666 -0.803232 0
    outer loop
      vertex -9.16691 13.7192 -12.5
      vertex -10.4675 12.7547 6.29618
      vertex -10.4675 12.7547 -12.5
    endloop
  endfacet
  facet normal 0.595666 -0.803232 0
    outer loop
      vertex -10.4675 12.7547 6.29618
      vertex -9.16691 13.7192 -12.5
      vertex -9.16691 13.7192 6.85308
    endloop
  endfacet
  facet normal 0.146675 -0.989185 0
    outer loop
      vertex -1.61728 16.4205 -12.5
      vertex -3.21899 16.183 8.2755
      vertex -3.21899 16.183 -12.5
    endloop
  endfacet
  facet normal 0.146675 -0.989185 0
    outer loop
      vertex -3.21899 16.183 8.2755
      vertex -1.61728 16.4205 -12.5
      vertex -1.61728 16.4205 8.41268
    endloop
  endfacet
  facet normal 0.740962 0.671547 0
    outer loop
      vertex -11.6673 -11.6673 12.5
      vertex -12.7547 -10.4675 -12.5
      vertex -12.7547 -10.4675 12.5
    endloop
  endfacet
  facet normal 0.740962 0.671547 0
    outer loop
      vertex -12.7547 -10.4675 -12.5
      vertex -11.6673 -11.6673 12.5
      vertex -11.6673 -11.6673 -12.5
    endloop
  endfacet
  facet normal 0.671547 -0.740962 0
    outer loop
      vertex -11.6673 11.6673 12.5
      vertex -10.4675 12.7547 10.915
      vertex -10.4675 12.7547 12.5
    endloop
  endfacet
  facet normal 0.671547 -0.740962 0
    outer loop
      vertex -10.4675 12.7547 10.915
      vertex -11.6673 11.6673 12.5
      vertex -11.6673 11.6673 10.2872
    endloop
  endfacet
  facet normal 0.671547 -0.740962 0
    outer loop
      vertex -10.4675 12.7547 -12.5
      vertex -11.6673 11.6673 5.66837
      vertex -11.6673 11.6673 -12.5
    endloop
  endfacet
  facet normal 0.671547 -0.740962 0
    outer loop
      vertex -11.6673 11.6673 5.66837
      vertex -10.4675 12.7547 -12.5
      vertex -10.4675 12.7547 6.29618
    endloop
  endfacet
  facet normal 0.970023 0.243014 0
    outer loop
      vertex -15.7895 -4.7897 12.5
      vertex -16.183 -3.21899 -12.5
      vertex -16.183 -3.21899 12.5
    endloop
  endfacet
  facet normal 0.970023 0.243014 0
    outer loop
      vertex -16.183 -3.21899 -12.5
      vertex -15.7895 -4.7897 12.5
      vertex -15.7895 -4.7897 -12.5
    endloop
  endfacet
  facet normal -0.514125 -0.857715 0
    outer loop
      vertex 7.77805 14.5517 11.9525
      vertex 9.16691 13.7192 12.5
      vertex 7.77805 14.5517 12.5
    endloop
  endfacet
  facet normal -0.514125 -0.857715 -0
    outer loop
      vertex 9.16691 13.7192 12.5
      vertex 7.77805 14.5517 11.9525
      vertex 9.16691 13.7192 11.4719
    endloop
  endfacet
  facet normal -0.514125 -0.857715 0
    outer loop
      vertex 7.77805 14.5517 -12.5
      vertex 9.16691 13.7192 6.85308
      vertex 7.77805 14.5517 7.3337
    endloop
  endfacet
  facet normal -0.514125 -0.857715 -0
    outer loop
      vertex 9.16691 13.7192 6.85308
      vertex 7.77805 14.5517 -12.5
      vertex 9.16691 13.7192 -12.5
    endloop
  endfacet
  facet normal 0.514125 0.857715 -0
    outer loop
      vertex -7.77805 -14.5517 -12.5
      vertex -9.16691 -13.7192 12.5
      vertex -7.77805 -14.5517 12.5
    endloop
  endfacet
  facet normal 0.514125 0.857715 0
    outer loop
      vertex -9.16691 -13.7192 12.5
      vertex -7.77805 -14.5517 -12.5
      vertex -9.16691 -13.7192 -12.5
    endloop
  endfacet
  facet normal 0.146675 0.989185 -0
    outer loop
      vertex -1.61728 -16.4205 -12.5
      vertex -3.21899 -16.183 12.5
      vertex -1.61728 -16.4205 12.5
    endloop
  endfacet
  facet normal 0.146675 0.989185 0
    outer loop
      vertex -3.21899 -16.183 12.5
      vertex -1.61728 -16.4205 -12.5
      vertex -3.21899 -16.183 -12.5
    endloop
  endfacet
  facet normal 0.803232 0.595666 0
    outer loop
      vertex -12.7547 -10.4675 12.5
      vertex -13.7192 -9.16691 -12.5
      vertex -13.7192 -9.16691 12.5
    endloop
  endfacet
  facet normal 0.803232 0.595666 0
    outer loop
      vertex -13.7192 -9.16691 -12.5
      vertex -12.7547 -10.4675 12.5
      vertex -12.7547 -10.4675 -12.5
    endloop
  endfacet
  facet normal 0.998794 0.0490973 0
    outer loop
      vertex -16.4205 -1.61728 12.5
      vertex -16.5 0 -12.5
      vertex -16.5 0 12.5
    endloop
  endfacet
  facet normal 0.998794 0.0490973 0
    outer loop
      vertex -16.5 0 -12.5
      vertex -16.4205 -1.61728 12.5
      vertex -16.4205 -1.61728 -12.5
    endloop
  endfacet
  facet normal 0.903992 -0.427549 0
    outer loop
      vertex -15.244 6.31428 12.5
      vertex -14.5517 7.77805 8.04173
      vertex -14.5517 7.77805 12.5
    endloop
  endfacet
  facet normal 0.903997 -0.427538 0
    outer loop
      vertex -15 6.8302 7.49449
      vertex -15.244 6.31428 12.5
      vertex -15 6.8302 2.87568
    endloop
  endfacet
  facet normal 0.90399 -0.427554 -2.07456e-06
    outer loop
      vertex -14.5517 7.77805 8.04173
      vertex -15.244 6.31428 12.5
      vertex -15 6.8302 7.49449
    endloop
  endfacet
  facet normal 0.903989 -0.427555 0
    outer loop
      vertex -15 6.8302 2.87568
      vertex -14.5517 7.77805 -12.5
      vertex -14.5517 7.77805 3.42293
    endloop
  endfacet
  facet normal 0.903992 -0.427549 4.63354e-07
    outer loop
      vertex -15 6.8302 2.87568
      vertex -15.244 6.31428 -12.5
      vertex -14.5517 7.77805 -12.5
    endloop
  endfacet
  facet normal 0.903997 -0.427538 0
    outer loop
      vertex -15.244 6.31428 -12.5
      vertex -15 6.8302 2.87568
      vertex -15.244 6.31428 12.5
    endloop
  endfacet
  facet normal 0.803232 -0.595666 0
    outer loop
      vertex -13.7192 9.16691 12.5
      vertex -12.7547 10.4675 9.59448
      vertex -12.7547 10.4675 12.5
    endloop
  endfacet
  facet normal 0.803232 -0.595666 0
    outer loop
      vertex -12.7547 10.4675 9.59448
      vertex -13.7192 9.16691 12.5
      vertex -13.7192 9.16691 8.84359
    endloop
  endfacet
  facet normal 0.803232 -0.595666 0
    outer loop
      vertex -13.7192 9.16691 4.22479
      vertex -12.7547 10.4675 -12.5
      vertex -12.7547 10.4675 4.97568
    endloop
  endfacet
  facet normal 0.803232 -0.595666 0
    outer loop
      vertex -12.7547 10.4675 -12.5
      vertex -13.7192 9.16691 4.22479
      vertex -13.7192 9.16691 -12.5
    endloop
  endfacet
  facet normal 0.146736 -0.989176 0
    outer loop
      vertex 1.91133 -19.4061 -12.5
      vertex 3.80426 -19.1253 12.5
      vertex 1.91133 -19.4061 12.5
    endloop
  endfacet
  facet normal 0.146736 -0.989176 0
    outer loop
      vertex 3.80426 -19.1253 12.5
      vertex 1.91133 -19.4061 -12.5
      vertex 3.80426 -19.1253 -12.5
    endloop
  endfacet
  facet normal 0.427561 -0.903987 0
    outer loop
      vertex 7.46233 -18.0157 -12.5
      vertex 9.19224 -17.1975 12.5
      vertex 7.46233 -18.0157 12.5
    endloop
  endfacet
  facet normal 0.427561 -0.903987 0
    outer loop
      vertex 9.19224 -17.1975 12.5
      vertex 7.46233 -18.0157 -12.5
      vertex 9.19224 -17.1975 -12.5
    endloop
  endfacet
  facet normal 0.803205 -0.595702 0
    outer loop
      vertex 15.0737 -12.3707 12.5
      vertex 16.2137 -10.8336 -12.5
      vertex 16.2137 -10.8336 12.5
    endloop
  endfacet
  facet normal 0.803205 -0.595702 0
    outer loop
      vertex 16.2137 -10.8336 -12.5
      vertex 15.0737 -12.3707 12.5
      vertex 15.0737 -12.3707 -12.5
    endloop
  endfacet
  facet normal 0.336849 -0.941559 0
    outer loop
      vertex 5.66055 -18.6603 -12.5
      vertex 7.46233 -18.0157 12.5
      vertex 5.66055 -18.6603 12.5
    endloop
  endfacet
  facet normal 0.336849 -0.941559 0
    outer loop
      vertex 7.46233 -18.0157 12.5
      vertex 5.66055 -18.6603 -12.5
      vertex 7.46233 -18.0157 -12.5
    endloop
  endfacet
  facet normal 0.989176 -0.146736 0
    outer loop
      vertex 19.1253 -3.80426 12.5
      vertex 19.4061 -1.91133 -12.5
      vertex 19.4061 -1.91133 12.5
    endloop
  endfacet
  facet normal 0.989176 -0.146736 0
    outer loop
      vertex 19.4061 -1.91133 -12.5
      vertex 19.1253 -3.80426 12.5
      vertex 19.1253 -3.80426 -12.5
    endloop
  endfacet
  facet normal 0.671556 -0.740954 0
    outer loop
      vertex 12.3707 -15.0737 -12.5
      vertex 13.7886 -13.7886 12.5
      vertex 12.3707 -15.0737 12.5
    endloop
  endfacet
  facet normal 0.671556 -0.740954 0
    outer loop
      vertex 13.7886 -13.7886 12.5
      vertex 12.3707 -15.0737 -12.5
      vertex 13.7886 -13.7886 -12.5
    endloop
  endfacet
  facet normal 0.740954 -0.671556 0
    outer loop
      vertex 13.7886 -13.7886 12.5
      vertex 15.0737 -12.3707 -12.5
      vertex 15.0737 -12.3707 12.5
    endloop
  endfacet
  facet normal 0.740954 -0.671556 0
    outer loop
      vertex 15.0737 -12.3707 -12.5
      vertex 13.7886 -13.7886 12.5
      vertex 13.7886 -13.7886 -12.5
    endloop
  endfacet
  facet normal 0.970028 -0.242992 0
    outer loop
      vertex 18.6603 -5.66055 12.5
      vertex 19.1253 -3.80426 -12.5
      vertex 19.1253 -3.80426 12.5
    endloop
  endfacet
  facet normal 0.970028 -0.242992 0
    outer loop
      vertex 19.1253 -3.80426 -12.5
      vertex 18.6603 -5.66055 12.5
      vertex 18.6603 -5.66055 -12.5
    endloop
  endfacet
  facet normal 0.242992 -0.970028 0
    outer loop
      vertex 3.80426 -19.1253 -12.5
      vertex 5.66055 -18.6603 12.5
      vertex 3.80426 -19.1253 12.5
    endloop
  endfacet
  facet normal 0.242992 -0.970028 0
    outer loop
      vertex 5.66055 -18.6603 12.5
      vertex 3.80426 -19.1253 -12.5
      vertex 5.66055 -18.6603 -12.5
    endloop
  endfacet
  facet normal 0.998795 -0.0490689 0
    outer loop
      vertex 19.4061 -1.91133 12.5
      vertex 19.5 0 -12.5
      vertex 19.5 0 12.5
    endloop
  endfacet
  facet normal 0.998795 -0.0490689 0
    outer loop
      vertex 19.5 0 -12.5
      vertex 19.4061 -1.91133 12.5
      vertex 19.4061 -1.91133 -12.5
    endloop
  endfacet
  facet normal 0.903987 -0.427561 0
    outer loop
      vertex 17.1975 -9.19224 12.5
      vertex 18.0157 -7.46233 -12.5
      vertex 18.0157 -7.46233 12.5
    endloop
  endfacet
  facet normal 0.903987 -0.427561 0
    outer loop
      vertex 18.0157 -7.46233 -12.5
      vertex 17.1975 -9.19224 12.5
      vertex 17.1975 -9.19224 -12.5
    endloop
  endfacet
  facet normal 0.0490689 -0.998795 0
    outer loop
      vertex 0 -19.5 -12.5
      vertex 1.91133 -19.4061 12.5
      vertex 0 -19.5 12.5
    endloop
  endfacet
  facet normal 0.0490689 -0.998795 0
    outer loop
      vertex 1.91133 -19.4061 12.5
      vertex 0 -19.5 -12.5
      vertex 1.91133 -19.4061 -12.5
    endloop
  endfacet
  facet normal 0.857727 -0.514105 0
    outer loop
      vertex 16.2137 -10.8336 12.5
      vertex 17.1975 -9.19224 -12.5
      vertex 17.1975 -9.19224 12.5
    endloop
  endfacet
  facet normal 0.857727 -0.514105 0
    outer loop
      vertex 17.1975 -9.19224 -12.5
      vertex 16.2137 -10.8336 12.5
      vertex 16.2137 -10.8336 -12.5
    endloop
  endfacet
  facet normal 0.941559 -0.336849 0
    outer loop
      vertex 18.0157 -7.46233 12.5
      vertex 18.6603 -5.66055 -12.5
      vertex 18.6603 -5.66055 12.5
    endloop
  endfacet
  facet normal 0.941559 -0.336849 0
    outer loop
      vertex 18.6603 -5.66055 -12.5
      vertex 18.0157 -7.46233 12.5
      vertex 18.0157 -7.46233 -12.5
    endloop
  endfacet
  facet normal 0.595702 -0.803205 0
    outer loop
      vertex 10.8336 -16.2137 -12.5
      vertex 12.3707 -15.0737 12.5
      vertex 10.8336 -16.2137 12.5
    endloop
  endfacet
  facet normal 0.595702 -0.803205 0
    outer loop
      vertex 12.3707 -15.0737 12.5
      vertex 10.8336 -16.2137 -12.5
      vertex 12.3707 -15.0737 -12.5
    endloop
  endfacet
  facet normal 0.514105 -0.857727 0
    outer loop
      vertex 9.19224 -17.1975 -12.5
      vertex 10.8336 -16.2137 12.5
      vertex 9.19224 -17.1975 12.5
    endloop
  endfacet
  facet normal 0.514105 -0.857727 0
    outer loop
      vertex 10.8336 -16.2137 12.5
      vertex 9.19224 -17.1975 -12.5
      vertex 10.8336 -16.2137 -12.5
    endloop
  endfacet
  facet normal -0.336888 0.941545 0
    outer loop
      vertex 6.31428 -15.244 -12.5
      vertex 4.7897 -15.7895 12.5
      vertex 6.31428 -15.244 12.5
    endloop
  endfacet
  facet normal -0.336888 0.941545 0
    outer loop
      vertex 4.7897 -15.7895 12.5
      vertex 6.31428 -15.244 -12.5
      vertex 4.7897 -15.7895 -12.5
    endloop
  endfacet
  facet normal -0.514125 0.857715 0
    outer loop
      vertex 9.16691 -13.7192 -12.5
      vertex 7.77805 -14.5517 12.5
      vertex 9.16691 -13.7192 12.5
    endloop
  endfacet
  facet normal -0.514125 0.857715 0
    outer loop
      vertex 7.77805 -14.5517 12.5
      vertex 9.16691 -13.7192 -12.5
      vertex 7.77805 -14.5517 -12.5
    endloop
  endfacet
  facet normal -0.989185 0.146675 0
    outer loop
      vertex 16.183 -3.21899 -12.5
      vertex 16.4205 -1.61728 12.5
      vertex 16.4205 -1.61728 -12.5
    endloop
  endfacet
  facet normal -0.989185 0.146675 0
    outer loop
      vertex 16.4205 -1.61728 12.5
      vertex 16.183 -3.21899 -12.5
      vertex 16.183 -3.21899 12.5
    endloop
  endfacet
  facet normal -0.243014 0.970023 0
    outer loop
      vertex 4.7897 -15.7895 -12.5
      vertex 3.21899 -16.183 12.5
      vertex 4.7897 -15.7895 12.5
    endloop
  endfacet
  facet normal -0.243014 0.970023 0
    outer loop
      vertex 3.21899 -16.183 12.5
      vertex 4.7897 -15.7895 -12.5
      vertex 3.21899 -16.183 -12.5
    endloop
  endfacet
  facet normal -0.803232 0.595666 0
    outer loop
      vertex 12.7547 -10.4675 -12.5
      vertex 13.7192 -9.16691 12.5
      vertex 13.7192 -9.16691 -12.5
    endloop
  endfacet
  facet normal -0.803232 0.595666 0
    outer loop
      vertex 13.7192 -9.16691 12.5
      vertex 12.7547 -10.4675 -12.5
      vertex 12.7547 -10.4675 12.5
    endloop
  endfacet
  facet normal -0.595666 0.803232 0
    outer loop
      vertex 10.4675 -12.7547 -12.5
      vertex 9.16691 -13.7192 12.5
      vertex 10.4675 -12.7547 12.5
    endloop
  endfacet
  facet normal -0.595666 0.803232 0
    outer loop
      vertex 9.16691 -13.7192 12.5
      vertex 10.4675 -12.7547 -12.5
      vertex 9.16691 -13.7192 -12.5
    endloop
  endfacet
  facet normal -0.903997 0.427538 0
    outer loop
      vertex 15.244 -6.31428 -12.5
      vertex 15 -6.8302 -1.39476
      vertex 15.244 -6.31428 12.5
    endloop
  endfacet
  facet normal -0.903992 0.427549 6.41533e-07
    outer loop
      vertex 14.5517 -7.77805 -12.5
      vertex 15 -6.8302 -1.39476
      vertex 15.244 -6.31428 -12.5
    endloop
  endfacet
  facet normal -0.903986 0.427562 -7.36365e-07
    outer loop
      vertex 15 -6.8302 -1.39476
      vertex 14.5517 -7.77805 -12.5
      vertex 14.7947 -7.26426 -0.642949
    endloop
  endfacet
  facet normal -0.903997 0.427538 0
    outer loop
      vertex 15 -6.8302 -0.392345
      vertex 15.244 -6.31428 12.5
      vertex 15 -6.8302 -1.39476
    endloop
  endfacet
  facet normal -0.903985 0.427563 6.98415e-07
    outer loop
      vertex 14.5517 -7.77805 12.5
      vertex 15 -6.8302 -0.392345
      vertex 14.7947 -7.26426 -0.642949
    endloop
  endfacet
  facet normal -0.903992 0.427549 -5.52605e-07
    outer loop
      vertex 15 -6.8302 -0.392345
      vertex 14.5517 -7.77805 12.5
      vertex 15.244 -6.31428 12.5
    endloop
  endfacet
  facet normal -0.903992 0.427549 0
    outer loop
      vertex 14.5517 -7.77805 12.5
      vertex 14.7947 -7.26426 -0.642949
      vertex 14.5517 -7.77805 -12.5
    endloop
  endfacet
  facet normal -0.970023 0.243014 0
    outer loop
      vertex 15.7895 -4.7897 -12.5
      vertex 16.183 -3.21899 12.5
      vertex 16.183 -3.21899 -12.5
    endloop
  endfacet
  facet normal -0.970023 0.243014 0
    outer loop
      vertex 16.183 -3.21899 12.5
      vertex 15.7895 -4.7897 -12.5
      vertex 15.7895 -4.7897 12.5
    endloop
  endfacet
  facet normal -0.146675 0.989185 0
    outer loop
      vertex 3.21899 -16.183 -12.5
      vertex 1.61728 -16.4205 12.5
      vertex 3.21899 -16.183 12.5
    endloop
  endfacet
  facet normal -0.146675 0.989185 0
    outer loop
      vertex 1.61728 -16.4205 12.5
      vertex 3.21899 -16.183 -12.5
      vertex 1.61728 -16.4205 -12.5
    endloop
  endfacet
  facet normal -0.998794 0.0490973 0
    outer loop
      vertex 16.4205 -1.61728 -12.5
      vertex 16.5 0 12.5
      vertex 16.5 0 -12.5
    endloop
  endfacet
  facet normal -0.998794 0.0490973 0
    outer loop
      vertex 16.5 0 12.5
      vertex 16.4205 -1.61728 -12.5
      vertex 16.4205 -1.61728 12.5
    endloop
  endfacet
  facet normal -0.857715 0.514125 0
    outer loop
      vertex 13.7192 -9.16691 -12.5
      vertex 14.5517 -7.77805 12.5
      vertex 14.5517 -7.77805 -12.5
    endloop
  endfacet
  facet normal -0.857715 0.514125 0
    outer loop
      vertex 14.5517 -7.77805 12.5
      vertex 13.7192 -9.16691 -12.5
      vertex 13.7192 -9.16691 12.5
    endloop
  endfacet
  facet normal -0.427549 0.903992 0
    outer loop
      vertex 7.77805 -14.5517 -12.5
      vertex 6.31428 -15.244 12.5
      vertex 7.77805 -14.5517 12.5
    endloop
  endfacet
  facet normal -0.427549 0.903992 0
    outer loop
      vertex 6.31428 -15.244 12.5
      vertex 7.77805 -14.5517 -12.5
      vertex 6.31428 -15.244 -12.5
    endloop
  endfacet
  facet normal -0.671547 0.740962 0
    outer loop
      vertex 11.6673 -11.6673 -12.5
      vertex 10.4675 -12.7547 12.5
      vertex 11.6673 -11.6673 12.5
    endloop
  endfacet
  facet normal -0.671547 0.740962 0
    outer loop
      vertex 10.4675 -12.7547 12.5
      vertex 11.6673 -11.6673 -12.5
      vertex 10.4675 -12.7547 -12.5
    endloop
  endfacet
  facet normal -0.0490973 0.998794 0
    outer loop
      vertex 1.61728 -16.4205 -12.5
      vertex 0 -16.5 12.5
      vertex 1.61728 -16.4205 12.5
    endloop
  endfacet
  facet normal -0.0490973 0.998794 0
    outer loop
      vertex 0 -16.5 12.5
      vertex 1.61728 -16.4205 -12.5
      vertex 0 -16.5 -12.5
    endloop
  endfacet
  facet normal -0.941545 0.336888 0
    outer loop
      vertex 15.244 -6.31428 -12.5
      vertex 15.7895 -4.7897 12.5
      vertex 15.7895 -4.7897 -12.5
    endloop
  endfacet
  facet normal -0.941545 0.336888 0
    outer loop
      vertex 15.7895 -4.7897 12.5
      vertex 15.244 -6.31428 -12.5
      vertex 15.244 -6.31428 12.5
    endloop
  endfacet
  facet normal -0.740962 0.671547 0
    outer loop
      vertex 11.6673 -11.6673 -12.5
      vertex 12.7547 -10.4675 12.5
      vertex 12.7547 -10.4675 -12.5
    endloop
  endfacet
  facet normal -0.740962 0.671547 0
    outer loop
      vertex 12.7547 -10.4675 12.5
      vertex 11.6673 -11.6673 -12.5
      vertex 11.6673 -11.6673 12.5
    endloop
  endfacet
  facet normal -0.941527 0.291796 0.168468
    outer loop
      vertex 2.77164 51.7138 33.408
      vertex 2.87082 49.9538 37.0107
      vertex 2.87082 51.9538 33.5466
    endloop
  endfacet
  facet normal -0.941527 0.291796 0.168468
    outer loop
      vertex 2.87082 49.9538 37.0107
      vertex 2.77164 51.7138 33.408
      vertex 2.77164 49.7138 36.8721
    endloop
  endfacet
  facet normal -0.98918 -0.127052 -0.0733534
    outer loop
      vertex 2.98555 52.9627 34.1291
      vertex 2.94236 51.2149 37.7388
      vertex 2.94236 53.2149 34.2747
    endloop
  endfacet
  facet normal -0.98918 -0.127052 -0.0733534
    outer loop
      vertex 2.94236 51.2149 37.7388
      vertex 2.98555 52.9627 34.1291
      vertex 2.98555 50.9627 37.5932
    endloop
  endfacet
  facet normal -0.998795 -0.0425025 -0.0245388
    outer loop
      vertex 3 52.708 33.9821
      vertex 2.98555 50.9627 37.5932
      vertex 2.98555 52.9627 34.1291
    endloop
  endfacet
  facet normal -0.998795 -0.0425025 -0.0245388
    outer loop
      vertex 2.98555 50.9627 37.5932
      vertex 3 52.708 33.9821
      vertex 3 50.708 37.4462
    endloop
  endfacet
  facet normal -0.970024 -0.210452 -0.121504
    outer loop
      vertex 2.94236 53.2149 34.2747
      vertex 2.87082 51.4622 37.8816
      vertex 2.87082 53.4622 34.4175
    endloop
  endfacet
  facet normal -0.970024 -0.210452 -0.121504
    outer loop
      vertex 2.87082 51.4622 37.8816
      vertex 2.94236 53.2149 34.2747
      vertex 2.94236 51.2149 37.7388
    endloop
  endfacet
  facet normal -0.243009 -0.840065 -0.485012
    outer loop
      vertex 0.585271 55.2562 35.4532
      vertex 0.870853 53.1942 38.8816
      vertex 0.585271 53.2562 38.9173
    endloop
  endfacet
  facet normal -0.243009 -0.840065 -0.485012
    outer loop
      vertex 0.870853 53.1942 38.8816
      vertex 0.585271 55.2562 35.4532
      vertex 0.870853 55.1942 35.4175
    endloop
  endfacet
  facet normal 0.970024 -0.210452 -0.121504
    outer loop
      vertex -2.87082 51.4622 37.8816
      vertex -2.94236 53.2149 34.2747
      vertex -2.87082 53.4622 34.4175
    endloop
  endfacet
  facet normal 0.970024 -0.210452 -0.121504
    outer loop
      vertex -2.94236 53.2149 34.2747
      vertex -2.87082 51.4622 37.8816
      vertex -2.94236 51.2149 37.7388
    endloop
  endfacet
  facet normal -0.941527 -0.291796 -0.168468
    outer loop
      vertex 2.87082 53.4622 34.4175
      vertex 2.77164 51.7022 38.0202
      vertex 2.77164 53.7022 34.5561
    endloop
  endfacet
  facet normal -0.941527 -0.291796 -0.168468
    outer loop
      vertex 2.77164 51.7022 38.0202
      vertex 2.87082 53.4622 34.4175
      vertex 2.87082 51.4622 37.8816
    endloop
  endfacet
  facet normal -0.336917 -0.815393 -0.470767
    outer loop
      vertex 0.870853 55.1942 35.4175
      vertex 1.14805 53.1083 38.832
      vertex 0.870853 53.1942 38.8816
    endloop
  endfacet
  facet normal -0.336917 -0.815393 -0.470767
    outer loop
      vertex 1.14805 53.1083 38.832
      vertex 0.870853 55.1942 35.4175
      vertex 1.14805 55.1083 35.3679
    endloop
  endfacet
  facet normal 0.514056 -0.742839 -0.428878
    outer loop
      vertex -1.66671 52.8682 38.6934
      vertex -1.41419 54.9993 35.3049
      vertex -1.41419 52.9993 38.769
    endloop
  endfacet
  facet normal 0.514056 -0.742839 -0.428878
    outer loop
      vertex -1.41419 54.9993 35.3049
      vertex -1.66671 52.8682 38.6934
      vertex -1.66671 54.8682 35.2293
    endloop
  endfacet
  facet normal -0.427616 0.782853 0.45198
    outer loop
      vertex 1.41419 50.4167 32.6592
      vertex 1.14805 48.3077 36.0603
      vertex 1.41419 48.4167 36.1233
    endloop
  endfacet
  facet normal -0.427616 0.782853 0.45198
    outer loop
      vertex 1.14805 48.3077 36.0603
      vertex 1.41419 50.4167 32.6592
      vertex 1.14805 50.3077 32.5962
    endloop
  endfacet
  facet normal -0.1467 0.856656 0.494591
    outer loop
      vertex 0.585271 50.1598 32.5109
      vertex 0.294051 48.1224 35.9534
      vertex 0.585271 48.1598 35.975
    endloop
  endfacet
  facet normal -0.1467 0.856656 0.494591
    outer loop
      vertex 0.294051 48.1224 35.9534
      vertex 0.585271 50.1598 32.5109
      vertex 0.294051 50.1224 32.4893
    endloop
  endfacet
  facet normal 0.0489983 0.864985 0.4994
    outer loop
      vertex 0 48.1099 35.9462
      vertex -0.294051 50.1224 32.4893
      vertex -0.294051 48.1224 35.9534
    endloop
  endfacet
  facet normal 0.0489983 0.864985 0.4994
    outer loop
      vertex -0.294051 50.1224 32.4893
      vertex 0 48.1099 35.9462
      vertex 0 50.1099 32.4821
    endloop
  endfacet
  facet normal -0.336917 0.815393 0.470767
    outer loop
      vertex 1.14805 50.3077 32.5962
      vertex 0.870853 48.2218 36.0107
      vertex 1.14805 48.3077 36.0603
    endloop
  endfacet
  facet normal -0.336917 0.815393 0.470767
    outer loop
      vertex 0.870853 48.2218 36.0107
      vertex 1.14805 50.3077 32.5962
      vertex 0.870853 50.2218 32.5466
    endloop
  endfacet
  facet normal 0.857762 -0.445177 -0.257023
    outer loop
      vertex -2.49441 52.1514 38.2795
      vertex -2.64576 53.9327 34.6891
      vertex -2.49441 54.1514 34.8154
    endloop
  endfacet
  facet normal 0.857762 -0.445177 -0.257023
    outer loop
      vertex -2.64576 53.9327 34.6891
      vertex -2.49441 52.1514 38.2795
      vertex -2.64576 51.9327 38.1532
    endloop
  endfacet
  facet normal -0.740955 0.581583 0.335777
    outer loop
      vertex 2.12132 50.8709 32.9214
      vertex 2.31903 49.0598 36.4946
      vertex 2.31903 51.0598 33.0305
    endloop
  endfacet
  facet normal -0.740955 0.581583 0.335777
    outer loop
      vertex 2.31903 49.0598 36.4946
      vertex 2.12132 50.8709 32.9214
      vertex 2.12132 48.8709 36.3855
    endloop
  endfacet
  facet normal 0.970024 0.210452 0.121504
    outer loop
      vertex -2.94236 50.2011 37.1535
      vertex -2.87082 51.9538 33.5466
      vertex -2.94236 52.2011 33.6894
    endloop
  endfacet
  facet normal 0.970024 0.210452 0.121504
    outer loop
      vertex -2.87082 51.9538 33.5466
      vertex -2.94236 50.2011 37.1535
      vertex -2.87082 49.9538 37.0107
    endloop
  endfacet
  facet normal 0.514056 0.742839 0.428878
    outer loop
      vertex -1.41419 48.4167 36.1233
      vertex -1.66671 50.5478 32.7348
      vertex -1.66671 48.5478 36.1989
    endloop
  endfacet
  facet normal 0.514056 0.742839 0.428878
    outer loop
      vertex -1.66671 50.5478 32.7348
      vertex -1.41419 48.4167 36.1233
      vertex -1.41419 50.4167 32.6592
    endloop
  endfacet
  facet normal -0.98918 0.127052 0.0733534
    outer loop
      vertex 2.94236 52.2011 33.6894
      vertex 2.98555 50.4533 37.2991
      vertex 2.98555 52.4533 33.835
    endloop
  endfacet
  facet normal -0.98918 0.127052 0.0733534
    outer loop
      vertex 2.98555 50.4533 37.2991
      vertex 2.94236 52.2011 33.6894
      vertex 2.94236 50.2011 37.1535
    endloop
  endfacet
  facet normal -0.514056 0.742839 0.428878
    outer loop
      vertex 1.66671 50.5478 32.7348
      vertex 1.41419 48.4167 36.1233
      vertex 1.66671 48.5478 36.1989
    endloop
  endfacet
  facet normal -0.514056 0.742839 0.428878
    outer loop
      vertex 1.41419 48.4167 36.1233
      vertex 1.66671 50.5478 32.7348
      vertex 1.41419 50.4167 32.6592
    endloop
  endfacet
  facet normal 0.740955 0.581583 0.335777
    outer loop
      vertex -2.31903 49.0598 36.4946
      vertex -2.12132 50.8709 32.9214
      vertex -2.31903 51.0598 33.0305
    endloop
  endfacet
  facet normal 0.740955 0.581583 0.335777
    outer loop
      vertex -2.12132 50.8709 32.9214
      vertex -2.31903 49.0598 36.4946
      vertex -2.12132 48.8709 36.3855
    endloop
  endfacet
  facet normal -0.427616 -0.782853 -0.45198
    outer loop
      vertex 1.14805 55.1083 35.3679
      vertex 1.41419 52.9993 38.769
      vertex 1.14805 53.1083 38.832
    endloop
  endfacet
  facet normal -0.427616 -0.782853 -0.45198
    outer loop
      vertex 1.41419 52.9993 38.769
      vertex 1.14805 55.1083 35.3679
      vertex 1.41419 54.9993 35.3049
    endloop
  endfacet
  facet normal -0.970024 0.210452 0.121504
    outer loop
      vertex 2.87082 51.9538 33.5466
      vertex 2.94236 50.2011 37.1535
      vertex 2.94236 52.2011 33.6894
    endloop
  endfacet
  facet normal -0.970024 0.210452 0.121504
    outer loop
      vertex 2.94236 50.2011 37.1535
      vertex 2.87082 51.9538 33.5466
      vertex 2.87082 49.9538 37.0107
    endloop
  endfacet
  facet normal 0.595746 -0.695568 -0.401587
    outer loop
      vertex -1.90318 52.7163 38.6057
      vertex -1.66671 54.8682 35.2293
      vertex -1.66671 52.8682 38.6934
    endloop
  endfacet
  facet normal 0.595746 -0.695568 -0.401587
    outer loop
      vertex -1.66671 54.8682 35.2293
      vertex -1.90318 52.7163 38.6057
      vertex -1.90318 54.7163 35.1416
    endloop
  endfacet
  facet normal 0.336917 -0.815393 -0.470767
    outer loop
      vertex -1.14805 53.1083 38.832
      vertex -0.870853 55.1942 35.4175
      vertex -0.870853 53.1942 38.8816
    endloop
  endfacet
  facet normal 0.336917 -0.815393 -0.470767
    outer loop
      vertex -0.870853 55.1942 35.4175
      vertex -1.14805 53.1083 38.832
      vertex -1.14805 55.1083 35.3679
    endloop
  endfacet
  facet normal -0.1467 -0.856656 -0.494591
    outer loop
      vertex 0.294051 55.2936 35.4748
      vertex 0.585271 53.2562 38.9173
      vertex 0.294051 53.2936 38.9389
    endloop
  endfacet
  facet normal -0.1467 -0.856656 -0.494591
    outer loop
      vertex 0.585271 53.2562 38.9173
      vertex 0.294051 55.2936 35.4748
      vertex 0.585271 55.2562 35.4532
    endloop
  endfacet
  facet normal -0.803195 -0.515906 -0.297858
    outer loop
      vertex 2.49441 54.1514 34.8154
      vertex 2.31903 52.3562 38.3977
      vertex 2.31903 54.3562 34.9336
    endloop
  endfacet
  facet normal -0.803195 -0.515906 -0.297858
    outer loop
      vertex 2.31903 52.3562 38.3977
      vertex 2.49441 54.1514 34.8154
      vertex 2.49441 52.1514 38.2795
    endloop
  endfacet
  facet normal 0.998795 0.0424953 0.0245347
    outer loop
      vertex -3 50.708 37.4462
      vertex -2.98555 52.4533 33.835
      vertex -3 52.708 33.9821
    endloop
  endfacet
  facet normal 0.998795 0.0424953 0.0245347
    outer loop
      vertex -2.98555 52.4533 33.835
      vertex -3 50.708 37.4462
      vertex -2.98555 50.4533 37.2991
    endloop
  endfacet
  facet normal 0.1467 -0.856656 -0.494591
    outer loop
      vertex -0.585271 53.2562 38.9173
      vertex -0.294051 55.2936 35.4748
      vertex -0.294051 53.2936 38.9389
    endloop
  endfacet
  facet normal 0.1467 -0.856656 -0.494591
    outer loop
      vertex -0.294051 55.2936 35.4748
      vertex -0.585271 53.2562 38.9173
      vertex -0.585271 55.2562 35.4532
    endloop
  endfacet
  facet normal -0.998795 0.0424953 0.0245347
    outer loop
      vertex 2.98555 52.4533 33.835
      vertex 3 50.708 37.4462
      vertex 3 52.708 33.9821
    endloop
  endfacet
  facet normal -0.998795 0.0424953 0.0245347
    outer loop
      vertex 3 50.708 37.4462
      vertex 2.98555 52.4533 33.835
      vertex 2.98555 50.4533 37.2991
    endloop
  endfacet
  facet normal -0.857762 0.445177 0.257023
    outer loop
      vertex 2.49441 51.2646 33.1487
      vertex 2.64576 49.4833 36.7391
      vertex 2.64576 51.4833 33.275
    endloop
  endfacet
  facet normal -0.857762 0.445177 0.257023
    outer loop
      vertex 2.64576 49.4833 36.7391
      vertex 2.49441 51.2646 33.1487
      vertex 2.49441 49.2646 36.6128
    endloop
  endfacet
  facet normal -0.595746 -0.695568 -0.401587
    outer loop
      vertex 1.66671 54.8682 35.2293
      vertex 1.90318 52.7163 38.6057
      vertex 1.66671 52.8682 38.6934
    endloop
  endfacet
  facet normal -0.595746 -0.695568 -0.401587
    outer loop
      vertex 1.90318 52.7163 38.6057
      vertex 1.66671 54.8682 35.2293
      vertex 1.90318 54.7163 35.1416
    endloop
  endfacet
  facet normal 0.671565 0.641678 0.370473
    outer loop
      vertex -2.12132 48.8709 36.3855
      vertex -1.90318 50.6997 32.8225
      vertex -2.12132 50.8709 32.9214
    endloop
  endfacet
  facet normal 0.671565 0.641678 0.370473
    outer loop
      vertex -1.90318 50.6997 32.8225
      vertex -2.12132 48.8709 36.3855
      vertex -1.90318 48.6997 36.2866
    endloop
  endfacet
  facet normal -0.514056 -0.742839 -0.428878
    outer loop
      vertex 1.41419 54.9993 35.3049
      vertex 1.66671 52.8682 38.6934
      vertex 1.41419 52.9993 38.769
    endloop
  endfacet
  facet normal -0.514056 -0.742839 -0.428878
    outer loop
      vertex 1.66671 52.8682 38.6934
      vertex 1.41419 54.9993 35.3049
      vertex 1.66671 54.8682 35.2293
    endloop
  endfacet
  facet normal -0.0489983 0.864985 0.4994
    outer loop
      vertex 0.294051 50.1224 32.4893
      vertex 0 48.1099 35.9462
      vertex 0.294051 48.1224 35.9534
    endloop
  endfacet
  facet normal -0.0489983 0.864985 0.4994
    outer loop
      vertex 0 48.1099 35.9462
      vertex 0.294051 50.1224 32.4893
      vertex 0 50.1099 32.4821
    endloop
  endfacet
  facet normal -0.803195 0.515906 0.297858
    outer loop
      vertex 2.31903 51.0598 33.0305
      vertex 2.49441 49.2646 36.6128
      vertex 2.49441 51.2646 33.1487
    endloop
  endfacet
  facet normal -0.803195 0.515906 0.297858
    outer loop
      vertex 2.49441 49.2646 36.6128
      vertex 2.31903 51.0598 33.0305
      vertex 2.31903 49.0598 36.4946
    endloop
  endfacet
  facet normal 0.998795 -0.0425025 -0.0245388
    outer loop
      vertex -2.98555 50.9627 37.5932
      vertex -3 52.708 33.9821
      vertex -2.98555 52.9627 34.1291
    endloop
  endfacet
  facet normal 0.998795 -0.0425025 -0.0245388
    outer loop
      vertex -3 52.708 33.9821
      vertex -2.98555 50.9627 37.5932
      vertex -3 50.708 37.4462
    endloop
  endfacet
  facet normal -0.243009 0.840065 0.485012
    outer loop
      vertex 0.870853 50.2218 32.5466
      vertex 0.585271 48.1598 35.975
      vertex 0.870853 48.2218 36.0107
    endloop
  endfacet
  facet normal -0.243009 0.840065 0.485012
    outer loop
      vertex 0.585271 48.1598 35.975
      vertex 0.870853 50.2218 32.5466
      vertex 0.585271 50.1598 32.5109
    endloop
  endfacet
  facet normal -0.740955 -0.581583 -0.335777
    outer loop
      vertex 2.31903 54.3562 34.9336
      vertex 2.12132 52.5451 38.5068
      vertex 2.12132 54.5451 35.0427
    endloop
  endfacet
  facet normal -0.740955 -0.581583 -0.335777
    outer loop
      vertex 2.12132 52.5451 38.5068
      vertex 2.31903 54.3562 34.9336
      vertex 2.31903 52.3562 38.3977
    endloop
  endfacet
  facet normal 0.0491677 -0.864978 -0.499395
    outer loop
      vertex -0.294051 53.2936 38.9389
      vertex 0 55.3061 35.4821
      vertex 0 53.3061 38.9462
    endloop
  endfacet
  facet normal 0.0491677 -0.864978 -0.499395
    outer loop
      vertex 0 55.3061 35.4821
      vertex -0.294051 53.2936 38.9389
      vertex -0.294051 55.2936 35.4748
    endloop
  endfacet
  facet normal -0.0491677 -0.864978 -0.499395
    outer loop
      vertex 0 55.3061 35.4821
      vertex 0.294051 53.2936 38.9389
      vertex 0 53.3061 38.9462
    endloop
  endfacet
  facet normal -0.0491677 -0.864978 -0.499395
    outer loop
      vertex 0.294051 53.2936 38.9389
      vertex 0 55.3061 35.4821
      vertex 0.294051 55.2936 35.4748
    endloop
  endfacet
  facet normal -0.903969 -0.37031 -0.213799
    outer loop
      vertex 2.77164 53.7022 34.5561
      vertex 2.64576 51.9327 38.1532
      vertex 2.64576 53.9327 34.6891
    endloop
  endfacet
  facet normal -0.903969 -0.37031 -0.213799
    outer loop
      vertex 2.64576 51.9327 38.1532
      vertex 2.77164 53.7022 34.5561
      vertex 2.77164 51.7022 38.0202
    endloop
  endfacet
  facet normal -0.903969 0.37031 0.213799
    outer loop
      vertex 2.64576 51.4833 33.275
      vertex 2.77164 49.7138 36.8721
      vertex 2.77164 51.7138 33.408
    endloop
  endfacet
  facet normal -0.903969 0.37031 0.213799
    outer loop
      vertex 2.77164 49.7138 36.8721
      vertex 2.64576 51.4833 33.275
      vertex 2.64576 49.4833 36.7391
    endloop
  endfacet
  facet normal -0.595746 0.695568 0.401587
    outer loop
      vertex 1.90318 50.6997 32.8225
      vertex 1.66671 48.5478 36.1989
      vertex 1.90318 48.6997 36.2866
    endloop
  endfacet
  facet normal -0.595746 0.695568 0.401587
    outer loop
      vertex 1.66671 48.5478 36.1989
      vertex 1.90318 50.6997 32.8225
      vertex 1.66671 50.5478 32.7348
    endloop
  endfacet
  facet normal -0.857762 -0.445177 -0.257023
    outer loop
      vertex 2.64576 53.9327 34.6891
      vertex 2.49441 52.1514 38.2795
      vertex 2.49441 54.1514 34.8154
    endloop
  endfacet
  facet normal -0.857762 -0.445177 -0.257023
    outer loop
      vertex 2.49441 52.1514 38.2795
      vertex 2.64576 53.9327 34.6891
      vertex 2.64576 51.9327 38.1532
    endloop
  endfacet
  facet normal 0.427616 0.782853 0.45198
    outer loop
      vertex -1.14805 48.3077 36.0603
      vertex -1.41419 50.4167 32.6592
      vertex -1.41419 48.4167 36.1233
    endloop
  endfacet
  facet normal 0.427616 0.782853 0.45198
    outer loop
      vertex -1.41419 50.4167 32.6592
      vertex -1.14805 48.3077 36.0603
      vertex -1.14805 50.3077 32.5962
    endloop
  endfacet
  facet normal 0.671565 -0.641678 -0.370473
    outer loop
      vertex -1.90318 52.7163 38.6057
      vertex -2.12132 54.5451 35.0427
      vertex -1.90318 54.7163 35.1416
    endloop
  endfacet
  facet normal 0.671565 -0.641678 -0.370473
    outer loop
      vertex -2.12132 54.5451 35.0427
      vertex -1.90318 52.7163 38.6057
      vertex -2.12132 52.5451 38.5068
    endloop
  endfacet
  facet normal 0.427616 -0.782853 -0.45198
    outer loop
      vertex -1.41419 52.9993 38.769
      vertex -1.14805 55.1083 35.3679
      vertex -1.14805 53.1083 38.832
    endloop
  endfacet
  facet normal 0.427616 -0.782853 -0.45198
    outer loop
      vertex -1.14805 55.1083 35.3679
      vertex -1.41419 52.9993 38.769
      vertex -1.41419 54.9993 35.3049
    endloop
  endfacet
  facet normal 0.941527 0.291796 0.168468
    outer loop
      vertex -2.87082 49.9538 37.0107
      vertex -2.77164 51.7138 33.408
      vertex -2.87082 51.9538 33.5466
    endloop
  endfacet
  facet normal 0.941527 0.291796 0.168468
    outer loop
      vertex -2.77164 51.7138 33.408
      vertex -2.87082 49.9538 37.0107
      vertex -2.77164 49.7138 36.8721
    endloop
  endfacet
  facet normal 0.98918 0.127052 0.0733534
    outer loop
      vertex -2.98555 50.4533 37.2991
      vertex -2.94236 52.2011 33.6894
      vertex -2.98555 52.4533 33.835
    endloop
  endfacet
  facet normal 0.98918 0.127052 0.0733534
    outer loop
      vertex -2.94236 52.2011 33.6894
      vertex -2.98555 50.4533 37.2991
      vertex -2.94236 50.2011 37.1535
    endloop
  endfacet
  facet normal -0.671565 -0.641678 -0.370473
    outer loop
      vertex 2.12132 54.5451 35.0427
      vertex 1.90318 52.7163 38.6057
      vertex 1.90318 54.7163 35.1416
    endloop
  endfacet
  facet normal -0.671565 -0.641678 -0.370473
    outer loop
      vertex 1.90318 52.7163 38.6057
      vertex 2.12132 54.5451 35.0427
      vertex 2.12132 52.5451 38.5068
    endloop
  endfacet
  facet normal 0.903969 0.37031 0.213799
    outer loop
      vertex -2.77164 49.7138 36.8721
      vertex -2.64576 51.4833 33.275
      vertex -2.77164 51.7138 33.408
    endloop
  endfacet
  facet normal 0.903969 0.37031 0.213799
    outer loop
      vertex -2.64576 51.4833 33.275
      vertex -2.77164 49.7138 36.8721
      vertex -2.64576 49.4833 36.7391
    endloop
  endfacet
  facet normal 0.243009 -0.840065 -0.485012
    outer loop
      vertex -0.870853 53.1942 38.8816
      vertex -0.585271 55.2562 35.4532
      vertex -0.585271 53.2562 38.9173
    endloop
  endfacet
  facet normal 0.243009 -0.840065 -0.485012
    outer loop
      vertex -0.585271 55.2562 35.4532
      vertex -0.870853 53.1942 38.8816
      vertex -0.870853 55.1942 35.4175
    endloop
  endfacet
  facet normal 0.941527 -0.291796 -0.168468
    outer loop
      vertex -2.77164 51.7022 38.0202
      vertex -2.87082 53.4622 34.4175
      vertex -2.77164 53.7022 34.5561
    endloop
  endfacet
  facet normal 0.941527 -0.291796 -0.168468
    outer loop
      vertex -2.87082 53.4622 34.4175
      vertex -2.77164 51.7022 38.0202
      vertex -2.87082 51.4622 37.8816
    endloop
  endfacet
  facet normal 0.740955 -0.581583 -0.335777
    outer loop
      vertex -2.12132 52.5451 38.5068
      vertex -2.31903 54.3562 34.9336
      vertex -2.12132 54.5451 35.0427
    endloop
  endfacet
  facet normal 0.740955 -0.581583 -0.335777
    outer loop
      vertex -2.31903 54.3562 34.9336
      vertex -2.12132 52.5451 38.5068
      vertex -2.31903 52.3562 38.3977
    endloop
  endfacet
  facet normal 0.595746 0.695568 0.401587
    outer loop
      vertex -1.66671 48.5478 36.1989
      vertex -1.90318 50.6997 32.8225
      vertex -1.90318 48.6997 36.2866
    endloop
  endfacet
  facet normal 0.595746 0.695568 0.401587
    outer loop
      vertex -1.90318 50.6997 32.8225
      vertex -1.66671 48.5478 36.1989
      vertex -1.66671 50.5478 32.7348
    endloop
  endfacet
  facet normal 0.1467 0.856656 0.494591
    outer loop
      vertex -0.294051 48.1224 35.9534
      vertex -0.585271 50.1598 32.5109
      vertex -0.585271 48.1598 35.975
    endloop
  endfacet
  facet normal 0.1467 0.856656 0.494591
    outer loop
      vertex -0.585271 50.1598 32.5109
      vertex -0.294051 48.1224 35.9534
      vertex -0.294051 50.1224 32.4893
    endloop
  endfacet
  facet normal 0.803195 0.515906 0.297858
    outer loop
      vertex -2.49441 49.2646 36.6128
      vertex -2.31903 51.0598 33.0305
      vertex -2.49441 51.2646 33.1487
    endloop
  endfacet
  facet normal 0.803195 0.515906 0.297858
    outer loop
      vertex -2.31903 51.0598 33.0305
      vertex -2.49441 49.2646 36.6128
      vertex -2.31903 49.0598 36.4946
    endloop
  endfacet
  facet normal 0.336917 0.815393 0.470767
    outer loop
      vertex -0.870853 48.2218 36.0107
      vertex -1.14805 50.3077 32.5962
      vertex -1.14805 48.3077 36.0603
    endloop
  endfacet
  facet normal 0.336917 0.815393 0.470767
    outer loop
      vertex -1.14805 50.3077 32.5962
      vertex -0.870853 48.2218 36.0107
      vertex -0.870853 50.2218 32.5466
    endloop
  endfacet
  facet normal 0.243009 0.840065 0.485012
    outer loop
      vertex -0.585271 48.1598 35.975
      vertex -0.870853 50.2218 32.5466
      vertex -0.870853 48.2218 36.0107
    endloop
  endfacet
  facet normal 0.243009 0.840065 0.485012
    outer loop
      vertex -0.870853 50.2218 32.5466
      vertex -0.585271 48.1598 35.975
      vertex -0.585271 50.1598 32.5109
    endloop
  endfacet
  facet normal 0.903969 -0.37031 -0.213799
    outer loop
      vertex -2.64576 51.9327 38.1532
      vertex -2.77164 53.7022 34.5561
      vertex -2.64576 53.9327 34.6891
    endloop
  endfacet
  facet normal 0.903969 -0.37031 -0.213799
    outer loop
      vertex -2.77164 53.7022 34.5561
      vertex -2.64576 51.9327 38.1532
      vertex -2.77164 51.7022 38.0202
    endloop
  endfacet
  facet normal 0.803195 -0.515906 -0.297858
    outer loop
      vertex -2.31903 52.3562 38.3977
      vertex -2.49441 54.1514 34.8154
      vertex -2.31903 54.3562 34.9336
    endloop
  endfacet
  facet normal 0.803195 -0.515906 -0.297858
    outer loop
      vertex -2.49441 54.1514 34.8154
      vertex -2.31903 52.3562 38.3977
      vertex -2.49441 52.1514 38.2795
    endloop
  endfacet
  facet normal 0.857762 0.445177 0.257023
    outer loop
      vertex -2.64576 49.4833 36.7391
      vertex -2.49441 51.2646 33.1487
      vertex -2.64576 51.4833 33.275
    endloop
  endfacet
  facet normal 0.857762 0.445177 0.257023
    outer loop
      vertex -2.49441 51.2646 33.1487
      vertex -2.64576 49.4833 36.7391
      vertex -2.49441 49.2646 36.6128
    endloop
  endfacet
  facet normal 0.98918 -0.127052 -0.0733534
    outer loop
      vertex -2.94236 51.2149 37.7388
      vertex -2.98555 52.9627 34.1291
      vertex -2.94236 53.2149 34.2747
    endloop
  endfacet
  facet normal 0.98918 -0.127052 -0.0733534
    outer loop
      vertex -2.98555 52.9627 34.1291
      vertex -2.94236 51.2149 37.7388
      vertex -2.98555 50.9627 37.5932
    endloop
  endfacet
  facet normal -0.671565 0.641678 0.370473
    outer loop
      vertex 1.90318 50.6997 32.8225
      vertex 2.12132 48.8709 36.3855
      vertex 2.12132 50.8709 32.9214
    endloop
  endfacet
  facet normal -0.671565 0.641678 0.370473
    outer loop
      vertex 2.12132 48.8709 36.3855
      vertex 1.90318 50.6997 32.8225
      vertex 1.90318 48.6997 36.2866
    endloop
  endfacet
  facet normal 0.336917 0.815393 0.470767
    outer loop
      vertex -0.870853 82.8628 56.0107
      vertex -1.14805 84.9487 52.5962
      vertex -1.14805 82.9487 56.0603
    endloop
  endfacet
  facet normal 0.336917 0.815393 0.470767
    outer loop
      vertex -1.14805 84.9487 52.5962
      vertex -0.870853 82.8628 56.0107
      vertex -0.870853 84.8628 52.5466
    endloop
  endfacet
  facet normal -0.98918 -0.127052 -0.0733534
    outer loop
      vertex 2.98555 87.6037 54.1291
      vertex 2.94236 85.8559 57.7388
      vertex 2.94236 87.8559 54.2747
    endloop
  endfacet
  facet normal -0.98918 -0.127052 -0.0733534
    outer loop
      vertex 2.94236 85.8559 57.7388
      vertex 2.98555 87.6037 54.1291
      vertex 2.98555 85.6037 57.5932
    endloop
  endfacet
  facet normal -0.998795 -0.0425025 -0.0245388
    outer loop
      vertex 3 87.349 53.9821
      vertex 2.98555 85.6037 57.5932
      vertex 2.98555 87.6037 54.1291
    endloop
  endfacet
  facet normal -0.998795 -0.0425025 -0.0245388
    outer loop
      vertex 2.98555 85.6037 57.5932
      vertex 3 87.349 53.9821
      vertex 3 85.349 57.4462
    endloop
  endfacet
  facet normal -0.970024 -0.210452 -0.121504
    outer loop
      vertex 2.94236 87.8559 54.2747
      vertex 2.87082 86.1032 57.8816
      vertex 2.87082 88.1032 54.4175
    endloop
  endfacet
  facet normal -0.970024 -0.210452 -0.121504
    outer loop
      vertex 2.87082 86.1032 57.8816
      vertex 2.94236 87.8559 54.2747
      vertex 2.94236 85.8559 57.7388
    endloop
  endfacet
  facet normal 0.98918 -0.127052 -0.0733534
    outer loop
      vertex -2.94236 85.8559 57.7388
      vertex -2.98555 87.6037 54.1291
      vertex -2.94236 87.8559 54.2747
    endloop
  endfacet
  facet normal 0.98918 -0.127052 -0.0733534
    outer loop
      vertex -2.98555 87.6037 54.1291
      vertex -2.94236 85.8559 57.7388
      vertex -2.98555 85.6037 57.5932
    endloop
  endfacet
  facet normal 0.242732 0.840125 0.485047
    outer loop
      vertex -0.585271 82.8009 55.975
      vertex -0.870853 84.8628 52.5466
      vertex -0.870853 82.8628 56.0107
    endloop
  endfacet
  facet normal 0.242732 0.840125 0.485047
    outer loop
      vertex -0.870853 84.8628 52.5466
      vertex -0.585271 82.8009 55.975
      vertex -0.585271 84.8009 52.5109
    endloop
  endfacet
  facet normal -0.336917 -0.815393 -0.470767
    outer loop
      vertex 0.870853 89.8352 55.4175
      vertex 1.14805 87.7493 58.832
      vertex 0.870853 87.8352 58.8816
    endloop
  endfacet
  facet normal -0.336917 -0.815393 -0.470767
    outer loop
      vertex 1.14805 87.7493 58.832
      vertex 0.870853 89.8352 55.4175
      vertex 1.14805 89.7493 55.3679
    endloop
  endfacet
  facet normal 0.514056 -0.742839 -0.428878
    outer loop
      vertex -1.66671 87.5092 58.6934
      vertex -1.41419 89.6403 55.3049
      vertex -1.41419 87.6403 58.769
    endloop
  endfacet
  facet normal 0.514056 -0.742839 -0.428878
    outer loop
      vertex -1.41419 89.6403 55.3049
      vertex -1.66671 87.5092 58.6934
      vertex -1.66671 89.5092 55.2293
    endloop
  endfacet
  facet normal 0.903969 0.37031 0.213799
    outer loop
      vertex -2.77164 84.3548 56.8721
      vertex -2.64576 86.1243 53.275
      vertex -2.77164 86.3548 53.408
    endloop
  endfacet
  facet normal 0.903969 0.37031 0.213799
    outer loop
      vertex -2.64576 86.1243 53.275
      vertex -2.77164 84.3548 56.8721
      vertex -2.64576 84.1243 56.7391
    endloop
  endfacet
  facet normal 0.243009 -0.840065 -0.485012
    outer loop
      vertex -0.870853 87.8352 58.8816
      vertex -0.585271 89.8972 55.4532
      vertex -0.585271 87.8972 58.9173
    endloop
  endfacet
  facet normal 0.243009 -0.840065 -0.485012
    outer loop
      vertex -0.585271 89.8972 55.4532
      vertex -0.870853 87.8352 58.8816
      vertex -0.870853 89.8352 55.4175
    endloop
  endfacet
  facet normal 0.857762 0.445177 0.257023
    outer loop
      vertex -2.64576 84.1243 56.7391
      vertex -2.49441 85.9056 53.1487
      vertex -2.64576 86.1243 53.275
    endloop
  endfacet
  facet normal 0.857762 0.445177 0.257023
    outer loop
      vertex -2.49441 85.9056 53.1487
      vertex -2.64576 84.1243 56.7391
      vertex -2.49441 83.9056 56.6128
    endloop
  endfacet
  facet normal -0.242732 0.840125 0.485047
    outer loop
      vertex 0.870853 84.8628 52.5466
      vertex 0.585271 82.8009 55.975
      vertex 0.870853 82.8628 56.0107
    endloop
  endfacet
  facet normal -0.242732 0.840125 0.485047
    outer loop
      vertex 0.585271 82.8009 55.975
      vertex 0.870853 84.8628 52.5466
      vertex 0.585271 84.8009 52.5109
    endloop
  endfacet
  facet normal 0.595746 0.695568 0.401587
    outer loop
      vertex -1.66671 83.1888 56.1989
      vertex -1.90318 85.3407 52.8225
      vertex -1.90318 83.3407 56.2866
    endloop
  endfacet
  facet normal 0.595746 0.695568 0.401587
    outer loop
      vertex -1.90318 85.3407 52.8225
      vertex -1.66671 83.1888 56.1989
      vertex -1.66671 85.1888 52.7348
    endloop
  endfacet
  facet normal -0.514056 0.742839 0.428878
    outer loop
      vertex 1.66671 85.1888 52.7348
      vertex 1.41419 83.0577 56.1233
      vertex 1.66671 83.1888 56.1989
    endloop
  endfacet
  facet normal -0.514056 0.742839 0.428878
    outer loop
      vertex 1.41419 83.0577 56.1233
      vertex 1.66671 85.1888 52.7348
      vertex 1.41419 85.0577 52.6592
    endloop
  endfacet
  facet normal -0.803195 0.515906 0.297858
    outer loop
      vertex 2.31903 85.7008 53.0305
      vertex 2.49441 83.9056 56.6128
      vertex 2.49441 85.9056 53.1487
    endloop
  endfacet
  facet normal -0.803195 0.515906 0.297858
    outer loop
      vertex 2.49441 83.9056 56.6128
      vertex 2.31903 85.7008 53.0305
      vertex 2.31903 83.7008 56.4946
    endloop
  endfacet
  facet normal -0.1467 -0.856656 -0.494591
    outer loop
      vertex 0.294051 89.9346 55.4748
      vertex 0.585271 87.8972 58.9173
      vertex 0.294051 87.9346 58.9389
    endloop
  endfacet
  facet normal -0.1467 -0.856656 -0.494591
    outer loop
      vertex 0.585271 87.8972 58.9173
      vertex 0.294051 89.9346 55.4748
      vertex 0.585271 89.8972 55.4532
    endloop
  endfacet
  facet normal 0.595556 -0.69569 -0.401657
    outer loop
      vertex -1.90318 87.3574 58.6057
      vertex -1.66671 89.5092 55.2293
      vertex -1.66671 87.5092 58.6934
    endloop
  endfacet
  facet normal 0.595556 -0.69569 -0.401657
    outer loop
      vertex -1.66671 89.5092 55.2293
      vertex -1.90318 87.3574 58.6057
      vertex -1.90318 89.3574 55.1416
    endloop
  endfacet
  facet normal -0.427616 0.782853 0.45198
    outer loop
      vertex 1.41419 85.0577 52.6592
      vertex 1.14805 82.9487 56.0603
      vertex 1.41419 83.0577 56.1233
    endloop
  endfacet
  facet normal -0.427616 0.782853 0.45198
    outer loop
      vertex 1.14805 82.9487 56.0603
      vertex 1.41419 85.0577 52.6592
      vertex 1.14805 84.9487 52.5962
    endloop
  endfacet
  facet normal 0.803195 -0.515906 -0.297858
    outer loop
      vertex -2.31903 86.9972 58.3977
      vertex -2.49441 88.7924 54.8154
      vertex -2.31903 88.9972 54.9336
    endloop
  endfacet
  facet normal 0.803195 -0.515906 -0.297858
    outer loop
      vertex -2.49441 88.7924 54.8154
      vertex -2.31903 86.9972 58.3977
      vertex -2.49441 86.7924 58.2795
    endloop
  endfacet
  facet normal -0.98918 0.127052 0.0733534
    outer loop
      vertex 2.94236 86.8422 53.6894
      vertex 2.98555 85.0944 57.2991
      vertex 2.98555 87.0944 53.835
    endloop
  endfacet
  facet normal -0.98918 0.127052 0.0733534
    outer loop
      vertex 2.98555 85.0944 57.2991
      vertex 2.94236 86.8422 53.6894
      vertex 2.94236 84.8422 57.1535
    endloop
  endfacet
  facet normal 0.941561 -0.291715 -0.168422
    outer loop
      vertex -2.77164 86.3433 58.0202
      vertex -2.87082 88.1032 54.4175
      vertex -2.77164 88.3433 54.5561
    endloop
  endfacet
  facet normal 0.941561 -0.291715 -0.168422
    outer loop
      vertex -2.87082 88.1032 54.4175
      vertex -2.77164 86.3433 58.0202
      vertex -2.87082 86.1032 57.8816
    endloop
  endfacet
  facet normal -0.427616 -0.782853 -0.45198
    outer loop
      vertex 1.14805 89.7493 55.3679
      vertex 1.41419 87.6403 58.769
      vertex 1.14805 87.7493 58.832
    endloop
  endfacet
  facet normal -0.427616 -0.782853 -0.45198
    outer loop
      vertex 1.41419 87.6403 58.769
      vertex 1.14805 89.7493 55.3679
      vertex 1.41419 89.6403 55.3049
    endloop
  endfacet
  facet normal 0.941527 0.291796 0.168468
    outer loop
      vertex -2.87082 84.5948 57.0107
      vertex -2.77164 86.3548 53.408
      vertex -2.87082 86.5948 53.5466
    endloop
  endfacet
  facet normal 0.941527 0.291796 0.168468
    outer loop
      vertex -2.77164 86.3548 53.408
      vertex -2.87082 84.5948 57.0107
      vertex -2.77164 84.3548 56.8721
    endloop
  endfacet
  facet normal -0.970041 0.210392 0.12147
    outer loop
      vertex 2.87082 86.5948 53.5466
      vertex 2.94236 84.8422 57.1535
      vertex 2.94236 86.8422 53.6894
    endloop
  endfacet
  facet normal -0.970041 0.210392 0.12147
    outer loop
      vertex 2.94236 84.8422 57.1535
      vertex 2.87082 86.5948 53.5466
      vertex 2.87082 84.5948 57.0107
    endloop
  endfacet
  facet normal 0.0491677 -0.864978 -0.499395
    outer loop
      vertex -0.294051 87.9346 58.9389
      vertex 0 89.9471 55.4821
      vertex 0 87.9471 58.9462
    endloop
  endfacet
  facet normal 0.0491677 -0.864978 -0.499395
    outer loop
      vertex 0 89.9471 55.4821
      vertex -0.294051 87.9346 58.9389
      vertex -0.294051 89.9346 55.4748
    endloop
  endfacet
  facet normal -0.671726 -0.641551 -0.3704
    outer loop
      vertex 2.12132 89.1861 55.0427
      vertex 1.90318 87.3574 58.6057
      vertex 1.90318 89.3574 55.1416
    endloop
  endfacet
  facet normal -0.671726 -0.641551 -0.3704
    outer loop
      vertex 1.90318 87.3574 58.6057
      vertex 2.12132 89.1861 55.0427
      vertex 2.12132 87.1861 58.5068
    endloop
  endfacet
  facet normal 0.427616 -0.782853 -0.45198
    outer loop
      vertex -1.41419 87.6403 58.769
      vertex -1.14805 89.7493 55.3679
      vertex -1.14805 87.7493 58.832
    endloop
  endfacet
  facet normal 0.427616 -0.782853 -0.45198
    outer loop
      vertex -1.14805 89.7493 55.3679
      vertex -1.41419 87.6403 58.769
      vertex -1.41419 89.6403 55.3049
    endloop
  endfacet
  facet normal 0.671726 -0.641551 -0.3704
    outer loop
      vertex -1.90318 87.3574 58.6057
      vertex -2.12132 89.1861 55.0427
      vertex -1.90318 89.3574 55.1416
    endloop
  endfacet
  facet normal 0.671726 -0.641551 -0.3704
    outer loop
      vertex -2.12132 89.1861 55.0427
      vertex -1.90318 87.3574 58.6057
      vertex -2.12132 87.1861 58.5068
    endloop
  endfacet
  facet normal -0.336917 0.815393 0.470767
    outer loop
      vertex 1.14805 84.9487 52.5962
      vertex 0.870853 82.8628 56.0107
      vertex 1.14805 82.9487 56.0603
    endloop
  endfacet
  facet normal -0.336917 0.815393 0.470767
    outer loop
      vertex 0.870853 82.8628 56.0107
      vertex 1.14805 84.9487 52.5962
      vertex 0.870853 84.8628 52.5466
    endloop
  endfacet
  facet normal 0.336917 -0.815393 -0.470767
    outer loop
      vertex -1.14805 87.7493 58.832
      vertex -0.870853 89.8352 55.4175
      vertex -0.870853 87.8352 58.8816
    endloop
  endfacet
  facet normal 0.336917 -0.815393 -0.470767
    outer loop
      vertex -0.870853 89.8352 55.4175
      vertex -1.14805 87.7493 58.832
      vertex -1.14805 89.7493 55.3679
    endloop
  endfacet
  facet normal -0.803195 -0.515906 -0.297858
    outer loop
      vertex 2.49441 88.7924 54.8154
      vertex 2.31903 86.9972 58.3977
      vertex 2.31903 88.9972 54.9336
    endloop
  endfacet
  facet normal -0.803195 -0.515906 -0.297858
    outer loop
      vertex 2.31903 86.9972 58.3977
      vertex 2.49441 88.7924 54.8154
      vertex 2.49441 86.7924 58.2795
    endloop
  endfacet
  facet normal 0.857762 -0.445177 -0.257023
    outer loop
      vertex -2.49441 86.7924 58.2795
      vertex -2.64576 88.5737 54.6891
      vertex -2.49441 88.7924 54.8154
    endloop
  endfacet
  facet normal 0.857762 -0.445177 -0.257023
    outer loop
      vertex -2.64576 88.5737 54.6891
      vertex -2.49441 86.7924 58.2795
      vertex -2.64576 86.5737 58.1532
    endloop
  endfacet
  facet normal -0.998795 0.0425078 0.0245419
    outer loop
      vertex 2.98555 87.0944 53.835
      vertex 3 85.349 57.4462
      vertex 3 87.349 53.9821
    endloop
  endfacet
  facet normal -0.998795 0.0425078 0.0245419
    outer loop
      vertex 3 85.349 57.4462
      vertex 2.98555 87.0944 53.835
      vertex 2.98555 85.0944 57.2991
    endloop
  endfacet
  facet normal -0.903969 0.37031 0.213799
    outer loop
      vertex 2.64576 86.1243 53.275
      vertex 2.77164 84.3548 56.8721
      vertex 2.77164 86.3548 53.408
    endloop
  endfacet
  facet normal -0.903969 0.37031 0.213799
    outer loop
      vertex 2.77164 84.3548 56.8721
      vertex 2.64576 86.1243 53.275
      vertex 2.64576 84.1243 56.7391
    endloop
  endfacet
  facet normal -0.857762 -0.445177 -0.257023
    outer loop
      vertex 2.64576 88.5737 54.6891
      vertex 2.49441 86.7924 58.2795
      vertex 2.49441 88.7924 54.8154
    endloop
  endfacet
  facet normal -0.857762 -0.445177 -0.257023
    outer loop
      vertex 2.49441 86.7924 58.2795
      vertex 2.64576 88.5737 54.6891
      vertex 2.64576 86.5737 58.1532
    endloop
  endfacet
  facet normal 0.671565 0.641678 0.370473
    outer loop
      vertex -2.12132 83.5119 56.3855
      vertex -1.90318 85.3407 52.8225
      vertex -2.12132 85.5119 52.9214
    endloop
  endfacet
  facet normal 0.671565 0.641678 0.370473
    outer loop
      vertex -1.90318 85.3407 52.8225
      vertex -2.12132 83.5119 56.3855
      vertex -1.90318 83.3407 56.2866
    endloop
  endfacet
  facet normal -0.595556 -0.69569 -0.401657
    outer loop
      vertex 1.66671 89.5092 55.2293
      vertex 1.90318 87.3574 58.6057
      vertex 1.66671 87.5092 58.6934
    endloop
  endfacet
  facet normal -0.595556 -0.69569 -0.401657
    outer loop
      vertex 1.90318 87.3574 58.6057
      vertex 1.66671 89.5092 55.2293
      vertex 1.90318 89.3574 55.1416
    endloop
  endfacet
  facet normal 0.514056 0.742839 0.428878
    outer loop
      vertex -1.41419 83.0577 56.1233
      vertex -1.66671 85.1888 52.7348
      vertex -1.66671 83.1888 56.1989
    endloop
  endfacet
  facet normal 0.514056 0.742839 0.428878
    outer loop
      vertex -1.66671 85.1888 52.7348
      vertex -1.41419 83.0577 56.1233
      vertex -1.41419 85.0577 52.6592
    endloop
  endfacet
  facet normal -0.514056 -0.742839 -0.428878
    outer loop
      vertex 1.41419 89.6403 55.3049
      vertex 1.66671 87.5092 58.6934
      vertex 1.41419 87.6403 58.769
    endloop
  endfacet
  facet normal -0.514056 -0.742839 -0.428878
    outer loop
      vertex 1.66671 87.5092 58.6934
      vertex 1.41419 89.6403 55.3049
      vertex 1.66671 89.5092 55.2293
    endloop
  endfacet
  facet normal -0.1467 0.856656 0.494591
    outer loop
      vertex 0.585271 84.8009 52.5109
      vertex 0.294051 82.7635 55.9534
      vertex 0.585271 82.8009 55.975
    endloop
  endfacet
  facet normal -0.1467 0.856656 0.494591
    outer loop
      vertex 0.294051 82.7635 55.9534
      vertex 0.585271 84.8009 52.5109
      vertex 0.294051 84.7635 52.4893
    endloop
  endfacet
  facet normal -0.941561 -0.291715 -0.168422
    outer loop
      vertex 2.87082 88.1032 54.4175
      vertex 2.77164 86.3433 58.0202
      vertex 2.77164 88.3433 54.5561
    endloop
  endfacet
  facet normal -0.941561 -0.291715 -0.168422
    outer loop
      vertex 2.77164 86.3433 58.0202
      vertex 2.87082 88.1032 54.4175
      vertex 2.87082 86.1032 57.8816
    endloop
  endfacet
  facet normal -0.857762 0.445177 0.257023
    outer loop
      vertex 2.49441 85.9056 53.1487
      vertex 2.64576 84.1243 56.7391
      vertex 2.64576 86.1243 53.275
    endloop
  endfacet
  facet normal -0.857762 0.445177 0.257023
    outer loop
      vertex 2.64576 84.1243 56.7391
      vertex 2.49441 85.9056 53.1487
      vertex 2.49441 83.9056 56.6128
    endloop
  endfacet
  facet normal 0.998795 0.0425078 0.0245419
    outer loop
      vertex -3 85.349 57.4462
      vertex -2.98555 87.0944 53.835
      vertex -3 87.349 53.9821
    endloop
  endfacet
  facet normal 0.998795 0.0425078 0.0245419
    outer loop
      vertex -2.98555 87.0944 53.835
      vertex -3 85.349 57.4462
      vertex -2.98555 85.0944 57.2991
    endloop
  endfacet
  facet normal -0.941527 0.291796 0.168468
    outer loop
      vertex 2.77164 86.3548 53.408
      vertex 2.87082 84.5948 57.0107
      vertex 2.87082 86.5948 53.5466
    endloop
  endfacet
  facet normal -0.941527 0.291796 0.168468
    outer loop
      vertex 2.87082 84.5948 57.0107
      vertex 2.77164 86.3548 53.408
      vertex 2.77164 84.3548 56.8721
    endloop
  endfacet
  facet normal -0.740955 -0.581583 -0.335777
    outer loop
      vertex 2.31903 88.9972 54.9336
      vertex 2.12132 87.1861 58.5068
      vertex 2.12132 89.1861 55.0427
    endloop
  endfacet
  facet normal -0.740955 -0.581583 -0.335777
    outer loop
      vertex 2.12132 87.1861 58.5068
      vertex 2.31903 88.9972 54.9336
      vertex 2.31903 86.9972 58.3977
    endloop
  endfacet
  facet normal -0.0491677 -0.864978 -0.499395
    outer loop
      vertex 0 89.9471 55.4821
      vertex 0.294051 87.9346 58.9389
      vertex 0 87.9471 58.9462
    endloop
  endfacet
  facet normal -0.0491677 -0.864978 -0.499395
    outer loop
      vertex 0.294051 87.9346 58.9389
      vertex 0 89.9471 55.4821
      vertex 0.294051 89.9346 55.4748
    endloop
  endfacet
  facet normal -0.903916 -0.370408 -0.213856
    outer loop
      vertex 2.77164 88.3433 54.5561
      vertex 2.64576 86.5737 58.1532
      vertex 2.64576 88.5737 54.6891
    endloop
  endfacet
  facet normal -0.903916 -0.370408 -0.213856
    outer loop
      vertex 2.64576 86.5737 58.1532
      vertex 2.77164 88.3433 54.5561
      vertex 2.77164 86.3433 58.0202
    endloop
  endfacet
  facet normal 0.1467 0.856656 0.494591
    outer loop
      vertex -0.294051 82.7635 55.9534
      vertex -0.585271 84.8009 52.5109
      vertex -0.585271 82.8009 55.975
    endloop
  endfacet
  facet normal 0.1467 0.856656 0.494591
    outer loop
      vertex -0.585271 84.8009 52.5109
      vertex -0.294051 82.7635 55.9534
      vertex -0.294051 84.7635 52.4893
    endloop
  endfacet
  facet normal -0.671565 0.641678 0.370473
    outer loop
      vertex 1.90318 85.3407 52.8225
      vertex 2.12132 83.5119 56.3855
      vertex 2.12132 85.5119 52.9214
    endloop
  endfacet
  facet normal -0.671565 0.641678 0.370473
    outer loop
      vertex 2.12132 83.5119 56.3855
      vertex 1.90318 85.3407 52.8225
      vertex 1.90318 83.3407 56.2866
    endloop
  endfacet
  facet normal 0.0492917 0.864973 0.499392
    outer loop
      vertex 0 82.7509 55.9462
      vertex -0.294051 84.7635 52.4893
      vertex -0.294051 82.7635 55.9534
    endloop
  endfacet
  facet normal 0.0492917 0.864973 0.499392
    outer loop
      vertex -0.294051 84.7635 52.4893
      vertex 0 82.7509 55.9462
      vertex 0 84.7509 52.4821
    endloop
  endfacet
  facet normal 0.740955 -0.581583 -0.335777
    outer loop
      vertex -2.12132 87.1861 58.5068
      vertex -2.31903 88.9972 54.9336
      vertex -2.12132 89.1861 55.0427
    endloop
  endfacet
  facet normal 0.740955 -0.581583 -0.335777
    outer loop
      vertex -2.31903 88.9972 54.9336
      vertex -2.12132 87.1861 58.5068
      vertex -2.31903 86.9972 58.3977
    endloop
  endfacet
  facet normal 0.1467 -0.856656 -0.494591
    outer loop
      vertex -0.585271 87.8972 58.9173
      vertex -0.294051 89.9346 55.4748
      vertex -0.294051 87.9346 58.9389
    endloop
  endfacet
  facet normal 0.1467 -0.856656 -0.494591
    outer loop
      vertex -0.294051 89.9346 55.4748
      vertex -0.585271 87.8972 58.9173
      vertex -0.585271 89.8972 55.4532
    endloop
  endfacet
  facet normal 0.903916 -0.370408 -0.213856
    outer loop
      vertex -2.64576 86.5737 58.1532
      vertex -2.77164 88.3433 54.5561
      vertex -2.64576 88.5737 54.6891
    endloop
  endfacet
  facet normal 0.903916 -0.370408 -0.213856
    outer loop
      vertex -2.77164 88.3433 54.5561
      vertex -2.64576 86.5737 58.1532
      vertex -2.77164 86.3433 58.0202
    endloop
  endfacet
  facet normal 0.970024 -0.210452 -0.121504
    outer loop
      vertex -2.87082 86.1032 57.8816
      vertex -2.94236 87.8559 54.2747
      vertex -2.87082 88.1032 54.4175
    endloop
  endfacet
  facet normal 0.970024 -0.210452 -0.121504
    outer loop
      vertex -2.94236 87.8559 54.2747
      vertex -2.87082 86.1032 57.8816
      vertex -2.94236 85.8559 57.7388
    endloop
  endfacet
  facet normal -0.243009 -0.840065 -0.485012
    outer loop
      vertex 0.585271 89.8972 55.4532
      vertex 0.870853 87.8352 58.8816
      vertex 0.585271 87.8972 58.9173
    endloop
  endfacet
  facet normal -0.243009 -0.840065 -0.485012
    outer loop
      vertex 0.870853 87.8352 58.8816
      vertex 0.585271 89.8972 55.4532
      vertex 0.870853 89.8352 55.4175
    endloop
  endfacet
  facet normal 0.970041 0.210392 0.12147
    outer loop
      vertex -2.94236 84.8422 57.1535
      vertex -2.87082 86.5948 53.5466
      vertex -2.94236 86.8422 53.6894
    endloop
  endfacet
  facet normal 0.970041 0.210392 0.12147
    outer loop
      vertex -2.87082 86.5948 53.5466
      vertex -2.94236 84.8422 57.1535
      vertex -2.87082 84.5948 57.0107
    endloop
  endfacet
  facet normal 0.427616 0.782853 0.45198
    outer loop
      vertex -1.14805 82.9487 56.0603
      vertex -1.41419 85.0577 52.6592
      vertex -1.41419 83.0577 56.1233
    endloop
  endfacet
  facet normal 0.427616 0.782853 0.45198
    outer loop
      vertex -1.41419 85.0577 52.6592
      vertex -1.14805 82.9487 56.0603
      vertex -1.14805 84.9487 52.5962
    endloop
  endfacet
  facet normal 0.740955 0.581583 0.335777
    outer loop
      vertex -2.31903 83.7008 56.4946
      vertex -2.12132 85.5119 52.9214
      vertex -2.31903 85.7008 53.0305
    endloop
  endfacet
  facet normal 0.740955 0.581583 0.335777
    outer loop
      vertex -2.12132 85.5119 52.9214
      vertex -2.31903 83.7008 56.4946
      vertex -2.12132 83.5119 56.3855
    endloop
  endfacet
  facet normal -0.0492917 0.864973 0.499392
    outer loop
      vertex 0.294051 84.7635 52.4893
      vertex 0 82.7509 55.9462
      vertex 0.294051 82.7635 55.9534
    endloop
  endfacet
  facet normal -0.0492917 0.864973 0.499392
    outer loop
      vertex 0 82.7509 55.9462
      vertex 0.294051 84.7635 52.4893
      vertex 0 84.7509 52.4821
    endloop
  endfacet
  facet normal 0.98918 0.127052 0.0733534
    outer loop
      vertex -2.98555 85.0944 57.2991
      vertex -2.94236 86.8422 53.6894
      vertex -2.98555 87.0944 53.835
    endloop
  endfacet
  facet normal 0.98918 0.127052 0.0733534
    outer loop
      vertex -2.94236 86.8422 53.6894
      vertex -2.98555 85.0944 57.2991
      vertex -2.94236 84.8422 57.1535
    endloop
  endfacet
  facet normal -0.595746 0.695568 0.401587
    outer loop
      vertex 1.90318 85.3407 52.8225
      vertex 1.66671 83.1888 56.1989
      vertex 1.90318 83.3407 56.2866
    endloop
  endfacet
  facet normal -0.595746 0.695568 0.401587
    outer loop
      vertex 1.66671 83.1888 56.1989
      vertex 1.90318 85.3407 52.8225
      vertex 1.66671 85.1888 52.7348
    endloop
  endfacet
  facet normal 0.803195 0.515906 0.297858
    outer loop
      vertex -2.49441 83.9056 56.6128
      vertex -2.31903 85.7008 53.0305
      vertex -2.49441 85.9056 53.1487
    endloop
  endfacet
  facet normal 0.803195 0.515906 0.297858
    outer loop
      vertex -2.31903 85.7008 53.0305
      vertex -2.49441 83.9056 56.6128
      vertex -2.31903 83.7008 56.4946
    endloop
  endfacet
  facet normal 0.998795 -0.0425025 -0.0245388
    outer loop
      vertex -2.98555 85.6037 57.5932
      vertex -3 87.349 53.9821
      vertex -2.98555 87.6037 54.1291
    endloop
  endfacet
  facet normal 0.998795 -0.0425025 -0.0245388
    outer loop
      vertex -3 87.349 53.9821
      vertex -2.98555 85.6037 57.5932
      vertex -3 85.349 57.4462
    endloop
  endfacet
  facet normal -0.740955 0.581583 0.335777
    outer loop
      vertex 2.12132 85.5119 52.9214
      vertex 2.31903 83.7008 56.4946
      vertex 2.31903 85.7008 53.0305
    endloop
  endfacet
  facet normal -0.740955 0.581583 0.335777
    outer loop
      vertex 2.31903 83.7008 56.4946
      vertex 2.12132 85.5119 52.9214
      vertex 2.12132 83.5119 56.3855
    endloop
  endfacet
  facet normal 1 0 0
    outer loop
      vertex 30 102.67 67.4462
      vertex 30 35.3875 23.982
      vertex 30 104.67 63.9821
    endloop
  endfacet
  facet normal 1 0 -0
    outer loop
      vertex 30 35.3875 23.982
      vertex 30 102.67 67.4462
      vertex 30 33.3875 27.4462
    endloop
  endfacet
  facet normal -9.65629e-05 -0.499883 0.866093
    outer loop
      vertex 2.87082 84.5948 57.0107
      vertex 30 102.67 67.4462
      vertex 2.94236 84.8422 57.1535
    endloop
  endfacet
  facet normal 0.000115866 -0.499865 0.866103
    outer loop
      vertex 30 33.3875 27.4462
      vertex 2.98555 50.9627 37.5932
      vertex 3 50.708 37.4462
    endloop
  endfacet
  facet normal 0.00012897 -0.500137 0.865946
    outer loop
      vertex 2.77164 84.3548 56.8721
      vertex 30 102.67 67.4462
      vertex 2.87082 84.5948 57.0107
    endloop
  endfacet
  facet normal 1.77786e-05 -0.499978 0.866038
    outer loop
      vertex 30 33.3875 27.4462
      vertex 2.94236 51.2149 37.7388
      vertex 2.98555 50.9627 37.5932
    endloop
  endfacet
  facet normal 3.6344e-06 -0.499997 0.866027
    outer loop
      vertex 30 102.67 67.4462
      vertex 2.77164 84.3548 56.8721
      vertex 30 33.3875 27.4462
    endloop
  endfacet
  facet normal -6.27969e-05 -0.50007 0.865985
    outer loop
      vertex 30 33.3875 27.4462
      vertex 2.87082 51.4622 37.8816
      vertex 2.94236 51.2149 37.7388
    endloop
  endfacet
  facet normal 1.65541e-06 -0.499998 0.866026
    outer loop
      vertex 2.77164 51.7022 38.0202
      vertex 30 33.3875 27.4462
      vertex 2.77164 84.3548 56.8721
    endloop
  endfacet
  facet normal -0.000120655 -0.500135 0.865948
    outer loop
      vertex 30 33.3875 27.4462
      vertex 2.77164 51.7022 38.0202
      vertex 2.87082 51.4622 37.8816
    endloop
  endfacet
  facet normal 0.000540889 -0.499998 0.866026
    outer loop
      vertex 2.64576 84.1243 56.7391
      vertex 2.77164 51.7022 38.0202
      vertex 2.77164 84.3548 56.8721
    endloop
  endfacet
  facet normal -0.000548633 -0.500001 0.866024
    outer loop
      vertex 2.64576 84.1243 56.7391
      vertex 2.64576 51.9327 38.1532
      vertex 2.77164 51.7022 38.0202
    endloop
  endfacet
  facet normal -0.000188902 -0.500001 0.866025
    outer loop
      vertex 2.49441 83.9056 56.6128
      vertex 2.64576 51.9327 38.1532
      vertex 2.64576 84.1243 56.7391
    endloop
  endfacet
  facet normal 0.000191504 -0.5 0.866025
    outer loop
      vertex 2.49441 83.9056 56.6128
      vertex 2.49441 52.1514 38.2795
      vertex 2.64576 51.9327 38.1532
    endloop
  endfacet
  facet normal 0.000204243 -0.5 0.866025
    outer loop
      vertex 2.31903 83.7008 56.4946
      vertex 2.49441 52.1514 38.2795
      vertex 2.49441 83.9056 56.6128
    endloop
  endfacet
  facet normal -0.000206911 -0.500002 0.866024
    outer loop
      vertex 2.31903 83.7008 56.4946
      vertex 2.31903 52.3562 38.3977
      vertex 2.49441 52.1514 38.2795
    endloop
  endfacet
  facet normal -0.0001665 -0.500002 0.866024
    outer loop
      vertex 2.12132 83.5119 56.3855
      vertex 2.31903 52.3562 38.3977
      vertex 2.31903 83.7008 56.4946
    endloop
  endfacet
  facet normal 0.000168532 -0.5 0.866025
    outer loop
      vertex 2.12132 83.5119 56.3855
      vertex 2.12132 52.5451 38.5068
      vertex 2.31903 52.3562 38.3977
    endloop
  endfacet
  facet normal -0.000228597 -0.5 0.866025
    outer loop
      vertex 1.90318 83.3407 56.2866
      vertex 2.12132 52.5451 38.5068
      vertex 2.12132 83.5119 56.3855
    endloop
  endfacet
  facet normal 0.000231153 -0.499998 0.866027
    outer loop
      vertex 1.90318 83.3407 56.2866
      vertex 1.90318 52.7163 38.6057
      vertex 2.12132 52.5451 38.5068
    endloop
  endfacet
  facet normal -3.72756e-06 -0.499998 0.866027
    outer loop
      vertex 1.66671 83.1888 56.1989
      vertex 1.90318 52.7163 38.6057
      vertex 1.90318 83.3407 56.2866
    endloop
  endfacet
  facet normal 3.76491e-06 -0.499998 0.866027
    outer loop
      vertex 1.66671 83.1888 56.1989
      vertex 1.66671 52.8682 38.6934
      vertex 1.90318 52.7163 38.6057
    endloop
  endfacet
  facet normal 0.000309205 -0.499998 0.866027
    outer loop
      vertex 1.41419 83.0577 56.1233
      vertex 1.66671 52.8682 38.6934
      vertex 1.66671 83.1888 56.1989
    endloop
  endfacet
  facet normal -0.000311902 -0.500002 0.866024
    outer loop
      vertex 1.41419 83.0577 56.1233
      vertex 1.41419 52.9993 38.769
      vertex 1.66671 52.8682 38.6934
    endloop
  endfacet
  facet normal -0.000223063 -0.500002 0.866024
    outer loop
      vertex 1.14805 82.9487 56.0603
      vertex 1.41419 52.9993 38.769
      vertex 1.41419 83.0577 56.1233
    endloop
  endfacet
  facet normal 0.000224693 -0.499999 0.866026
    outer loop
      vertex 1.14805 82.9487 56.0603
      vertex 1.14805 53.1083 38.832
      vertex 1.41419 52.9993 38.769
    endloop
  endfacet
  facet normal -1.80991e-05 -0.499999 0.866026
    outer loop
      vertex 0.870853 82.8628 56.0107
      vertex 1.14805 53.1083 38.832
      vertex 1.14805 82.9487 56.0603
    endloop
  endfacet
  facet normal 1.82039e-05 -0.499998 0.866026
    outer loop
      vertex 0.870853 82.8628 56.0107
      vertex 0.870853 53.1942 38.8816
      vertex 1.14805 53.1083 38.832
    endloop
  endfacet
  facet normal 0.00011471 -0.499998 0.866026
    outer loop
      vertex 0.585271 82.8009 55.975
      vertex 0.870853 53.1942 38.8816
      vertex 0.870853 82.8628 56.0107
    endloop
  endfacet
  facet normal -0.000290639 -0.500001 0.866025
    outer loop
      vertex 0.585271 82.8009 55.975
      vertex 0.585271 53.2562 38.9173
      vertex 0.870853 53.1942 38.8816
    endloop
  endfacet
  facet normal -2.08897e-05 -0.500001 0.866025
    outer loop
      vertex 0.294051 82.7635 55.9534
      vertex 0.585271 53.2562 38.9173
      vertex 0.585271 82.8009 55.975
    endloop
  endfacet
  facet normal 2.09427e-05 -0.500001 0.866025
    outer loop
      vertex 0.294051 82.7635 55.9534
      vertex 0.294051 53.2936 38.9389
      vertex 0.585271 53.2562 38.9173
    endloop
  endfacet
  facet normal 0.000219805 -0.500001 0.866025
    outer loop
      vertex 0 82.7509 55.9462
      vertex 0.294051 53.2936 38.9389
      vertex 0.294051 82.7635 55.9534
    endloop
  endfacet
  facet normal 0.00024476 -0.500001 0.866025
    outer loop
      vertex 0 82.7509 55.9462
      vertex 0 53.3061 38.9462
      vertex 0.294051 53.2936 38.9389
    endloop
  endfacet
  facet normal -0.000219794 -0.500001 0.866025
    outer loop
      vertex -0.294051 82.7635 55.9534
      vertex 0 53.3061 38.9462
      vertex 0 82.7509 55.9462
    endloop
  endfacet
  facet normal -0.000244749 -0.500001 0.866025
    outer loop
      vertex -0.294051 82.7635 55.9534
      vertex -0.294051 53.2936 38.9389
      vertex 0 53.3061 38.9462
    endloop
  endfacet
  facet normal 2.09427e-05 -0.500001 0.866025
    outer loop
      vertex -0.585271 82.8009 55.975
      vertex -0.294051 53.2936 38.9389
      vertex -0.294051 82.7635 55.9534
    endloop
  endfacet
  facet normal -2.08897e-05 -0.500001 0.866025
    outer loop
      vertex -0.585271 82.8009 55.975
      vertex -0.585271 53.2562 38.9173
      vertex -0.294051 53.2936 38.9389
    endloop
  endfacet
  facet normal -0.000115557 -0.500001 0.866025
    outer loop
      vertex -0.870853 82.8628 56.0107
      vertex -0.585271 53.2562 38.9173
      vertex -0.585271 82.8009 55.975
    endloop
  endfacet
  facet normal 0.00028979 -0.499998 0.866026
    outer loop
      vertex -0.870853 82.8628 56.0107
      vertex -0.870853 53.1942 38.8816
      vertex -0.585271 53.2562 38.9173
    endloop
  endfacet
  facet normal 1.82039e-05 -0.499998 0.866026
    outer loop
      vertex -1.14805 82.9487 56.0603
      vertex -0.870853 53.1942 38.8816
      vertex -0.870853 82.8628 56.0107
    endloop
  endfacet
  facet normal -1.80991e-05 -0.499999 0.866026
    outer loop
      vertex -1.14805 82.9487 56.0603
      vertex -1.14805 53.1083 38.832
      vertex -0.870853 53.1942 38.8816
    endloop
  endfacet
  facet normal 0.000224693 -0.499999 0.866026
    outer loop
      vertex -1.41419 83.0577 56.1233
      vertex -1.14805 53.1083 38.832
      vertex -1.14805 82.9487 56.0603
    endloop
  endfacet
  facet normal -0.000223063 -0.500002 0.866024
    outer loop
      vertex -1.41419 83.0577 56.1233
      vertex -1.41419 52.9993 38.769
      vertex -1.14805 53.1083 38.832
    endloop
  endfacet
  facet normal -0.000311902 -0.500002 0.866024
    outer loop
      vertex -1.66671 83.1888 56.1989
      vertex -1.41419 52.9993 38.769
      vertex -1.41419 83.0577 56.1233
    endloop
  endfacet
  facet normal 0.000309205 -0.499998 0.866027
    outer loop
      vertex -1.66671 83.1888 56.1989
      vertex -1.66671 52.8682 38.6934
      vertex -1.41419 52.9993 38.769
    endloop
  endfacet
  facet normal 3.76491e-06 -0.499998 0.866027
    outer loop
      vertex -1.90318 83.3407 56.2866
      vertex -1.66671 52.8682 38.6934
      vertex -1.66671 83.1888 56.1989
    endloop
  endfacet
  facet normal -3.72756e-06 -0.499998 0.866027
    outer loop
      vertex -1.90318 83.3407 56.2866
      vertex -1.90318 52.7163 38.6057
      vertex -1.66671 52.8682 38.6934
    endloop
  endfacet
  facet normal 0.000231153 -0.499998 0.866027
    outer loop
      vertex -2.12132 83.5119 56.3855
      vertex -1.90318 52.7163 38.6057
      vertex -1.90318 83.3407 56.2866
    endloop
  endfacet
  facet normal -0.000228597 -0.5 0.866025
    outer loop
      vertex -2.12132 83.5119 56.3855
      vertex -2.12132 52.5451 38.5068
      vertex -1.90318 52.7163 38.6057
    endloop
  endfacet
  facet normal 0.000168532 -0.5 0.866025
    outer loop
      vertex -2.31903 83.7008 56.4946
      vertex -2.12132 52.5451 38.5068
      vertex -2.12132 83.5119 56.3855
    endloop
  endfacet
  facet normal -0.0001665 -0.500002 0.866024
    outer loop
      vertex -2.31903 83.7008 56.4946
      vertex -2.31903 52.3562 38.3977
      vertex -2.12132 52.5451 38.5068
    endloop
  endfacet
  facet normal -0.000206911 -0.500002 0.866024
    outer loop
      vertex -2.49441 83.9056 56.6128
      vertex -2.31903 52.3562 38.3977
      vertex -2.31903 83.7008 56.4946
    endloop
  endfacet
  facet normal 0.000204243 -0.5 0.866025
    outer loop
      vertex -2.49441 83.9056 56.6128
      vertex -2.49441 52.1514 38.2795
      vertex -2.31903 52.3562 38.3977
    endloop
  endfacet
  facet normal 0.000191504 -0.5 0.866025
    outer loop
      vertex -2.64576 84.1243 56.7391
      vertex -2.49441 52.1514 38.2795
      vertex -2.49441 83.9056 56.6128
    endloop
  endfacet
  facet normal -0.000188902 -0.500001 0.866025
    outer loop
      vertex -2.64576 84.1243 56.7391
      vertex -2.64576 51.9327 38.1532
      vertex -2.49441 52.1514 38.2795
    endloop
  endfacet
  facet normal -0.000548633 -0.500001 0.866024
    outer loop
      vertex -2.77164 84.3548 56.8721
      vertex -2.64576 51.9327 38.1532
      vertex -2.64576 84.1243 56.7391
    endloop
  endfacet
  facet normal 0.000540889 -0.499998 0.866026
    outer loop
      vertex -2.77164 84.3548 56.8721
      vertex -2.77164 51.7022 38.0202
      vertex -2.64576 51.9327 38.1532
    endloop
  endfacet
  facet normal -0.00012897 -0.500137 0.865946
    outer loop
      vertex -30 102.67 67.4462
      vertex -2.77164 84.3548 56.8721
      vertex -2.87082 84.5948 57.0107
    endloop
  endfacet
  facet normal -4.34556e-06 -0.499998 0.866026
    outer loop
      vertex -2.77164 84.3548 56.8721
      vertex -30 102.67 67.4462
      vertex -2.77164 51.7022 38.0202
    endloop
  endfacet
  facet normal 9.65629e-05 -0.499883 0.866093
    outer loop
      vertex -30 102.67 67.4462
      vertex -2.87082 84.5948 57.0107
      vertex -2.94236 84.8422 57.1535
    endloop
  endfacet
  facet normal -2.36655e-06 -0.499997 0.866027
    outer loop
      vertex -30 33.3875 27.4462
      vertex -2.77164 51.7022 38.0202
      vertex -30 102.67 67.4462
    endloop
  endfacet
  facet normal 1.3055e-05 -0.499978 0.866038
    outer loop
      vertex -30 102.67 67.4462
      vertex -2.94236 84.8422 57.1535
      vertex -2.98555 85.0944 57.2991
    endloop
  endfacet
  facet normal 0.000120655 -0.500135 0.865948
    outer loop
      vertex -2.77164 51.7022 38.0202
      vertex -30 33.3875 27.4462
      vertex -2.87082 51.4622 37.8816
    endloop
  endfacet
  facet normal -0.00025086 -0.500283 0.865862
    outer loop
      vertex -30 102.67 67.4462
      vertex -2.98555 85.0944 57.2991
      vertex -3 85.349 57.4462
    endloop
  endfacet
  facet normal 6.27969e-05 -0.50007 0.865985
    outer loop
      vertex -2.87082 51.4622 37.8816
      vertex -30 33.3875 27.4462
      vertex -2.94236 51.2149 37.7388
    endloop
  endfacet
  facet normal 0.00025086 -0.500283 0.865862
    outer loop
      vertex 2.98555 85.0944 57.2991
      vertex 30 102.67 67.4462
      vertex 3 85.349 57.4462
    endloop
  endfacet
  facet normal -9.8796e-05 -0.499874 0.866098
    outer loop
      vertex 30 102.67 67.4462
      vertex 2.98555 85.6037 57.5932
      vertex 3 85.349 57.4462
    endloop
  endfacet
  facet normal -8.41015e-06 -0.499981 0.866036
    outer loop
      vertex 30 102.67 67.4462
      vertex 2.94236 85.8559 57.7388
      vertex 2.98555 85.6037 57.5932
    endloop
  endfacet
  facet normal 4.53566e-05 -0.500046 0.865999
    outer loop
      vertex 30 102.67 67.4462
      vertex 2.87082 86.1032 57.8816
      vertex 2.94236 85.8559 57.7388
    endloop
  endfacet
  facet normal -3.20629e-05 -0.499951 0.866054
    outer loop
      vertex 30 102.67 67.4462
      vertex 2.77164 86.3433 58.0202
      vertex 2.87082 86.1032 57.8816
    endloop
  endfacet
  facet normal -3.11228e-05 -0.499952 0.866053
    outer loop
      vertex 30 102.67 67.4462
      vertex 2.64576 86.5737 58.1532
      vertex 2.77164 86.3433 58.0202
    endloop
  endfacet
  facet normal 6.00318e-05 -0.500068 0.865986
    outer loop
      vertex 30 102.67 67.4462
      vertex 2.49441 86.7924 58.2795
      vertex 2.64576 86.5737 58.1532
    endloop
  endfacet
  facet normal -6.25388e-05 -0.499909 0.866078
    outer loop
      vertex 30 102.67 67.4462
      vertex 2.31903 86.9972 58.3977
      vertex 2.49441 86.7924 58.2795
    endloop
  endfacet
  facet normal 6.66393e-05 -0.50008 0.865979
    outer loop
      vertex 30 102.67 67.4462
      vertex 2.12132 87.1861 58.5068
      vertex 2.31903 86.9972 58.3977
    endloop
  endfacet
  facet normal 4.08835e-06 -0.499996 0.866028
    outer loop
      vertex 30 102.67 67.4462
      vertex 1.90318 87.3574 58.6057
      vertex 2.12132 87.1861 58.5068
    endloop
  endfacet
  facet normal 0.000101805 -0.50013 0.86595
    outer loop
      vertex 30 102.67 67.4462
      vertex 1.66671 87.5092 58.6934
      vertex 1.90318 87.3574 58.6057
    endloop
  endfacet
  facet normal -0.000153368 -0.499773 0.866157
    outer loop
      vertex 30 102.67 67.4462
      vertex 1.41419 87.6403 58.769
      vertex 1.66671 87.5092 58.6934
    endloop
  endfacet
  facet normal 0.000128541 -0.500175 0.865925
    outer loop
      vertex 30 102.67 67.4462
      vertex 1.14805 87.7493 58.832
      vertex 1.41419 87.6403 58.769
    endloop
  endfacet
  facet normal 1.40017e-05 -0.500009 0.86602
    outer loop
      vertex 30 102.67 67.4462
      vertex 0.870853 87.8352 58.8816
      vertex 1.14805 87.7493 58.832
    endloop
  endfacet
  facet normal -0.000201098 -0.499692 0.866203
    outer loop
      vertex 30 102.67 67.4462
      vertex 0.585271 87.8972 58.9173
      vertex 0.870853 87.8352 58.8816
    endloop
  endfacet
  facet normal 1.78934e-05 -0.500019 0.866015
    outer loop
      vertex 30 102.67 67.4462
      vertex 0.294051 87.9346 58.9389
      vertex 0.585271 87.8972 58.9173
    endloop
  endfacet
  facet normal 0.000225863 -0.500333 0.865833
    outer loop
      vertex 30 102.67 67.4462
      vertex 0 87.9471 58.9462
      vertex 0.294051 87.9346 58.9389
    endloop
  endfacet
  facet normal 0 -0.499988 0.866032
    outer loop
      vertex -30 102.67 67.4462
      vertex 0 87.9471 58.9462
      vertex 30 102.67 67.4462
    endloop
  endfacet
  facet normal -0.000225863 -0.500333 0.865833
    outer loop
      vertex 0 87.9471 58.9462
      vertex -30 102.67 67.4462
      vertex -0.294051 87.9346 58.9389
    endloop
  endfacet
  facet normal -1.78934e-05 -0.500019 0.866015
    outer loop
      vertex -0.294051 87.9346 58.9389
      vertex -30 102.67 67.4462
      vertex -0.585271 87.8972 58.9173
    endloop
  endfacet
  facet normal 0.000201098 -0.499692 0.866203
    outer loop
      vertex -0.585271 87.8972 58.9173
      vertex -30 102.67 67.4462
      vertex -0.870853 87.8352 58.8816
    endloop
  endfacet
  facet normal -1.40017e-05 -0.500009 0.86602
    outer loop
      vertex -0.870853 87.8352 58.8816
      vertex -30 102.67 67.4462
      vertex -1.14805 87.7493 58.832
    endloop
  endfacet
  facet normal -1.77786e-05 -0.499978 0.866038
    outer loop
      vertex -2.94236 51.2149 37.7388
      vertex -30 33.3875 27.4462
      vertex -2.98555 50.9627 37.5932
    endloop
  endfacet
  facet normal 9.8796e-05 -0.499874 0.866098
    outer loop
      vertex -2.98555 85.6037 57.5932
      vertex -30 102.67 67.4462
      vertex -3 85.349 57.4462
    endloop
  endfacet
  facet normal 8.41015e-06 -0.499981 0.866036
    outer loop
      vertex -2.94236 85.8559 57.7388
      vertex -30 102.67 67.4462
      vertex -2.98555 85.6037 57.5932
    endloop
  endfacet
  facet normal -4.53566e-05 -0.500046 0.865999
    outer loop
      vertex -2.87082 86.1032 57.8816
      vertex -30 102.67 67.4462
      vertex -2.94236 85.8559 57.7388
    endloop
  endfacet
  facet normal 3.20629e-05 -0.499951 0.866054
    outer loop
      vertex -2.77164 86.3433 58.0202
      vertex -30 102.67 67.4462
      vertex -2.87082 86.1032 57.8816
    endloop
  endfacet
  facet normal 3.11228e-05 -0.499952 0.866053
    outer loop
      vertex -2.64576 86.5737 58.1532
      vertex -30 102.67 67.4462
      vertex -2.77164 86.3433 58.0202
    endloop
  endfacet
  facet normal -6.00318e-05 -0.500068 0.865986
    outer loop
      vertex -2.49441 86.7924 58.2795
      vertex -30 102.67 67.4462
      vertex -2.64576 86.5737 58.1532
    endloop
  endfacet
  facet normal 6.25388e-05 -0.499909 0.866078
    outer loop
      vertex -2.31903 86.9972 58.3977
      vertex -30 102.67 67.4462
      vertex -2.49441 86.7924 58.2795
    endloop
  endfacet
  facet normal -6.66393e-05 -0.50008 0.865979
    outer loop
      vertex -2.12132 87.1861 58.5068
      vertex -30 102.67 67.4462
      vertex -2.31903 86.9972 58.3977
    endloop
  endfacet
  facet normal -4.08835e-06 -0.499996 0.866028
    outer loop
      vertex -1.90318 87.3574 58.6057
      vertex -30 102.67 67.4462
      vertex -2.12132 87.1861 58.5068
    endloop
  endfacet
  facet normal -0.000101805 -0.50013 0.86595
    outer loop
      vertex -1.66671 87.5092 58.6934
      vertex -30 102.67 67.4462
      vertex -1.90318 87.3574 58.6057
    endloop
  endfacet
  facet normal 0.000153368 -0.499773 0.866157
    outer loop
      vertex -1.41419 87.6403 58.769
      vertex -30 102.67 67.4462
      vertex -1.66671 87.5092 58.6934
    endloop
  endfacet
  facet normal -0.000128541 -0.500175 0.865925
    outer loop
      vertex -1.14805 87.7493 58.832
      vertex -30 102.67 67.4462
      vertex -1.41419 87.6403 58.769
    endloop
  endfacet
  facet normal -1.3055e-05 -0.499978 0.866038
    outer loop
      vertex 2.94236 84.8422 57.1535
      vertex 30 102.67 67.4462
      vertex 2.98555 85.0944 57.2991
    endloop
  endfacet
  facet normal -0.000102735 -0.50012 0.865956
    outer loop
      vertex 2.98555 50.4533 37.2991
      vertex 30 33.3875 27.4462
      vertex 3 50.708 37.4462
    endloop
  endfacet
  facet normal 1.38678e-05 -0.499982 0.866036
    outer loop
      vertex 2.94236 50.2011 37.1535
      vertex 30 33.3875 27.4462
      vertex 2.98555 50.4533 37.2991
    endloop
  endfacet
  facet normal -4.02371e-05 -0.500047 0.865998
    outer loop
      vertex 2.87082 49.9538 37.0107
      vertex 30 33.3875 27.4462
      vertex 2.94236 50.2011 37.1535
    endloop
  endfacet
  facet normal -6.46965e-05 -0.500077 0.865981
    outer loop
      vertex 2.77164 49.7138 36.8721
      vertex 30 33.3875 27.4462
      vertex 2.87082 49.9538 37.0107
    endloop
  endfacet
  facet normal 0.000132243 -0.499831 0.866123
    outer loop
      vertex 2.64576 49.4833 36.7391
      vertex 30 33.3875 27.4462
      vertex 2.77164 49.7138 36.8721
    endloop
  endfacet
  facet normal -5.57859e-05 -0.500071 0.865985
    outer loop
      vertex 2.49441 49.2646 36.6128
      vertex 30 33.3875 27.4462
      vertex 2.64576 49.4833 36.7391
    endloop
  endfacet
  facet normal 6.65129e-05 -0.499912 0.866076
    outer loop
      vertex 2.31903 49.0598 36.4946
      vertex 30 33.3875 27.4462
      vertex 2.49441 49.2646 36.6128
    endloop
  endfacet
  facet normal -6.29316e-05 -0.500083 0.865977
    outer loop
      vertex 2.12132 48.8709 36.3855
      vertex 30 33.3875 27.4462
      vertex 2.31903 49.0598 36.4946
    endloop
  endfacet
  facet normal -9.56328e-05 -0.500127 0.865952
    outer loop
      vertex 1.90318 48.6997 36.2866
      vertex 30 33.3875 27.4462
      vertex 2.12132 48.8709 36.3855
    endloop
  endfacet
  facet normal -2.54469e-06 -0.499999 0.866026
    outer loop
      vertex 1.66671 48.5478 36.1989
      vertex 30 33.3875 27.4462
      vertex 1.90318 48.6997 36.2866
    endloop
  endfacet
  facet normal 0.000156205 -0.499777 0.866154
    outer loop
      vertex 1.41419 48.4167 36.1233
      vertex 30 33.3875 27.4462
      vertex 1.66671 48.5478 36.1989
    endloop
  endfacet
  facet normal -0.000126036 -0.500179 0.865922
    outer loop
      vertex 1.14805 48.3077 36.0603
      vertex 30 33.3875 27.4462
      vertex 1.41419 48.4167 36.1233
    endloop
  endfacet
  facet normal -1.18795e-05 -0.500014 0.866018
    outer loop
      vertex 0.870853 48.2218 36.0107
      vertex 30 33.3875 27.4462
      vertex 1.14805 48.3077 36.0603
    endloop
  endfacet
  facet normal 0.000202772 -0.499698 0.8662
    outer loop
      vertex 0.585271 48.1598 35.975
      vertex 30 33.3875 27.4462
      vertex 0.870853 48.2218 36.0107
    endloop
  endfacet
  facet normal -1.6762e-05 -0.500025 0.866011
    outer loop
      vertex 0.294051 48.1224 35.9534
      vertex 30 33.3875 27.4462
      vertex 0.585271 48.1598 35.975
    endloop
  endfacet
  facet normal 4.57911e-05 -0.499931 0.866065
    outer loop
      vertex 0 48.1099 35.9462
      vertex 30 33.3875 27.4462
      vertex 0.294051 48.1224 35.9534
    endloop
  endfacet
  facet normal -4.57911e-05 -0.499931 0.866065
    outer loop
      vertex -30 33.3875 27.4462
      vertex 0 48.1099 35.9462
      vertex -0.294051 48.1224 35.9534
    endloop
  endfacet
  facet normal 1.6762e-05 -0.500025 0.866011
    outer loop
      vertex -30 33.3875 27.4462
      vertex -0.294051 48.1224 35.9534
      vertex -0.585271 48.1598 35.975
    endloop
  endfacet
  facet normal -0.000202772 -0.499698 0.8662
    outer loop
      vertex -30 33.3875 27.4462
      vertex -0.585271 48.1598 35.975
      vertex -0.870853 48.2218 36.0107
    endloop
  endfacet
  facet normal 1.18795e-05 -0.500014 0.866018
    outer loop
      vertex -30 33.3875 27.4462
      vertex -0.870853 48.2218 36.0107
      vertex -1.14805 48.3077 36.0603
    endloop
  endfacet
  facet normal 0.000126036 -0.500179 0.865922
    outer loop
      vertex -30 33.3875 27.4462
      vertex -1.14805 48.3077 36.0603
      vertex -1.41419 48.4167 36.1233
    endloop
  endfacet
  facet normal -0.000115866 -0.499865 0.866103
    outer loop
      vertex -2.98555 50.9627 37.5932
      vertex -30 33.3875 27.4462
      vertex -3 50.708 37.4462
    endloop
  endfacet
  facet normal 0.000102735 -0.50012 0.865956
    outer loop
      vertex -3 50.708 37.4462
      vertex -30 33.3875 27.4462
      vertex -2.98555 50.4533 37.2991
    endloop
  endfacet
  facet normal -1.38678e-05 -0.499982 0.866036
    outer loop
      vertex -2.98555 50.4533 37.2991
      vertex -30 33.3875 27.4462
      vertex -2.94236 50.2011 37.1535
    endloop
  endfacet
  facet normal 4.02371e-05 -0.500047 0.865998
    outer loop
      vertex -2.94236 50.2011 37.1535
      vertex -30 33.3875 27.4462
      vertex -2.87082 49.9538 37.0107
    endloop
  endfacet
  facet normal 0 -0.500001 0.866025
    outer loop
      vertex 0 48.1099 35.9462
      vertex -30 33.3875 27.4462
      vertex 30 33.3875 27.4462
    endloop
  endfacet
  facet normal -0.000156205 -0.499777 0.866154
    outer loop
      vertex -1.66671 48.5478 36.1989
      vertex -30 33.3875 27.4462
      vertex -1.41419 48.4167 36.1233
    endloop
  endfacet
  facet normal 2.54469e-06 -0.499999 0.866026
    outer loop
      vertex -1.90318 48.6997 36.2866
      vertex -30 33.3875 27.4462
      vertex -1.66671 48.5478 36.1989
    endloop
  endfacet
  facet normal 9.56328e-05 -0.500127 0.865952
    outer loop
      vertex -2.12132 48.8709 36.3855
      vertex -30 33.3875 27.4462
      vertex -1.90318 48.6997 36.2866
    endloop
  endfacet
  facet normal 6.29316e-05 -0.500083 0.865977
    outer loop
      vertex -2.31903 49.0598 36.4946
      vertex -30 33.3875 27.4462
      vertex -2.12132 48.8709 36.3855
    endloop
  endfacet
  facet normal -6.65129e-05 -0.499912 0.866076
    outer loop
      vertex -2.49441 49.2646 36.6128
      vertex -30 33.3875 27.4462
      vertex -2.31903 49.0598 36.4946
    endloop
  endfacet
  facet normal 5.57859e-05 -0.500071 0.865985
    outer loop
      vertex -2.64576 49.4833 36.7391
      vertex -30 33.3875 27.4462
      vertex -2.49441 49.2646 36.6128
    endloop
  endfacet
  facet normal -0.000132243 -0.499831 0.866123
    outer loop
      vertex -2.77164 49.7138 36.8721
      vertex -30 33.3875 27.4462
      vertex -2.64576 49.4833 36.7391
    endloop
  endfacet
  facet normal 6.46965e-05 -0.500077 0.865981
    outer loop
      vertex -2.87082 49.9538 37.0107
      vertex -30 33.3875 27.4462
      vertex -2.77164 49.7138 36.8721
    endloop
  endfacet
  facet normal 5.88428e-05 0.500069 -0.865986
    outer loop
      vertex 2.87082 53.4622 34.4175
      vertex 30 35.3875 23.982
      vertex 2.94236 53.2149 34.2747
    endloop
  endfacet
  facet normal -0.00025086 0.500283 -0.865862
    outer loop
      vertex 30 104.67 63.9821
      vertex 2.98555 87.0944 53.835
      vertex 3 87.349 53.9821
    endloop
  endfacet
  facet normal 0.00011625 0.500133 -0.865948
    outer loop
      vertex 2.77164 53.7022 34.5561
      vertex 30 35.3875 23.982
      vertex 2.87082 53.4622 34.4175
    endloop
  endfacet
  facet normal 1.3055e-05 0.499978 -0.866038
    outer loop
      vertex 30 104.67 63.9821
      vertex 2.94236 86.8422 53.6894
      vertex 2.98555 87.0944 53.835
    endloop
  endfacet
  facet normal -4.70636e-06 0.499998 -0.866026
    outer loop
      vertex 30 35.3875 23.982
      vertex 2.77164 53.7022 34.5561
      vertex 30 104.67 63.9821
    endloop
  endfacet
  facet normal 9.65629e-05 0.499883 -0.866093
    outer loop
      vertex 30 104.67 63.9821
      vertex 2.87082 86.5948 53.5466
      vertex 2.94236 86.8422 53.6894
    endloop
  endfacet
  facet normal -4.34556e-06 0.499998 -0.866026
    outer loop
      vertex 2.77164 86.3548 53.408
      vertex 30 104.67 63.9821
      vertex 2.77164 53.7022 34.5561
    endloop
  endfacet
  facet normal -0.00012897 0.500137 -0.865946
    outer loop
      vertex 30 104.67 63.9821
      vertex 2.77164 86.3548 53.408
      vertex 2.87082 86.5948 53.5466
    endloop
  endfacet
  facet normal 0.000540889 0.499998 -0.866026
    outer loop
      vertex 2.64576 53.9327 34.6891
      vertex 2.77164 86.3548 53.408
      vertex 2.77164 53.7022 34.5561
    endloop
  endfacet
  facet normal -0.000548633 0.500001 -0.866024
    outer loop
      vertex 2.64576 53.9327 34.6891
      vertex 2.64576 86.1243 53.275
      vertex 2.77164 86.3548 53.408
    endloop
  endfacet
  facet normal -0.000188902 0.500001 -0.866025
    outer loop
      vertex 2.49441 54.1514 34.8154
      vertex 2.64576 86.1243 53.275
      vertex 2.64576 53.9327 34.6891
    endloop
  endfacet
  facet normal 0.000191504 0.5 -0.866025
    outer loop
      vertex 2.49441 54.1514 34.8154
      vertex 2.49441 85.9056 53.1487
      vertex 2.64576 86.1243 53.275
    endloop
  endfacet
  facet normal 0.000204243 0.5 -0.866025
    outer loop
      vertex 2.31903 54.3562 34.9336
      vertex 2.49441 85.9056 53.1487
      vertex 2.49441 54.1514 34.8154
    endloop
  endfacet
  facet normal -0.000206911 0.500002 -0.866024
    outer loop
      vertex 2.31903 54.3562 34.9336
      vertex 2.31903 85.7008 53.0305
      vertex 2.49441 85.9056 53.1487
    endloop
  endfacet
  facet normal -0.0001665 0.500002 -0.866024
    outer loop
      vertex 2.12132 54.5451 35.0427
      vertex 2.31903 85.7008 53.0305
      vertex 2.31903 54.3562 34.9336
    endloop
  endfacet
  facet normal 0.000168532 0.5 -0.866025
    outer loop
      vertex 2.12132 54.5451 35.0427
      vertex 2.12132 85.5119 52.9214
      vertex 2.31903 85.7008 53.0305
    endloop
  endfacet
  facet normal -0.000228597 0.5 -0.866025
    outer loop
      vertex 1.90318 54.7163 35.1416
      vertex 2.12132 85.5119 52.9214
      vertex 2.12132 54.5451 35.0427
    endloop
  endfacet
  facet normal 0.000231153 0.499998 -0.866027
    outer loop
      vertex 1.90318 54.7163 35.1416
      vertex 1.90318 85.3407 52.8225
      vertex 2.12132 85.5119 52.9214
    endloop
  endfacet
  facet normal -3.72756e-06 0.499998 -0.866027
    outer loop
      vertex 1.66671 54.8682 35.2293
      vertex 1.90318 85.3407 52.8225
      vertex 1.90318 54.7163 35.1416
    endloop
  endfacet
  facet normal 3.76491e-06 0.499998 -0.866027
    outer loop
      vertex 1.66671 54.8682 35.2293
      vertex 1.66671 85.1888 52.7348
      vertex 1.90318 85.3407 52.8225
    endloop
  endfacet
  facet normal 0.000309205 0.499998 -0.866027
    outer loop
      vertex 1.41419 54.9993 35.3049
      vertex 1.66671 85.1888 52.7348
      vertex 1.66671 54.8682 35.2293
    endloop
  endfacet
  facet normal -0.000311902 0.500002 -0.866024
    outer loop
      vertex 1.41419 54.9993 35.3049
      vertex 1.41419 85.0577 52.6592
      vertex 1.66671 85.1888 52.7348
    endloop
  endfacet
  facet normal -0.000223063 0.500002 -0.866024
    outer loop
      vertex 1.14805 55.1083 35.3679
      vertex 1.41419 85.0577 52.6592
      vertex 1.41419 54.9993 35.3049
    endloop
  endfacet
  facet normal 0.000224693 0.499999 -0.866026
    outer loop
      vertex 1.14805 55.1083 35.3679
      vertex 1.14805 84.9487 52.5962
      vertex 1.41419 85.0577 52.6592
    endloop
  endfacet
  facet normal -1.80991e-05 0.499999 -0.866026
    outer loop
      vertex 0.870853 55.1942 35.4175
      vertex 1.14805 84.9487 52.5962
      vertex 1.14805 55.1083 35.3679
    endloop
  endfacet
  facet normal 1.82039e-05 0.499998 -0.866026
    outer loop
      vertex 0.870853 55.1942 35.4175
      vertex 0.870853 84.8628 52.5466
      vertex 1.14805 84.9487 52.5962
    endloop
  endfacet
  facet normal 0.00028979 0.499998 -0.866026
    outer loop
      vertex 0.585271 55.2562 35.4532
      vertex 0.870853 84.8628 52.5466
      vertex 0.870853 55.1942 35.4175
    endloop
  endfacet
  facet normal -0.000115557 0.500001 -0.866025
    outer loop
      vertex 0.585271 55.2562 35.4532
      vertex 0.585271 84.8009 52.5109
      vertex 0.870853 84.8628 52.5466
    endloop
  endfacet
  facet normal -2.08897e-05 0.500001 -0.866025
    outer loop
      vertex 0.294051 55.2936 35.4748
      vertex 0.585271 84.8009 52.5109
      vertex 0.585271 55.2562 35.4532
    endloop
  endfacet
  facet normal 2.09427e-05 0.500001 -0.866025
    outer loop
      vertex 0.294051 55.2936 35.4748
      vertex 0.294051 84.7635 52.4893
      vertex 0.585271 84.8009 52.5109
    endloop
  endfacet
  facet normal -0.000244749 0.500001 -0.866025
    outer loop
      vertex 0 55.3061 35.4821
      vertex 0.294051 84.7635 52.4893
      vertex 0.294051 55.2936 35.4748
    endloop
  endfacet
  facet normal -0.000219794 0.500001 -0.866025
    outer loop
      vertex 0 55.3061 35.4821
      vertex 0 84.7509 52.4821
      vertex 0.294051 84.7635 52.4893
    endloop
  endfacet
  facet normal 0.00024476 0.500001 -0.866025
    outer loop
      vertex -0.294051 55.2936 35.4748
      vertex 0 84.7509 52.4821
      vertex 0 55.3061 35.4821
    endloop
  endfacet
  facet normal 0.000219805 0.500001 -0.866025
    outer loop
      vertex -0.294051 55.2936 35.4748
      vertex -0.294051 84.7635 52.4893
      vertex 0 84.7509 52.4821
    endloop
  endfacet
  facet normal 2.09427e-05 0.500001 -0.866025
    outer loop
      vertex -0.585271 55.2562 35.4532
      vertex -0.294051 84.7635 52.4893
      vertex -0.294051 55.2936 35.4748
    endloop
  endfacet
  facet normal -2.08897e-05 0.500001 -0.866025
    outer loop
      vertex -0.585271 55.2562 35.4532
      vertex -0.585271 84.8009 52.5109
      vertex -0.294051 84.7635 52.4893
    endloop
  endfacet
  facet normal -0.000290639 0.500001 -0.866025
    outer loop
      vertex -0.870853 55.1942 35.4175
      vertex -0.585271 84.8009 52.5109
      vertex -0.585271 55.2562 35.4532
    endloop
  endfacet
  facet normal 0.00011471 0.499998 -0.866026
    outer loop
      vertex -0.870853 55.1942 35.4175
      vertex -0.870853 84.8628 52.5466
      vertex -0.585271 84.8009 52.5109
    endloop
  endfacet
  facet normal 1.82039e-05 0.499998 -0.866026
    outer loop
      vertex -1.14805 55.1083 35.3679
      vertex -0.870853 84.8628 52.5466
      vertex -0.870853 55.1942 35.4175
    endloop
  endfacet
  facet normal -1.80991e-05 0.499999 -0.866026
    outer loop
      vertex -1.14805 55.1083 35.3679
      vertex -1.14805 84.9487 52.5962
      vertex -0.870853 84.8628 52.5466
    endloop
  endfacet
  facet normal 0.000224693 0.499999 -0.866026
    outer loop
      vertex -1.41419 54.9993 35.3049
      vertex -1.14805 84.9487 52.5962
      vertex -1.14805 55.1083 35.3679
    endloop
  endfacet
  facet normal -0.000223063 0.500002 -0.866024
    outer loop
      vertex -1.41419 54.9993 35.3049
      vertex -1.41419 85.0577 52.6592
      vertex -1.14805 84.9487 52.5962
    endloop
  endfacet
  facet normal -0.000311902 0.500002 -0.866024
    outer loop
      vertex -1.66671 54.8682 35.2293
      vertex -1.41419 85.0577 52.6592
      vertex -1.41419 54.9993 35.3049
    endloop
  endfacet
  facet normal 0.000309205 0.499998 -0.866027
    outer loop
      vertex -1.66671 54.8682 35.2293
      vertex -1.66671 85.1888 52.7348
      vertex -1.41419 85.0577 52.6592
    endloop
  endfacet
  facet normal 3.76491e-06 0.499998 -0.866027
    outer loop
      vertex -1.90318 54.7163 35.1416
      vertex -1.66671 85.1888 52.7348
      vertex -1.66671 54.8682 35.2293
    endloop
  endfacet
  facet normal -3.72756e-06 0.499998 -0.866027
    outer loop
      vertex -1.90318 54.7163 35.1416
      vertex -1.90318 85.3407 52.8225
      vertex -1.66671 85.1888 52.7348
    endloop
  endfacet
  facet normal 0.000231153 0.499998 -0.866027
    outer loop
      vertex -2.12132 54.5451 35.0427
      vertex -1.90318 85.3407 52.8225
      vertex -1.90318 54.7163 35.1416
    endloop
  endfacet
  facet normal -0.000228597 0.5 -0.866025
    outer loop
      vertex -2.12132 54.5451 35.0427
      vertex -2.12132 85.5119 52.9214
      vertex -1.90318 85.3407 52.8225
    endloop
  endfacet
  facet normal 0.000168532 0.5 -0.866025
    outer loop
      vertex -2.31903 54.3562 34.9336
      vertex -2.12132 85.5119 52.9214
      vertex -2.12132 54.5451 35.0427
    endloop
  endfacet
  facet normal -0.0001665 0.500002 -0.866024
    outer loop
      vertex -2.31903 54.3562 34.9336
      vertex -2.31903 85.7008 53.0305
      vertex -2.12132 85.5119 52.9214
    endloop
  endfacet
  facet normal -0.000206911 0.500002 -0.866024
    outer loop
      vertex -2.49441 54.1514 34.8154
      vertex -2.31903 85.7008 53.0305
      vertex -2.31903 54.3562 34.9336
    endloop
  endfacet
  facet normal 0.000204243 0.5 -0.866025
    outer loop
      vertex -2.49441 54.1514 34.8154
      vertex -2.49441 85.9056 53.1487
      vertex -2.31903 85.7008 53.0305
    endloop
  endfacet
  facet normal 0.000191504 0.5 -0.866025
    outer loop
      vertex -2.64576 53.9327 34.6891
      vertex -2.49441 85.9056 53.1487
      vertex -2.49441 54.1514 34.8154
    endloop
  endfacet
  facet normal -0.000188902 0.500001 -0.866025
    outer loop
      vertex -2.64576 53.9327 34.6891
      vertex -2.64576 86.1243 53.275
      vertex -2.49441 85.9056 53.1487
    endloop
  endfacet
  facet normal -0.000548633 0.500001 -0.866024
    outer loop
      vertex -2.77164 53.7022 34.5561
      vertex -2.64576 86.1243 53.275
      vertex -2.64576 53.9327 34.6891
    endloop
  endfacet
  facet normal 0.000540889 0.499998 -0.866026
    outer loop
      vertex -2.77164 53.7022 34.5561
      vertex -2.77164 86.3548 53.408
      vertex -2.64576 86.1243 53.275
    endloop
  endfacet
  facet normal -0.00011625 0.500133 -0.865948
    outer loop
      vertex -30 35.3875 23.982
      vertex -2.77164 53.7022 34.5561
      vertex -2.87082 53.4622 34.4175
    endloop
  endfacet
  facet normal 4.83601e-06 0.499998 -0.866026
    outer loop
      vertex -2.77164 53.7022 34.5561
      vertex -30 35.3875 23.982
      vertex -2.77164 86.3548 53.408
    endloop
  endfacet
  facet normal -5.88428e-05 0.500069 -0.865986
    outer loop
      vertex -30 35.3875 23.982
      vertex -2.87082 53.4622 34.4175
      vertex -2.94236 53.2149 34.2747
    endloop
  endfacet
  facet normal 4.47521e-06 0.499998 -0.866026
    outer loop
      vertex -30 104.67 63.9821
      vertex -2.77164 86.3548 53.408
      vertex -30 35.3875 23.982
    endloop
  endfacet
  facet normal 2.13864e-05 0.499977 -0.866038
    outer loop
      vertex -30 35.3875 23.982
      vertex -2.94236 53.2149 34.2747
      vertex -2.98555 52.9627 34.1291
    endloop
  endfacet
  facet normal 0.00012897 0.500137 -0.865946
    outer loop
      vertex -2.77164 86.3548 53.408
      vertex -30 104.67 63.9821
      vertex -2.87082 86.5948 53.5466
    endloop
  endfacet
  facet normal 0.000119195 0.499865 -0.866104
    outer loop
      vertex -30 35.3875 23.982
      vertex -2.98555 52.9627 34.1291
      vertex -3 52.708 33.9821
    endloop
  endfacet
  facet normal -9.65629e-05 0.499883 -0.866093
    outer loop
      vertex -2.87082 86.5948 53.5466
      vertex -30 104.67 63.9821
      vertex -2.94236 86.8422 53.6894
    endloop
  endfacet
  facet normal -0.000119195 0.499865 -0.866104
    outer loop
      vertex 2.98555 52.9627 34.1291
      vertex 30 35.3875 23.982
      vertex 3 52.708 33.9821
    endloop
  endfacet
  facet normal 9.96401e-05 0.50012 -0.865956
    outer loop
      vertex 30 35.3875 23.982
      vertex 2.98555 52.4533 33.835
      vertex 3 52.708 33.9821
    endloop
  endfacet
  facet normal -1.67607e-05 0.499982 -0.866036
    outer loop
      vertex 30 35.3875 23.982
      vertex 2.94236 52.2011 33.6894
      vertex 2.98555 52.4533 33.835
    endloop
  endfacet
  facet normal 3.75242e-05 0.500048 -0.865998
    outer loop
      vertex 30 35.3875 23.982
      vertex 2.87082 51.9538 33.5466
      vertex 2.94236 52.2011 33.6894
    endloop
  endfacet
  facet normal 6.21476e-05 0.500078 -0.86598
    outer loop
      vertex 30 35.3875 23.982
      vertex 2.77164 51.7138 33.408
      vertex 2.87082 51.9538 33.5466
    endloop
  endfacet
  facet normal -0.000134639 0.499832 -0.866122
    outer loop
      vertex 30 35.3875 23.982
      vertex 2.64576 51.4833 33.275
      vertex 2.77164 51.7138 33.408
    endloop
  endfacet
  facet normal 5.35362e-05 0.500072 -0.865984
    outer loop
      vertex 30 35.3875 23.982
      vertex 2.49441 51.2646 33.1487
      vertex 2.64576 51.4833 33.275
    endloop
  endfacet
  facet normal -6.862e-05 0.499913 -0.866076
    outer loop
      vertex 30 35.3875 23.982
      vertex 2.31903 51.0598 33.0305
      vertex 2.49441 51.2646 33.1487
    endloop
  endfacet
  facet normal 6.09672e-05 0.500085 -0.865977
    outer loop
      vertex 30 35.3875 23.982
      vertex 2.12132 50.8709 32.9214
      vertex 2.31903 51.0598 33.0305
    endloop
  endfacet
  facet normal 9.38137e-05 0.500129 -0.865951
    outer loop
      vertex 30 35.3875 23.982
      vertex 1.90318 50.6997 32.8225
      vertex 2.12132 50.8709 32.9214
    endloop
  endfacet
  facet normal 8.77136e-07 0.500001 -0.866025
    outer loop
      vertex 30 35.3875 23.982
      vertex 1.66671 50.5478 32.7348
      vertex 1.90318 50.6997 32.8225
    endloop
  endfacet
  facet normal -0.000157711 0.499779 -0.866153
    outer loop
      vertex 30 35.3875 23.982
      vertex 1.41419 50.4167 32.6592
      vertex 1.66671 50.5478 32.7348
    endloop
  endfacet
  facet normal 0.000124709 0.500182 -0.86592
    outer loop
      vertex 30 35.3875 23.982
      vertex 1.14805 50.3077 32.5962
      vertex 1.41419 50.4167 32.6592
    endloop
  endfacet
  facet normal 1.07548e-05 0.500016 -0.866016
    outer loop
      vertex 30 35.3875 23.982
      vertex 0.870853 50.2218 32.5466
      vertex 1.14805 50.3077 32.5962
    endloop
  endfacet
  facet normal -0.00020366 0.499701 -0.866198
    outer loop
      vertex 30 35.3875 23.982
      vertex 0.585271 50.1598 32.5109
      vertex 0.870853 50.2218 32.5466
    endloop
  endfacet
  facet normal 1.61624e-05 0.500029 -0.866009
    outer loop
      vertex 30 35.3875 23.982
      vertex 0.294051 50.1224 32.4893
      vertex 0.585271 50.1598 32.5109
    endloop
  endfacet
  facet normal -4.60211e-05 0.499935 -0.866063
    outer loop
      vertex 30 35.3875 23.982
      vertex 0 50.1099 32.4821
      vertex 0.294051 50.1224 32.4893
    endloop
  endfacet
  facet normal 0 0.500005 -0.866022
    outer loop
      vertex -30 35.3875 23.982
      vertex 0 50.1099 32.4821
      vertex 30 35.3875 23.982
    endloop
  endfacet
  facet normal 4.60211e-05 0.499935 -0.866063
    outer loop
      vertex 0 50.1099 32.4821
      vertex -30 35.3875 23.982
      vertex -0.294051 50.1224 32.4893
    endloop
  endfacet
  facet normal -1.61624e-05 0.500029 -0.866009
    outer loop
      vertex -0.294051 50.1224 32.4893
      vertex -30 35.3875 23.982
      vertex -0.585271 50.1598 32.5109
    endloop
  endfacet
  facet normal 0.00020366 0.499701 -0.866198
    outer loop
      vertex -0.585271 50.1598 32.5109
      vertex -30 35.3875 23.982
      vertex -0.870853 50.2218 32.5466
    endloop
  endfacet
  facet normal -1.07548e-05 0.500016 -0.866016
    outer loop
      vertex -0.870853 50.2218 32.5466
      vertex -30 35.3875 23.982
      vertex -1.14805 50.3077 32.5962
    endloop
  endfacet
  facet normal -1.3055e-05 0.499978 -0.866038
    outer loop
      vertex -2.94236 86.8422 53.6894
      vertex -30 104.67 63.9821
      vertex -2.98555 87.0944 53.835
    endloop
  endfacet
  facet normal -9.96401e-05 0.50012 -0.865956
    outer loop
      vertex -2.98555 52.4533 33.835
      vertex -30 35.3875 23.982
      vertex -3 52.708 33.9821
    endloop
  endfacet
  facet normal 1.67607e-05 0.499982 -0.866036
    outer loop
      vertex -2.94236 52.2011 33.6894
      vertex -30 35.3875 23.982
      vertex -2.98555 52.4533 33.835
    endloop
  endfacet
  facet normal -3.75242e-05 0.500048 -0.865998
    outer loop
      vertex -2.87082 51.9538 33.5466
      vertex -30 35.3875 23.982
      vertex -2.94236 52.2011 33.6894
    endloop
  endfacet
  facet normal -6.21476e-05 0.500078 -0.86598
    outer loop
      vertex -2.77164 51.7138 33.408
      vertex -30 35.3875 23.982
      vertex -2.87082 51.9538 33.5466
    endloop
  endfacet
  facet normal 0.000134639 0.499832 -0.866122
    outer loop
      vertex -2.64576 51.4833 33.275
      vertex -30 35.3875 23.982
      vertex -2.77164 51.7138 33.408
    endloop
  endfacet
  facet normal -5.35362e-05 0.500072 -0.865984
    outer loop
      vertex -2.49441 51.2646 33.1487
      vertex -30 35.3875 23.982
      vertex -2.64576 51.4833 33.275
    endloop
  endfacet
  facet normal 6.862e-05 0.499913 -0.866076
    outer loop
      vertex -2.31903 51.0598 33.0305
      vertex -30 35.3875 23.982
      vertex -2.49441 51.2646 33.1487
    endloop
  endfacet
  facet normal -6.09672e-05 0.500085 -0.865977
    outer loop
      vertex -2.12132 50.8709 32.9214
      vertex -30 35.3875 23.982
      vertex -2.31903 51.0598 33.0305
    endloop
  endfacet
  facet normal -9.38137e-05 0.500129 -0.865951
    outer loop
      vertex -1.90318 50.6997 32.8225
      vertex -30 35.3875 23.982
      vertex -2.12132 50.8709 32.9214
    endloop
  endfacet
  facet normal -8.77136e-07 0.500001 -0.866025
    outer loop
      vertex -1.66671 50.5478 32.7348
      vertex -30 35.3875 23.982
      vertex -1.90318 50.6997 32.8225
    endloop
  endfacet
  facet normal 0.000157711 0.499779 -0.866153
    outer loop
      vertex -1.41419 50.4167 32.6592
      vertex -30 35.3875 23.982
      vertex -1.66671 50.5478 32.7348
    endloop
  endfacet
  facet normal -0.000124709 0.500182 -0.86592
    outer loop
      vertex -1.14805 50.3077 32.5962
      vertex -30 35.3875 23.982
      vertex -1.41419 50.4167 32.6592
    endloop
  endfacet
  facet normal -2.13864e-05 0.499977 -0.866038
    outer loop
      vertex 2.94236 53.2149 34.2747
      vertex 30 35.3875 23.982
      vertex 2.98555 52.9627 34.1291
    endloop
  endfacet
  facet normal 9.8796e-05 0.499874 -0.866098
    outer loop
      vertex 2.98555 87.6037 54.1291
      vertex 30 104.67 63.9821
      vertex 3 87.349 53.9821
    endloop
  endfacet
  facet normal 8.41015e-06 0.499981 -0.866036
    outer loop
      vertex 2.94236 87.8559 54.2747
      vertex 30 104.67 63.9821
      vertex 2.98555 87.6037 54.1291
    endloop
  endfacet
  facet normal -4.53566e-05 0.500046 -0.865999
    outer loop
      vertex 2.87082 88.1032 54.4175
      vertex 30 104.67 63.9821
      vertex 2.94236 87.8559 54.2747
    endloop
  endfacet
  facet normal 3.20629e-05 0.499951 -0.866054
    outer loop
      vertex 2.77164 88.3433 54.5561
      vertex 30 104.67 63.9821
      vertex 2.87082 88.1032 54.4175
    endloop
  endfacet
  facet normal 3.11228e-05 0.499952 -0.866053
    outer loop
      vertex 2.64576 88.5737 54.6891
      vertex 30 104.67 63.9821
      vertex 2.77164 88.3433 54.5561
    endloop
  endfacet
  facet normal -6.00318e-05 0.500068 -0.865986
    outer loop
      vertex 2.49441 88.7924 54.8154
      vertex 30 104.67 63.9821
      vertex 2.64576 88.5737 54.6891
    endloop
  endfacet
  facet normal 6.25388e-05 0.499909 -0.866078
    outer loop
      vertex 2.31903 88.9972 54.9336
      vertex 30 104.67 63.9821
      vertex 2.49441 88.7924 54.8154
    endloop
  endfacet
  facet normal -6.66393e-05 0.50008 -0.865979
    outer loop
      vertex 2.12132 89.1861 55.0427
      vertex 30 104.67 63.9821
      vertex 2.31903 88.9972 54.9336
    endloop
  endfacet
  facet normal -4.08835e-06 0.499996 -0.866028
    outer loop
      vertex 1.90318 89.3574 55.1416
      vertex 30 104.67 63.9821
      vertex 2.12132 89.1861 55.0427
    endloop
  endfacet
  facet normal -0.000101805 0.50013 -0.86595
    outer loop
      vertex 1.66671 89.5092 55.2293
      vertex 30 104.67 63.9821
      vertex 1.90318 89.3574 55.1416
    endloop
  endfacet
  facet normal 0.000153368 0.499773 -0.866157
    outer loop
      vertex 1.41419 89.6403 55.3049
      vertex 30 104.67 63.9821
      vertex 1.66671 89.5092 55.2293
    endloop
  endfacet
  facet normal -0.000128541 0.500175 -0.865925
    outer loop
      vertex 1.14805 89.7493 55.3679
      vertex 30 104.67 63.9821
      vertex 1.41419 89.6403 55.3049
    endloop
  endfacet
  facet normal -1.40017e-05 0.500009 -0.86602
    outer loop
      vertex 0.870853 89.8352 55.4175
      vertex 30 104.67 63.9821
      vertex 1.14805 89.7493 55.3679
    endloop
  endfacet
  facet normal 0.000201098 0.499692 -0.866203
    outer loop
      vertex 0.585271 89.8972 55.4532
      vertex 30 104.67 63.9821
      vertex 0.870853 89.8352 55.4175
    endloop
  endfacet
  facet normal -1.78934e-05 0.500019 -0.866015
    outer loop
      vertex 0.294051 89.9346 55.4748
      vertex 30 104.67 63.9821
      vertex 0.585271 89.8972 55.4532
    endloop
  endfacet
  facet normal -0.000225863 0.500333 -0.865833
    outer loop
      vertex 0 89.9471 55.4821
      vertex 30 104.67 63.9821
      vertex 0.294051 89.9346 55.4748
    endloop
  endfacet
  facet normal 0.000225863 0.500333 -0.865833
    outer loop
      vertex -30 104.67 63.9821
      vertex 0 89.9471 55.4821
      vertex -0.294051 89.9346 55.4748
    endloop
  endfacet
  facet normal 1.78934e-05 0.500019 -0.866015
    outer loop
      vertex -30 104.67 63.9821
      vertex -0.294051 89.9346 55.4748
      vertex -0.585271 89.8972 55.4532
    endloop
  endfacet
  facet normal -0.000201098 0.499692 -0.866203
    outer loop
      vertex -30 104.67 63.9821
      vertex -0.585271 89.8972 55.4532
      vertex -0.870853 89.8352 55.4175
    endloop
  endfacet
  facet normal 1.40017e-05 0.500009 -0.86602
    outer loop
      vertex -30 104.67 63.9821
      vertex -0.870853 89.8352 55.4175
      vertex -1.14805 89.7493 55.3679
    endloop
  endfacet
  facet normal 0.000128541 0.500175 -0.865925
    outer loop
      vertex -30 104.67 63.9821
      vertex -1.14805 89.7493 55.3679
      vertex -1.41419 89.6403 55.3049
    endloop
  endfacet
  facet normal 0.00025086 0.500283 -0.865862
    outer loop
      vertex -2.98555 87.0944 53.835
      vertex -30 104.67 63.9821
      vertex -3 87.349 53.9821
    endloop
  endfacet
  facet normal -9.8796e-05 0.499874 -0.866098
    outer loop
      vertex -3 87.349 53.9821
      vertex -30 104.67 63.9821
      vertex -2.98555 87.6037 54.1291
    endloop
  endfacet
  facet normal -8.41015e-06 0.499981 -0.866036
    outer loop
      vertex -2.98555 87.6037 54.1291
      vertex -30 104.67 63.9821
      vertex -2.94236 87.8559 54.2747
    endloop
  endfacet
  facet normal 4.53566e-05 0.500046 -0.865999
    outer loop
      vertex -2.94236 87.8559 54.2747
      vertex -30 104.67 63.9821
      vertex -2.87082 88.1032 54.4175
    endloop
  endfacet
  facet normal 0 0.499988 -0.866032
    outer loop
      vertex 0 89.9471 55.4821
      vertex -30 104.67 63.9821
      vertex 30 104.67 63.9821
    endloop
  endfacet
  facet normal -0.000153368 0.499773 -0.866157
    outer loop
      vertex -1.66671 89.5092 55.2293
      vertex -30 104.67 63.9821
      vertex -1.41419 89.6403 55.3049
    endloop
  endfacet
  facet normal 0.000101805 0.50013 -0.86595
    outer loop
      vertex -1.90318 89.3574 55.1416
      vertex -30 104.67 63.9821
      vertex -1.66671 89.5092 55.2293
    endloop
  endfacet
  facet normal 4.08835e-06 0.499996 -0.866028
    outer loop
      vertex -2.12132 89.1861 55.0427
      vertex -30 104.67 63.9821
      vertex -1.90318 89.3574 55.1416
    endloop
  endfacet
  facet normal 6.66393e-05 0.50008 -0.865979
    outer loop
      vertex -2.31903 88.9972 54.9336
      vertex -30 104.67 63.9821
      vertex -2.12132 89.1861 55.0427
    endloop
  endfacet
  facet normal -6.25388e-05 0.499909 -0.866078
    outer loop
      vertex -2.49441 88.7924 54.8154
      vertex -30 104.67 63.9821
      vertex -2.31903 88.9972 54.9336
    endloop
  endfacet
  facet normal 6.00318e-05 0.500068 -0.865986
    outer loop
      vertex -2.64576 88.5737 54.6891
      vertex -30 104.67 63.9821
      vertex -2.49441 88.7924 54.8154
    endloop
  endfacet
  facet normal -3.11228e-05 0.499952 -0.866053
    outer loop
      vertex -2.77164 88.3433 54.5561
      vertex -30 104.67 63.9821
      vertex -2.64576 88.5737 54.6891
    endloop
  endfacet
  facet normal -3.20629e-05 0.499951 -0.866054
    outer loop
      vertex -2.87082 88.1032 54.4175
      vertex -30 104.67 63.9821
      vertex -2.77164 88.3433 54.5561
    endloop
  endfacet
  facet normal -1 0 0
    outer loop
      vertex -30 35.3875 23.982
      vertex -30 102.67 67.4462
      vertex -30 104.67 63.9821
    endloop
  endfacet
  facet normal -1 0 0
    outer loop
      vertex -30 102.67 67.4462
      vertex -30 35.3875 23.982
      vertex -30 33.3875 27.4462
    endloop
  endfacet
  facet normal 0 0.866025 0.5
    outer loop
      vertex 30 104.67 63.9821
      vertex -30 102.67 67.4462
      vertex 30 102.67 67.4462
    endloop
  endfacet
  facet normal 0 0.866025 0.5
    outer loop
      vertex -30 102.67 67.4462
      vertex 30 104.67 63.9821
      vertex -30 104.67 63.9821
    endloop
  endfacet
  facet normal 0 -0.866032 -0.499989
    outer loop
      vertex -30 35.3875 23.982
      vertex 30 33.3875 27.4462
      vertex -30 33.3875 27.4462
    endloop
  endfacet
  facet normal 0 -0.866032 -0.499989
    outer loop
      vertex 30 33.3875 27.4462
      vertex -30 35.3875 23.982
      vertex 30 35.3875 23.982
    endloop
  endfacet
  facet normal -1 0 0
    outer loop
      vertex -15 12.452 10.7402
      vertex -15 46.2643 25.6429
      vertex -15 12.452 6.12143
    endloop
  endfacet
  facet normal -1 -0 0
    outer loop
      vertex -15 46.2643 25.6429
      vertex -15 12.452 10.7402
      vertex -15 44.2643 29.107
    endloop
  endfacet
  facet normal -1 0 0
    outer loop
      vertex -15 -6.8302 -0.392345
      vertex -15 6.8302 2.87568
      vertex -15 -5.26426 -4.10705
    endloop
  endfacet
  facet normal -1 0 0
    outer loop
      vertex -15 -6.8302 -0.392345
      vertex -15 -5.26426 -4.10705
      vertex -15 -6.8302 -1.39476
    endloop
  endfacet
  facet normal -1 -0 0
    outer loop
      vertex -15 6.8302 2.87568
      vertex -15 -6.8302 -0.392345
      vertex -15 6.8302 7.49449
    endloop
  endfacet
  facet normal 1 0 0
    outer loop
      vertex 15 12.452 10.7402
      vertex 15 46.2643 25.6429
      vertex 15 44.2643 29.107
    endloop
  endfacet
  facet normal 1 0 0
    outer loop
      vertex 15 46.2643 25.6429
      vertex 15 12.452 10.7402
      vertex 15 12.452 6.12143
    endloop
  endfacet
  facet normal 1 0 0
    outer loop
      vertex 15 -6.8302 -0.392345
      vertex 15 6.8302 2.87568
      vertex 15 6.8302 7.49449
    endloop
  endfacet
  facet normal 1 0 0
    outer loop
      vertex 15 6.8302 2.87568
      vertex 15 -6.8302 -0.392345
      vertex 15 -5.26426 -4.10705
    endloop
  endfacet
  facet normal 1 0 0
    outer loop
      vertex 15 -5.26426 -4.10705
      vertex 15 -6.8302 -0.392345
      vertex 15 -6.8302 -1.39476
    endloop
  endfacet
  facet normal 1.09447e-05 -0.499999 0.866026
    outer loop
      vertex 15 44.2643 29.107
      vertex 13.7886 13.7886 11.5119
      vertex 15 12.452 10.7402
    endloop
  endfacet
  facet normal 2.91406e-05 -0.5 0.866026
    outer loop
      vertex 15 44.2643 29.107
      vertex 12.3707 15.0737 12.2539
      vertex 13.7886 13.7886 11.5119
    endloop
  endfacet
  facet normal -3.241e-05 -0.499996 0.866028
    outer loop
      vertex 15 44.2643 29.107
      vertex 11.7959 15.5 12.5
      vertex 12.3707 15.0737 12.2539
    endloop
  endfacet
  facet normal 0 -0.499998 0.866026
    outer loop
      vertex 15 44.2643 29.107
      vertex 5.59884 15.5 12.5
      vertex 11.7959 15.5 12.5
    endloop
  endfacet
  facet normal 0 -0.499998 0.866026
    outer loop
      vertex 15 44.2643 29.107
      vertex -5.59884 15.5 12.5
      vertex 5.59884 15.5 12.5
    endloop
  endfacet
  facet normal 0 -0.499998 0.866026
    outer loop
      vertex -15 44.2643 29.107
      vertex -5.59884 15.5 12.5
      vertex 15 44.2643 29.107
    endloop
  endfacet
  facet normal 0 -0.499998 0.866026
    outer loop
      vertex -5.59884 15.5 12.5
      vertex -15 44.2643 29.107
      vertex -11.7959 15.5 12.5
    endloop
  endfacet
  facet normal 3.241e-05 -0.499996 0.866028
    outer loop
      vertex -11.7959 15.5 12.5
      vertex -15 44.2643 29.107
      vertex -12.3707 15.0737 12.2539
    endloop
  endfacet
  facet normal -2.91406e-05 -0.5 0.866026
    outer loop
      vertex -12.3707 15.0737 12.2539
      vertex -15 44.2643 29.107
      vertex -13.7886 13.7886 11.5119
    endloop
  endfacet
  facet normal -1.09447e-05 -0.499999 0.866026
    outer loop
      vertex -13.7886 13.7886 11.5119
      vertex -15 44.2643 29.107
      vertex -15 12.452 10.7402
    endloop
  endfacet
  facet normal 2.69228e-06 -0.5 0.866025
    outer loop
      vertex 15 6.8302 7.49449
      vertex 14.7947 -7.26426 -0.642949
      vertex 15 -6.8302 -0.392345
    endloop
  endfacet
  facet normal 1.69326e-05 -0.499993 0.866029
    outer loop
      vertex 13.7192 9.16691 8.84359
      vertex 15 6.8302 7.49449
      vertex 14.5517 7.77805 8.04173
    endloop
  endfacet
  facet normal 4.20729e-08 -0.5 0.866025
    outer loop
      vertex 15 6.8302 7.49449
      vertex 13.7192 9.16691 8.84359
      vertex 14.7947 -7.26426 -0.642949
    endloop
  endfacet
  facet normal -5.78486e-06 -0.5 0.866025
    outer loop
      vertex 12.7547 10.4675 9.59448
      vertex 14.7947 -7.26426 -0.642949
      vertex 13.7192 9.16691 8.84359
    endloop
  endfacet
  facet normal 1.42747e-05 -0.499998 0.866026
    outer loop
      vertex 11.6673 11.6673 10.2872
      vertex 14.7947 -7.26426 -0.642949
      vertex 12.7547 10.4675 9.59448
    endloop
  endfacet
  facet normal -9.4459e-06 -0.500001 0.866025
    outer loop
      vertex 10.4675 12.7547 10.915
      vertex 14.7947 -7.26426 -0.642949
      vertex 11.6673 11.6673 10.2872
    endloop
  endfacet
  facet normal 3.63246e-05 -0.499994 0.866029
    outer loop
      vertex 9.16691 13.7192 11.4719
      vertex 14.7947 -7.26426 -0.642949
      vertex 10.4675 12.7547 10.915
    endloop
  endfacet
  facet normal -3.40247e-05 -0.500008 0.866021
    outer loop
      vertex 7.77805 14.5517 11.9525
      vertex 14.7947 -7.26426 -0.642949
      vertex 9.16691 13.7192 11.4719
    endloop
  endfacet
  facet normal -9.04989e-06 -0.500015 0.866017
    outer loop
      vertex 5.59884 15.5 12.5
      vertex 7.77805 14.5517 11.9525
      vertex 6.31428 15.244 12.3522
    endloop
  endfacet
  facet normal -5.5465e-07 -0.5 0.866025
    outer loop
      vertex 7.77805 14.5517 11.9525
      vertex 5.59884 15.5 12.5
      vertex 14.7947 -7.26426 -0.642949
    endloop
  endfacet
  facet normal 0 -0.5 0.866025
    outer loop
      vertex -5.59884 15.5 12.5
      vertex 14.7947 -7.26426 -0.642949
      vertex 5.59884 15.5 12.5
    endloop
  endfacet
  facet normal 9.04989e-06 -0.500015 0.866017
    outer loop
      vertex -7.77805 14.5517 11.9525
      vertex -5.59884 15.5 12.5
      vertex -6.31428 15.244 12.3522
    endloop
  endfacet
  facet normal 3.28923e-07 -0.5 0.866026
    outer loop
      vertex -5.59884 15.5 12.5
      vertex -7.77805 14.5517 11.9525
      vertex 14.7947 -7.26426 -0.642949
    endloop
  endfacet
  facet normal 1.69518e-05 -0.499987 0.866033
    outer loop
      vertex -9.16691 13.7192 11.4719
      vertex 14.7947 -7.26426 -0.642949
      vertex -7.77805 14.5517 11.9525
    endloop
  endfacet
  facet normal -1.57563e-05 -0.500015 0.866017
    outer loop
      vertex -10.4675 12.7547 10.915
      vertex 14.7947 -7.26426 -0.642949
      vertex -9.16691 13.7192 11.4719
    endloop
  endfacet
  facet normal 3.54315e-06 -0.499997 0.866027
    outer loop
      vertex -11.6673 11.6673 10.2872
      vertex 14.7947 -7.26426 -0.642949
      vertex -10.4675 12.7547 10.915
    endloop
  endfacet
  facet normal -4.59151e-06 -0.500005 0.866022
    outer loop
      vertex -12.7547 10.4675 9.59448
      vertex 14.7947 -7.26426 -0.642949
      vertex -11.6673 11.6673 10.2872
    endloop
  endfacet
  facet normal 1.5791e-06 -0.499998 0.866027
    outer loop
      vertex -13.7192 9.16691 8.84359
      vertex 14.7947 -7.26426 -0.642949
      vertex -12.7547 10.4675 9.59448
    endloop
  endfacet
  facet normal -1.69326e-05 -0.499993 0.866029
    outer loop
      vertex -15 6.8302 7.49449
      vertex -13.7192 9.16691 8.84359
      vertex -14.5517 7.77805 8.04173
    endloop
  endfacet
  facet normal -8.8931e-09 -0.5 0.866025
    outer loop
      vertex -13.7192 9.16691 8.84359
      vertex -15 6.8302 7.49449
      vertex 14.7947 -7.26426 -0.642949
    endloop
  endfacet
  facet normal 0 -0.5 0.866025
    outer loop
      vertex 14.7947 -7.26426 -0.642949
      vertex -15 6.8302 7.49449
      vertex -14.7947 -7.26426 -0.642949
    endloop
  endfacet
  facet normal -2.69228e-06 -0.5 0.866025
    outer loop
      vertex -14.7947 -7.26426 -0.642949
      vertex -15 6.8302 7.49449
      vertex -15 -6.8302 -0.392345
    endloop
  endfacet
  facet normal 2.56123e-06 0.499999 -0.866026
    outer loop
      vertex 13.7886 13.7886 6.89311
      vertex 15 46.2643 25.6429
      vertex 15 12.452 6.12143
    endloop
  endfacet
  facet normal -1.16431e-05 0.499999 -0.866026
    outer loop
      vertex 12.3707 15.0737 7.63508
      vertex 15 46.2643 25.6429
      vertex 13.7886 13.7886 6.89311
    endloop
  endfacet
  facet normal 1.39646e-05 0.499997 -0.866027
    outer loop
      vertex 10.8336 16.2137 8.29323
      vertex 15 46.2643 25.6429
      vertex 12.3707 15.0737 7.63508
    endloop
  endfacet
  facet normal -2.19582e-06 0.499999 -0.866026
    outer loop
      vertex 9.19224 17.1975 8.86123
      vertex 15 46.2643 25.6429
      vertex 10.8336 16.2137 8.29323
    endloop
  endfacet
  facet normal 2.94908e-06 0.499998 -0.866026
    outer loop
      vertex 7.46233 18.0157 9.33361
      vertex 15 46.2643 25.6429
      vertex 9.19224 17.1975 8.86123
    endloop
  endfacet
  facet normal -2.24141e-05 0.500003 -0.866023
    outer loop
      vertex 5.66055 18.6603 9.70582
      vertex 15 46.2643 25.6429
      vertex 7.46233 18.0157 9.33361
    endloop
  endfacet
  facet normal 6.98632e-06 0.499996 -0.866028
    outer loop
      vertex 3.80426 19.1253 9.97427
      vertex 15 46.2643 25.6429
      vertex 5.66055 18.6603 9.70582
    endloop
  endfacet
  facet normal -4.68257e-06 0.5 -0.866026
    outer loop
      vertex 1.91133 19.4061 10.1364
      vertex 15 46.2643 25.6429
      vertex 3.80426 19.1253 9.97427
    endloop
  endfacet
  facet normal 5.69911e-06 0.499996 -0.866028
    outer loop
      vertex 0 19.5 10.1906
      vertex 15 46.2643 25.6429
      vertex 1.91133 19.4061 10.1364
    endloop
  endfacet
  facet normal -5.69911e-06 0.499996 -0.866028
    outer loop
      vertex -15 46.2643 25.6429
      vertex 0 19.5 10.1906
      vertex -1.91133 19.4061 10.1364
    endloop
  endfacet
  facet normal 4.68257e-06 0.5 -0.866026
    outer loop
      vertex -15 46.2643 25.6429
      vertex -1.91133 19.4061 10.1364
      vertex -3.80426 19.1253 9.97427
    endloop
  endfacet
  facet normal -6.98632e-06 0.499996 -0.866028
    outer loop
      vertex -15 46.2643 25.6429
      vertex -3.80426 19.1253 9.97427
      vertex -5.66055 18.6603 9.70582
    endloop
  endfacet
  facet normal 2.24141e-05 0.500003 -0.866023
    outer loop
      vertex -15 46.2643 25.6429
      vertex -5.66055 18.6603 9.70582
      vertex -7.46233 18.0157 9.33361
    endloop
  endfacet
  facet normal -2.94908e-06 0.499998 -0.866026
    outer loop
      vertex -15 46.2643 25.6429
      vertex -7.46233 18.0157 9.33361
      vertex -9.19224 17.1975 8.86123
    endloop
  endfacet
  facet normal 2.19582e-06 0.499999 -0.866026
    outer loop
      vertex -15 46.2643 25.6429
      vertex -9.19224 17.1975 8.86123
      vertex -10.8336 16.2137 8.29323
    endloop
  endfacet
  facet normal -1.39646e-05 0.499997 -0.866027
    outer loop
      vertex -15 46.2643 25.6429
      vertex -10.8336 16.2137 8.29323
      vertex -12.3707 15.0737 7.63508
    endloop
  endfacet
  facet normal 1.16431e-05 0.499999 -0.866026
    outer loop
      vertex -15 46.2643 25.6429
      vertex -12.3707 15.0737 7.63508
      vertex -13.7886 13.7886 6.89311
    endloop
  endfacet
  facet normal -2.56123e-06 0.499999 -0.866026
    outer loop
      vertex -15 46.2643 25.6429
      vertex -13.7886 13.7886 6.89311
      vertex -15 12.452 6.12143
    endloop
  endfacet
  facet normal 0 0.499998 -0.866026
    outer loop
      vertex 0 19.5 10.1906
      vertex -15 46.2643 25.6429
      vertex 15 46.2643 25.6429
    endloop
  endfacet
  facet normal -1.79859e-05 0.499999 -0.866026
    outer loop
      vertex 15 -5.26426 -4.10705
      vertex 14.5517 7.77805 3.42293
      vertex 15 6.8302 2.87568
    endloop
  endfacet
  facet normal -1.58005e-06 0.5 -0.866025
    outer loop
      vertex 15 -5.26426 -4.10705
      vertex 13.7192 9.16691 4.22479
      vertex 14.5517 7.77805 3.42293
    endloop
  endfacet
  facet normal 6.1168e-06 0.5 -0.866025
    outer loop
      vertex 15 -5.26426 -4.10705
      vertex 12.7547 10.4675 4.97568
      vertex 13.7192 9.16691 4.22479
    endloop
  endfacet
  facet normal 1.36169e-05 0.500001 -0.866025
    outer loop
      vertex 15 -5.26426 -4.10705
      vertex 11.6673 11.6673 5.66837
      vertex 12.7547 10.4675 4.97568
    endloop
  endfacet
  facet normal -5.69495e-07 0.499999 -0.866026
    outer loop
      vertex 15 -5.26426 -4.10705
      vertex 10.4675 12.7547 6.29618
      vertex 11.6673 11.6673 5.66837
    endloop
  endfacet
  facet normal -3.83182e-05 0.499992 -0.86603
    outer loop
      vertex 15 -5.26426 -4.10705
      vertex 9.16691 13.7192 6.85308
      vertex 10.4675 12.7547 6.29618
    endloop
  endfacet
  facet normal 1.92327e-05 0.500005 -0.866022
    outer loop
      vertex 15 -5.26426 -4.10705
      vertex 7.77805 14.5517 7.3337
      vertex 9.16691 13.7192 6.85308
    endloop
  endfacet
  facet normal -2.88131e-07 0.5 -0.866025
    outer loop
      vertex 15 -5.26426 -4.10705
      vertex 6.31428 15.244 7.7334
      vertex 7.77805 14.5517 7.3337
    endloop
  endfacet
  facet normal -3.62401e-06 0.499999 -0.866026
    outer loop
      vertex 15 -5.26426 -4.10705
      vertex 4.7897 15.7895 8.04835
      vertex 6.31428 15.244 7.7334
    endloop
  endfacet
  facet normal 2.34995e-05 0.500009 -0.86602
    outer loop
      vertex 15 -5.26426 -4.10705
      vertex 3.21899 16.183 8.2755
      vertex 4.7897 15.7895 8.04835
    endloop
  endfacet
  facet normal -3.5117e-05 0.499985 -0.866034
    outer loop
      vertex 15 -5.26426 -4.10705
      vertex 1.61728 16.4205 8.41268
      vertex 3.21899 16.183 8.2755
    endloop
  endfacet
  facet normal 1.62627e-05 0.500008 -0.866021
    outer loop
      vertex 15 -5.26426 -4.10705
      vertex 0 16.5 8.45855
      vertex 1.61728 16.4205 8.41268
    endloop
  endfacet
  facet normal -1.5197e-05 0.499992 -0.86603
    outer loop
      vertex 15 -5.26426 -4.10705
      vertex -1.61728 16.4205 8.41268
      vertex 0 16.5 8.45855
    endloop
  endfacet
  facet normal 2.86476e-05 0.500017 -0.866015
    outer loop
      vertex 15 -5.26426 -4.10705
      vertex -3.21899 16.183 8.2755
      vertex -1.61728 16.4205 8.41268
    endloop
  endfacet
  facet normal -1.67098e-05 0.499988 -0.866032
    outer loop
      vertex 15 -5.26426 -4.10705
      vertex -4.7897 15.7895 8.04835
      vertex -3.21899 16.183 8.2755
    endloop
  endfacet
  facet normal 0 0.5 -0.866025
    outer loop
      vertex -15 -5.26426 -4.10705
      vertex -4.7897 15.7895 8.04835
      vertex 15 -5.26426 -4.10705
    endloop
  endfacet
  facet normal 3.62401e-06 0.499999 -0.866026
    outer loop
      vertex -4.7897 15.7895 8.04835
      vertex -15 -5.26426 -4.10705
      vertex -6.31428 15.244 7.7334
    endloop
  endfacet
  facet normal 2.88131e-07 0.5 -0.866025
    outer loop
      vertex -6.31428 15.244 7.7334
      vertex -15 -5.26426 -4.10705
      vertex -7.77805 14.5517 7.3337
    endloop
  endfacet
  facet normal -1.92327e-05 0.500005 -0.866022
    outer loop
      vertex -7.77805 14.5517 7.3337
      vertex -15 -5.26426 -4.10705
      vertex -9.16691 13.7192 6.85308
    endloop
  endfacet
  facet normal 3.83182e-05 0.499992 -0.86603
    outer loop
      vertex -9.16691 13.7192 6.85308
      vertex -15 -5.26426 -4.10705
      vertex -10.4675 12.7547 6.29618
    endloop
  endfacet
  facet normal 5.69495e-07 0.499999 -0.866026
    outer loop
      vertex -10.4675 12.7547 6.29618
      vertex -15 -5.26426 -4.10705
      vertex -11.6673 11.6673 5.66837
    endloop
  endfacet
  facet normal -1.36169e-05 0.500001 -0.866025
    outer loop
      vertex -11.6673 11.6673 5.66837
      vertex -15 -5.26426 -4.10705
      vertex -12.7547 10.4675 4.97568
    endloop
  endfacet
  facet normal -6.1168e-06 0.5 -0.866025
    outer loop
      vertex -12.7547 10.4675 4.97568
      vertex -15 -5.26426 -4.10705
      vertex -13.7192 9.16691 4.22479
    endloop
  endfacet
  facet normal 1.58005e-06 0.5 -0.866025
    outer loop
      vertex -13.7192 9.16691 4.22479
      vertex -15 -5.26426 -4.10705
      vertex -14.5517 7.77805 3.42293
    endloop
  endfacet
  facet normal 1.79859e-05 0.499999 -0.866026
    outer loop
      vertex -14.5517 7.77805 3.42293
      vertex -15 -5.26426 -4.10705
      vertex -15 6.8302 2.87568
    endloop
  endfacet
  facet normal -8.83402e-06 -0.866026 -0.5
    outer loop
      vertex -15 -5.26426 -4.10705
      vertex -14.7947 -7.26426 -0.642949
      vertex -15 -6.8302 -1.39476
    endloop
  endfacet
  facet normal 0 -0.866025 -0.5
    outer loop
      vertex -14.7947 -7.26426 -0.642949
      vertex -15 -5.26426 -4.10705
      vertex 14.7947 -7.26426 -0.642949
    endloop
  endfacet
  facet normal -0 -0.866025 -0.5
    outer loop
      vertex 15 -5.26426 -4.10705
      vertex 14.7947 -7.26426 -0.642949
      vertex -15 -5.26426 -4.10705
    endloop
  endfacet
  facet normal 8.83402e-06 -0.866026 -0.5
    outer loop
      vertex 14.7947 -7.26426 -0.642949
      vertex 15 -5.26426 -4.10705
      vertex 15 -6.8302 -1.39476
    endloop
  endfacet
  facet normal 0 0.866025 0.5
    outer loop
      vertex 15 46.2643 25.6429
      vertex -15 44.2643 29.107
      vertex 15 44.2643 29.107
    endloop
  endfacet
  facet normal 0 0.866025 0.5
    outer loop
      vertex -15 44.2643 29.107
      vertex 15 46.2643 25.6429
      vertex -15 46.2643 25.6429
    endloop
  endfacet
endsolid OpenSCAD_Model
